symptoms,label,disease
i noticed mucus on gills not eating properly less active than usual it happens mostly at night,2,Bacterial gill disease
fish looks stressed fluffy fungus near wound what disease is this fins are clamped i noticed...,3,Fungal diseases Saprolegniasis
gasping at water surface mucus on gills hiding in corner new fish added recently flashing behavior other fish look normal,2,Bacterial gill disease
filter was off for few hours fish keeps scratching fish looks tired is it serious for 2 days breathing faster than normal...,5,Parasitic diseases
"today i saw skin looks reddish, damaged small blood marks on scales getting worse",0,Bacterial Red disease
it happens mostly at night color looks dull white mold on fins problem,3,Fungal diseases Saprolegniasis
tail turning white tank was cleaned yesterday problem is getting worse staying at bottom,6,Viral diseases White tail disease
not eating properly slow swimming please help fish showing gasping at water surface red wounds on belly oxygen level may be low,0,Bacterial Red disease
Scratching against rocks loss of appetite,5,Parasitic diseases
smooth scales swims fine most of the time one fish has...,4,Healthy Fish
today i saw fluid filled belly bloated abdomen slow swimming small blood marks on scales please help...?,1,Bacterial diseases - Aeromoniasis
pH may be unstable fish showing white coton like growth is it serious...,3,Fungal diseases Saprolegniasis
i noticed fish opens mouth repeatedly slow swimming red sores near fins is it serious,2,Bacterial gill disease
milky wite tail tail end looks dead less active than usual feed was changed recently is it serious,6,Viral diseases White tail disease
since yesterday normal appetite it happens mostly at night,4,Healthy Fish
today i saw fungal growth on skin mold like growth on tail breathing faster than normal red wounds on belly what disease this,3,Fungal diseases Saprolegniasis
one fish has rubbing body on tank wall tiny salt like dots started recently,5,Parasitic diseases
problem red wounds on belly bleeding marks on skin not eating properly fish looks stressed filter was off for few hours mucus on gills other fish look normal,0,Bacterial Red disease
loss of apetite other fish look normal new fish added recently fish looks stressed one fish has white cottn like growth white cottn like growth?,3,Fungal diseases Saprolegniasis
popeye getting worse in my aquarium popeye tail end looks dead,1,Bacterial diseases - Aeromoniasis
fish keeps scratching color looks dull?,5,Parasitic diseases
is it serious fish was moved to new tank i noticed breathing faster than normal body ulcers,1,Bacterial diseases - Aeromoniasis
in my aquarium popeye popeye color looks dull water smells bad it serious,1,Bacterial diseases - Aeromoniasis
active and eating well?,4,Healthy Fish
my fish has healthy fins swims fine most of the time please help,4,Healthy Fish
I noticed weak swimming with whit taill white discoloration on tail loss of appetite slow swimming water temperature changed only one fish affected,6,Viral diseases White tail disease
Fuzzy wite patches color looks dull,3,Fungal diseases Saprolegniasis
deep skin ulcers sometimes floating near surface,1,Bacterial diseases - Aeromoniasis
bloody red spots abnormal swimming,0,Bacterial Red disease
my fish white cotton like growth less active than usual weak movement weak swimming with white tail started recently,3,Fungal diseases Saprolegniasis
HIDING IN CORNER GETTING WORSE MY FISH HAS BLEEDING MARKS ON SKIN DOES NOT REACT MUCH,0,Bacterial Red disease
active and eating well i noticed,4,Healthy Fish
normal breathing one fish not sure what happened,4,Healthy Fish
skin looks reddish and damaged not eating properly one fish bleeding marks on skin what disease is this,0,Bacterial Red disease
since yesterday deep skin ulcers fish looks stressed other fish look normal,1,Bacterial diseases - Aeromoniasis
fungal growth on skin water temperature changed hiding in corner fuzzy white patches in my aquarium...,3,Fungal diseases Saprolegniasis
bloody red spots in my aquarium abnormal swimming deep skin ulcers,1,Bacterial diseases - Aeromoniasis
tank was cleaned yesterday red wounds with swelling hiding in corner getting worse,1,Bacterial diseases - Aeromoniasis
mold like growth on tail hiding in corner...,3,Fungal diseases Saprolegniasis
one fish has scales sticking out dropsy like swelling color looks dull weak swimming with white tail...,1,Bacterial diseases - Aeromoniasis
sometimes floating near surface taill turning white pale gills i noticed fish looks stressed water temperature changed other fish look normal,6,Viral diseases White tail disease
IT HAPPENS MOSTLY AT NIGHT ACTIVE AND EATING WELL SINCE YESTERDAY,4,Healthy Fish
SINCE YESTERDAY RED WOUNDS WITH SWELLING BRETHING FASTER THAN NORMAL FISH LOOKS TIRED TAIL FIN BECOMING PALE PLEASE HELP,1,Bacterial diseases - Aeromoniasis
SINCE YESTERDAY RED WOUNDS ON BELLY BREATHING FASTER THAN NORMAL WATER IS SLIGHTLY DIRTY ONLY ONE FISH AFFECTED,0,Bacterial Red disease
fish opens mouth repeatedly fish looks stressed feed was changed recently not sure what happened,2,Bacterial gill disease
today i saw red streaks around tail small blood marks on scales breathing faster than normal feed was changed recently not sure what happened,0,Bacterial Red disease
one fish mold like growth on tail fins are clamped please help white hairy patch,3,Fungal diseases Saprolegniasis
please help i noticed swims fine most of the time smooth scales,4,Healthy Fish
Loss of appitite filter was off for few hours,1,Bacterial diseases - Aeromoniasis
Since yesterday swollen belly sometimes floating near surface not sure what happened,1,Bacterial diseases - Aeromoniasis
color looks dull i noticed what disease is this white spots on body gills look damaged water smells bad fish looks stressed gills look damaged,2,Bacterial gill disease
Tank was cleaned yesterday since yesterday swims fine most of the time fish looks helthy other fish look normal,4,Healthy Fish
i noticed fish looks bloated and weak dropsy like swelling what diesase is this,1,Bacterial diseases - Aeromoniasis
tail turning white not eating properly color looks dull today i saw only one fish affected milky white tail,6,Viral diseases White tail disease
Color looks dull tank has algae,2,Bacterial gill disease
today i saw small blood marks on scales bloody red spots staying at bottom sometimes floating near surface pH may be unstable other fish look normal,0,Bacterial Red disease
my fish has red sores near fins bleeding marks on skin slow swimming slow swimming please help,0,Bacterial Red disease
fish showing gills look damaged swollen gills fish looks tired started recently?,2,Bacterial gill disease
fins are clamped scales sticking out for 2 days bloody red spots is it serious,1,Bacterial diseases - Aeromoniasis
one fish has white taill tip abnormal swimming not eating properly started recently,6,Viral diseases White tail disease
tail rot like white area fins are clamped...,6,Viral diseases White tail disease
it happens mostly at night fish looks stressed in my aquarium breathing difficulty,2,Bacterial gill disease
today i saw active and eating well started recently,4,Healthy Fish
fish looks stressed only one fish affected inflamed red areas my fish has hiding in corner small blood marks on scales,0,Bacterial Red disease
hiding in corner fish looks bloated weak,1,Bacterial diseases - Aeromoniasis
fuzzy white patches fins are clamped,3,Fungal diseases Saprolegniasis
fluffy fungus near wound hiding in corner...,3,Fungal diseases Saprolegniasis
Bloated abdomen weak movement,1,Bacterial diseases - Aeromoniasis
white hairy patch loss of appetite does not react much new fish added recently it happens mostly at night,3,Fungal diseases Saprolegniasis
is it serious in my aquarium parasites attached to skin staying at bottom tank was cleaned yesterday scratching against rocks milky white tail...,5,Parasitic diseases
my fish has wite discoloration on tail slow swimming sometimes floating near surfac started recently,6,Viral diseases White tail disease
in my aquarium wite tail tip staying at bottom less active than usual started recently,6,Viral diseases White tail disease
smooth scales,4,Healthy Fish
problem is red patches on body red wounds on belly does not react much tank has algae only one fish affected,0,Bacterial Red disease
is it serious fish looks bloated and weak weak movement my fish has,1,Bacterial diseases - Aeromoniasis
fish was moved to new tank less active than usual?,6,Viral diseases White tail disease
DOES NOT REACT MUCH GETTING WORSE ONE FISH HAS SMALL BLOOD MARKS ON SCALES,0,Bacterial Red disease
since yesterday smooth scales it happens mostly at night,4,Healthy Fish
LESS ACTIVE THAN USUAL PALE GILLS FISH OPENS MOUTH REPEATEDLY PH MAY BE UNSTABLE IS IT SERIOUS PROBLEM IS,2,Bacterial gill disease
sometimes floating near serface ammonia may be high,2,Bacterial gill disease
fish looks tired mold growth on tail,3,Fungal diseases Saprolegniasis
abnormal swimming filter was off for few hours,0,Bacterial Red disease
since yesterday is it serious normal appetite water is cloudy,4,Healthy Fish
since yesterday red streaks around tail color looks dull other fish look normal,0,Bacterial Red disease
red sores near fins slow swimming...,0,Bacterial Red disease
Problem is flashing behavior only one fish affected,5,Parasitic diseases
for 2 days white hairy patch fish looks tired please help...,3,Fungal diseases Saprolegniasis
slow swimming tank has algae,1,Bacterial diseases - Aeromoniasis
healthy fins sometimes stays still only one fish affected,4,Healthy Fish
Fluffy fungus near wound staying at bottom?,3,Fungal diseases Saprolegniasis
i noticed bloody red spots weak movement water temperature changed getting worse...,0,Bacterial Red disease
problem is red streaks around tail red wounds belly abnormal swimming other fish look normal,0,Bacterial Red disease
getting worse tail end looks dead tail rot like wite area weak movement filter was off for few hours since yesterday...,6,Viral diseases White tail disease
white hairy patch started recently i noticed fluid filled belly deep skin ulcers,1,Bacterial diseases - Aeromoniasis
one fish has mold like growth on tail fuzzy white patches is it serious...,3,Fungal diseases Saprolegniasis
IN MY AQUARIUM TAIL TISSUE DAMAGED HIDING IN CORNER WEAK MOVEMENT WATER TEMPERATURE CHANGED GETTING WORSE,6,Viral diseases White tail disease
One fish has tail fin becoming pale fins are clamped tank was cleaned yesterday white mold on fins not sure what happened,6,Viral diseases White tail disease
gills look damaged fish looks stressed,2,Bacterial gill disease
does not react much not eating properly what desease is this white cotton like growth fish keeps scratching fish showing,5,Parasitic diseases
problem is tail end looks dead is it serious,6,Viral diseases White tail disease
today i saw bleeding marks on skin red wounds on belly staying at bottom not sure what happened,0,Bacterial Red disease
in my aquarium dropsy like swelling body ulcers hiding in corner water is slightly dirty is it serious,1,Bacterial diseases - Aeromoniasis
weak swimming with white tail...,6,Viral diseases White tail disease
for 2 days hiding in corner after water change slow swimming red patches on body,0,Bacterial Red disease
for 2 days activ and eating well swims fine most of the time is it serious,4,Healthy Fish
fish showing brown gill color pale gills slow swimming breathing faster than normal deep skin ulcerss getting worse,2,Bacterial gill disease
fish showing fuzzy white patches fins are clamped loss of appitite tank was cleaned yesterday,3,Fungal diseases Saprolegniasis
my fish has mold like growth on tail white mold on fins fish looks stressed fins clamped not sure what happened,3,Fungal diseases Saprolegniasis
in my aquarium fish opens mouth repeatedly mucus on gills fins are clamped staying at bottom it happens mostly at night,2,Bacterial gill disease
not eating properly fish showing started recently bleeding marks on skin after water change...,0,Bacterial Red disease
fluid filled belly color looks dull red wounds with swelling today i saw fish looks stressed,1,Bacterial diseases - Aeromoniasis
white discoloration on tail less active than usual,6,Viral diseases White tail disease
i noticed fish swimming normally only one fish affected,4,Healthy Fish
inflamed red areas fish looks stressed,0,Bacterial Red disease
FISH SHOWING SKIN LOOKS REDDISH AND DAMAGED SKIN LOOKS REDDISH AND DAMAGED HIDING IN CORNER,0,Bacterial Red disease
please help loss of appetite problem is white mold on fins tank was cleaned yesterday...,3,Fungal diseases Saprolegniasis
for 2 days flashing behavior slow swimming not sure what happened?,5,Parasitic diseases
fish showing cotton wool growth fungal growth on skin abnormal swimming getting worse?,3,Fungal diseases Saprolegniasis
fish looks stressed tail rot like white area,6,Viral diseases White tail disease
In my aquarium weak swimming with white tail fish looks tired weak movement swollen belly please help,6,Viral diseases White tail disease
my fish has milky white tail tank was cleaned yesterday scratching against rocks not sure what happened,6,Viral diseases White tail disease
Fish looks tired fish opens mouth repeatedly?,2,Bacterial gill disease
fish looks stressed fish was moved to new tank is it serious tail rot like white area fish looks stressed for 2 days,6,Viral diseases White tail disease
fish showing fluffy fungus near wound fuzzy wite patches hiding in corner flashing behavior other fish look normal,3,Fungal diseases Saprolegniasis
my fish has red patches on body bleeding marks on skin loss of appitite red wounds with swelling not sure what happened,0,Bacterial Red disease
clear eyes,4,Healthy Fish
color looks dull feed was changed recently,5,Parasitic diseases
MY FISH HAS RED PATCHES BODY LESS ACTIVE THAN USUAL WATER IS SLIGHTLY DIRTY PARASITES ATTACHED TO SKIN IT HAPPENS MOSTLY AT NIGHT,0,Bacterial Red disease
fluid filled belly abnormal swimming,1,Bacterial diseases - Aeromoniasis
today i saw white cotton like growth fungus on body fish looks stressed less active than usual red wounds swelling not sure what happened,3,Fungal diseases Saprolegniasis
it happens mostly at night color looks dull hiding in corner problem is mucus on gills oxygen level may be low,2,Bacterial gill disease
not sure what happened red wounds on belly hiding in corner fish looks stressed problem is?,0,Bacterial Red disease
since yesterday small blood marks on scales breathing faster than normal filter was off for few hours what disease is this...,0,Bacterial Red disease
bloody red spots one fish has fish looks tired please help fish looks tired small blood marks on scales,0,Bacterial Red disease
problem is smooth scales eats a little slow but normal getting worse...,4,Healthy Fish
today i saw red sores near fins red patches on body hiding in corner fins are clamped water is slightly dirty dropsy like swelling it happens mostly at night...?,0,Bacterial Red disease
white cotton like growth color looks dull,3,Fungal diseases Saprolegniasis
fish showing visible lice on fish hiding in corner tank was cleaned yesterday please help,5,Parasitic diseases
red patches on body brething faster than normal,0,Bacterial Red disease
"is it serious active, eating well my fish has",4,Healthy Fish
small blood marks on scales loss of apetite sometimes floating near surface is it serious,0,Bacterial Red disease
My fish has inflamed red areas skin looks reddish and damaged fish looks tired after water change fluid filled belly started recently,0,Bacterial Red disease
one fish has red wounds on belly bloody red spots hiding in corner what disease is this,0,Bacterial Red disease
cotton wool growth slow swimming,3,Fungal diseases Saprolegniasis
fish looks healthy,4,Healthy Fish
scales sticking out loss of appetite,1,Bacterial diseases - Aeromoniasis
FLASHING BEHAVIOR PARASITES ATTACHED TO SKIN FISH LOOKS TIRED,5,Parasitic diseases
started recently no red spots no visible wounds in my aquarium,4,Healthy Fish
Fish showing inflamed red areas bloody red spots sometimes floating near surface loss of appetite fungal growth on skin other fish look normal,0,Bacterial Red disease
since yesterday red streaks around taill staying at bottom water is slightly dirty not sure what happened,0,Bacterial Red disease
gill look damaged what disease is this fish opens mouth repeatedly staying at bottom my fish,2,Bacterial gill disease
NOT SURE WHAT HAPPENED INFLAMED RED AREAS WEAK MOVEMENT SINCE YESTERDAY LESS ACTIVE THAN USUAL RED ULCERS ON BODY,0,Bacterial Red disease
today i saw gasping at water surface other fish look normal,2,Bacterial gill disease
tail tissue damaged breathing faster than normal,6,Viral diseases White tail disease
Problem is fish swimming normally not sure what happened,4,Healthy Fish
today i saw milky white tail tail end looks dead breathin faster than normal new fish added recently getting worse...,6,Viral diseases White tail disease
in my aquarium scales sticking out swollen belly slow swimming what disease is this?,1,Bacterial diseases - Aeromoniasis
fish keeps scratching feed was changed recently started recently fuzzy whit patches fish looks tired one fish has,3,Fungal diseases Saprolegniasis
i noticed white mold on fins fuzzy white patches filter was off for few hours please help,3,Fungal diseases Saprolegniasis
mold like growth on tail grey whit fungus does not react much weak movement inflamed red areas please help...,3,Fungal diseases Saprolegniasis
in my aquarium fluid filled belly fish looks stressed fins are clamped not sure what happened,1,Bacterial diseases - Aeromoniasis
fish showing healthy fins swims fine most of the time not sure what happened,4,Healthy Fish
it happens mostly at night scales sticking out fluid filled belly not eating properly today i saw water is slightly dirty,1,Bacterial diseases - Aeromoniasis
visible lice on fish fish keeps scratching breathing faster than normal,5,Parasitic diseases
one fish has swollen gills mucus gill loss of appetite slow swimming what disease is this,2,Bacterial gill disease
since yesterday deep skin ulcers fish looks bloated and weak does not react much water is slightly dirty started recently,1,Bacterial diseases - Aeromoniasis
less active than usual fish was moved to new tank...,5,Parasitic diseases
fish looks stressed feed was changed recently,2,Bacterial gill disease
bloated abdomen fins are clamped...,1,Bacterial diseases - Aeromoniasis
i noticed red streaks around tail red streaks around taill not eating properly feed was changed recently it serious,0,Bacterial Red disease
fish showing wite patch starting from tail whit tail tip sometimes floating near surface it happens mostly at night,6,Viral diseases White tail disease
fish showing weak swimming with white tail does not react much fungus on body not sure what happened,6,Viral diseases White tail disease
i noticed popeye fish looks tired abnormal swimming only one fish affected,1,Bacterial diseases - Aeromoniasis
slow swimming pH may be unstable...,1,Bacterial diseases - Aeromoniasis
problem is red sores near fins bloody red spots loss of appetite color looks dull is it serious,0,Bacterial Red disease
wite mold on fins white mold on fins less active than usual new fish added recently please help,3,Fungal diseases Saprolegniasis
one fish has rubbing body on tank wall visible lice on fish hiding in corner small blood marks on scales other fish look normal,5,Parasitic diseases
red wounds with swelling problem water temperature changed only one fish affected white patch starting from tail,6,Viral diseases White tail disease
STAYING AT BOTTOM AFTER WATER CHANGE,2,Bacterial gill disease
my fish tail rot like white area loss of appetite please help,6,Viral diseases White tail disease
in my aquarium inflamed red areas does not react much hiding in corner not sure what happened,0,Bacterial Red disease
I NOTICED TAIL FIN BECOMING PALE PH MAY BE UNSTABLE WHAT DISEASE IS THIS,6,Viral diseases White tail disease
since yesterday fuzzy white patches cotton wool growth staying at bottom what disease is this,3,Fungal diseases Saprolegniasis
problem is deep skin ulcers bloated abdomen fish looks stressed sometimes floating near surface fish keeps scratching is it serious,1,Bacterial diseases - Aeromoniasis
one fish has bright body color swims fine most of time it happens mostly at night...,4,Healthy Fish
one fish has loss of appetite breathing difficulty what disease is this...,2,Bacterial gill disease
MY FISH HAS GILLS LOOK DAMAGED GILLS LOOK DAMAGED DOES NOT REACT MUCH WATER IS SLIGHTLY DIRTY,2,Bacterial gill disease
since yesterday taill end looks dead loss of appetite only one fish affected,6,Viral diseases White tail disease
bloody red spots oxygen level may be low fluffy fungus near wound fuzzy white patches since yesterday,3,Fungal diseases Saprolegniasis
popeye breathing faster than normal,1,Bacterial diseases - Aeromoniasis
TODAY I SAW TAIL ROT LIKE WHITE AREA LESS ACTIVE THAN USUAL WATER TEMPERATURE CHANGED WHITE SPOTS ON BODY PLEASE HELP,6,Viral diseases White tail disease
After water change not sure what happened clamped fins fish looks tired staying at bottom scratching against rocks,5,Parasitic diseases
for 2 days rapid gill movement stays near filter outlet less active than usual tail rot like white area only one fish affected,2,Bacterial gill disease
one fish has taill rot like white area weak swimming with white taill abnormal swimming please help,6,Viral diseases White tail disease
slow swimming tank has algae,0,Bacterial Red disease
SLOW SWIMMING WATER IS SLIGHTLY DIRTY...?,6,Viral diseases White tail disease
i noticed dropsy like swelling body ulcers abnormal swimming fish looks tired what disease is this,1,Bacterial diseases - Aeromoniasis
in my aquarium fish swimming normally only resting after feeding is it serious,4,Healthy Fish
in my aquarium breathing difficulty fins are clamped weak movement water smells bad getting worse,2,Bacterial gill disease
in my aquarium red wounds swelling breathing faster than normal oxygen level may be low getting worse,1,Bacterial diseases - Aeromoniasis
loss of appetite today i saw it happens mostly at night feed was changed recently weak swimming with white tail slow swimming,6,Viral diseases White tail disease
for 2 days abnormal swimming what disease is this ammonia may be high staying at bottom fish keeps scratching,5,Parasitic diseases
In my aquarium fuzzy white patches hiding in corner tank was cleaned yesterday,3,Fungal diseases Saprolegniasis
i noticed fish was moved to new tank only one fish affected visible lice on fish staying at bottom?,5,Parasitic diseases
since yesterday active and eating well,4,Healthy Fish
FISH SHOWING FISH LOOKS BLOATED AND WEAK POPEYE DOES NOT REACT MUCH STAYING AT BOTTOM AMMONIA MAY BE HIGH IS IT SERIOUS,1,Bacterial diseases - Aeromoniasis
fish keeps scratching my fish has it happens mostly at night gasping at water surface abnormal swimming,5,Parasitic diseases
IN MY AQUARIUM SCALES STICKING OUT POPEYE SOMETIMES FLOATING NEAR SURFACE FILTER WAS OFF FOR FEW HOURS STARTED RECENTLY,1,Bacterial diseases - Aeromoniasis
less aktive than usual water is cloudy,5,Parasitic diseases
tail rot like white area breathing faster than normal,6,Viral diseases White tail disease
clear eyes fish showing filter was off for few hours not sure what happened no red spots,4,Healthy Fish
today i saw white spots on body scratching against rocks not eating properly after water change getting worse,5,Parasitic diseases
Problem is stays near filter outlet does not react much other fish look normal,2,Bacterial gill disease
white mold fins does not react much other fish look normal...,3,Fungal diseases Saprolegniasis
since yesterday fluffy fungus wound cotton wool growth fish looks stressed loss of apetite fluid filled belly please help,3,Fungal diseases Saprolegniasis
hiding in corner fish looks stressed white mold on fins tail rot like white area...,6,Viral diseases White tail disease
fish showing parasites attached to skin bleeding marks on skin fish looks stressed abnormal swimming scratching against rocks,5,Parasitic diseases
Fish showing fish looks bloated and weak red wounds with swelling sometimes floating surface tank was cleaned yesterday other fish look normal,1,Bacterial diseases - Aeromoniasis
fish keeps scratching hiding in corner fish looks tired ammonia may be high only one fish affected red ulcers on body problem,0,Bacterial Red disease
"in my aquarium active, eating well only resting after feeding new fish added recently getting worse",4,Healthy Fish
Fish showing deep skin ulcers swollen belly sometimes floating near surface staying at bottom getting worse,1,Bacterial diseases - Aeromoniasis
problem is fluffy fungus near wound fluffy fungus wound hiding in corner only one fish affected,3,Fungal diseases Saprolegniasis
Problem is smooth scales no swelling,4,Healthy Fish
problem is bright body color water temperature changed not sure what happened,4,Healthy Fish
inflamed red areas fins are clamped...,0,Bacterial Red disease
my fish has popeye color looks dull fish looks stressed ammonia may be high other fish look normal?,1,Bacterial diseases - Aeromoniasis
Tail rot like white area less active than usual,6,Viral diseases White tail disease
problem is white cotton like growth white cotton like growth hiding in corner breathing faster than normal,3,Fungal diseases Saprolegniasis
my fish has fish opens mouth repeatedly less active than usual water is slightly dirty started recently,2,Bacterial gill disease
since yesterday healthy fins no breathing issue it happens mostly at night,4,Healthy Fish
since yesterday red wounds with swelling body ulcers color looks dull tank has algae not sure what happened,1,Bacterial diseases - Aeromoniasis
TODAY I SAW SMOOTH SCALES ONLY RESTING AFTER FEEDING WHAT DISEASE IS THIS,4,Healthy Fish
does not react much other fish look normal sometimes floating near surface since yesterday dropsy like swelling,1,Bacterial diseases - Aeromoniasis
white mold on fins white cotton growth is it serious new fish added recently slow swimming for 2 days?,3,Fungal diseases Saprolegniasis
i noticed milky white tail tail turning white weak movement hiding in corner whit cotton like growth please help,6,Viral diseases White tail disease
tail rot like white area fish showing what disease is this white tail tip?,6,Viral diseases White tail disease
loss of appetite fish was moved to new tank cotton wool growth one fish has getting worse rubbing body on tank wall,3,Fungal diseases Saprolegniasis
problem is mucus on gills only one fish affected,2,Bacterial gill disease
Water is cloudy fish looks stressed,3,Fungal diseases Saprolegniasis
not eating properly water temperature changed,2,Bacterial gill disease
for 2 days milky white tail staying at bottom water smells bad what disease is this,6,Viral diseases White tail disease
bright body color,4,Healthy Fish
DOES NOT REACT MUCH SWOLLEN GILLS FOR 2 DAYS IT HAPPENS MOSTLY AT NIGHT NEW FISH ADDED RECENTLY,2,Bacterial gill disease
my fish has less active than usual sometimes floating near serface please help cotton wool growth weak swimming with white teil tail turning white,6,Viral diseases White tail disease
I NOTICED BRIGHT BODY COLOR AFTER WATER CHANGE STARTED RECENTLY,4,Healthy Fish
color looks dull rubbing body on tank wall fish showing oxygen level may be low only one fish affected abnormal swimming parasites attached to skin,5,Parasitic diseases
abnormal swimming i noticed red patches on body other fish look normal red ulcers on body...,0,Bacterial Red disease
since yesterday inflamed red areas red wounds on belly started recently breathing faster than normal,0,Bacterial Red disease
fish showing small blood marks on scales skin looks reddish and damaged hiding in corner fins are clamped tank has algae please help,0,Bacterial Red disease
"in my aquarium fish looks bloated, weak sometimes floating near surface only one fish affected",1,Bacterial diseases - Aeromoniasis
problem is tail end looks dead fins are clamped staying at bottom water temperature changed please help,6,Viral diseases White tail disease
one fish has fuzzy white patches mold like growth on tail color looks dull fins are clamped please help,3,Fungal diseases Saprolegniasis
Breathing difficulty swollen gills fish looks stressed sometimes floating near surface fish was moved to new tank is it serious,2,Bacterial gill disease
red streaks around teil breathing faster than normal,0,Bacterial Red disease
problem is rubbing body on tank wall sometimes floating near surface only one fish affected,5,Parasitic diseases
for 2 days skin looks reddish damaged weak movement fins are clamped ammonia may be high white discoloration on tail it happens mostly at night,0,Bacterial Red disease
feed was changed recently is it serious milky white tail color looks dull one fish has tail rot like whit area?,6,Viral diseases White tail disease
my fish has fuzzy white patches loss of appetite sometimes floating near surface please help,3,Fungal diseases Saprolegniasis
skin irritation hiding in corner,5,Parasitic diseases
water is cloudy other fish look normal fish showing pale gills does not react much sometimes floating near surface,2,Bacterial gill disease
SINCE YESTERDAY FUNGAS ON BODY FUNGAL GROWTH ON SKIN TANK HAS ALGAE BROWN GILL COLOR,3,Fungal diseases Saprolegniasis
gasping at water surfac other fish look normal today i saw swollen gills,2,Bacterial gill disease
in my aquarium popeye started recently,1,Bacterial diseases - Aeromoniasis
PROBLEM IS FISH SWIMMING NORMALLY NOT SURE WHAT HAPPENED PH MAY BE UNSTABLE,4,Healthy Fish
I noticed smooth scales sometimes stays still what disease is this?,4,Healthy Fish
tail end looks dead less activ than usual...,6,Viral diseases White tail disease
not eating properly feed was changed recently?,1,Bacterial diseases - Aeromoniasis
For 2 days teil fin becoming pale tail end looks dead slow swimming dropsy like swelling getting worse,6,Viral diseases White tail disease
Other fish look normal today i saw staying at bottom red wounds on belly,0,Bacterial Red disease
please help fish showing fish looks healthy,4,Healthy Fish
white mold on fins problem is staying at bottom not sure what happened,3,Fungal diseases Saprolegniasis
today i saw whit spots on body clamped fins less activ than usual what disease is this,5,Parasitic diseases
whit spots on body abnormal swimming,5,Parasitic diseases
popeye fins are clamped,1,Bacterial diseases - Aeromoniasis
fins are clamped tank was cleaned yesterday tail tissue damaged since yesterday is it serious dropsy like swelling body ulcers abnormal swimming...,1,Bacterial diseases - Aeromoniasis
body ulcers weak movement body ulcers what disease is this fish looks tired i noticed?,1,Bacterial diseases - Aeromoniasis
fish looks bloated and weak fins are clamped,1,Bacterial diseases - Aeromoniasis
I NOTICED NORMAL APPETITE NO WHITE SPOTS AFTER WATER CHANGE STARTED RECENTLY...,4,Healthy Fish
problem is rapid gill movement gasping at water surface sometimes floating near surface staying at bottom water smells bad is it serious,2,Bacterial gill disease
problem is fish swimming normally no white spots what disease is this,4,Healthy Fish
color looks dull water is cloudy...,1,Bacterial diseases - Aeromoniasis
"staying at bottom not sure what happened in my aquarium fish looks bloated, weak not eating properly",1,Bacterial diseases - Aeromoniasis
fish showing white spots on body other fish look normal fuzzy white patches weak movement white hairy patch,3,Fungal diseases Saprolegniasis
color looks dull filter was off for few hours,3,Fungal diseases Saprolegniasis
today i saw fish opens mouth repeatedly less active than usual sometimes floating near surface parasites attached to skin is it serious,2,Bacterial gill disease
water is cloudy my fish has color looks dull tail rot like white area getting worse,6,Viral diseases White tail disease
fish showing pale gills swollen gills sometimes floating near surface abnormal swimming oxygen level may be low parasites attached to skin what disease is this,2,Bacterial gill disease
parasites attached to skin is it serious problem is swollen gills,5,Parasitic diseases
i noticed small blood marks on scales fish looks tired other fish look normal,0,Bacterial Red disease
gills look damaged does not react much,2,Bacterial gill disease
White patch starting from tail fish looks tired,6,Viral diseases White tail disease
fish swimming normally,4,Healthy Fish
in my aquarium inflamed red areas red wounds on belly color looks dull fish looks bloated and weak getting worse...,0,Bacterial Red disease
today i saw mucus on gills staying at bottom water smells bad started recently,2,Bacterial gill disease
since yesterday active and eating well no fungus started recently,4,Healthy Fish
color looks dull one fish has gills look damaged red streaks around tail what disease is this?,2,Bacterial gill disease
PROBLEM IS NORMAL BREATHING WATER SLIGHTLY DIRTY NOT SURE WHAT HAPPENED,4,Healthy Fish
INFLAMED RED AREAS STAYING AT BOTTOM,0,Bacterial Red disease
problem is gasping at water surface not eating properly slow swimming oxygen level may be low not sure what happened,2,Bacterial gill disease
scales sticking out less active than usual my fish has is it serious fluid filled belly abnormal swimming,1,Bacterial diseases - Aeromoniasis
since yesterday parasites attached to skin breathing faster than normal color looks dull water is cloudy tail turning white please help,5,Parasitic diseases
Red streaks around tail red wounds on belly not eating properly color looks dull ph may be unstable is it serious?,0,Bacterial Red disease
hiding in corner fish was moved to new tank,3,Fungal diseases Saprolegniasis
clamped fins tiny salt like dots sometimes floating near surface fish was moved to new tank not sure what happened,5,Parasitic diseases
gasping at water surface sometimes floating near surface,2,Bacterial gill disease
COLOR LOOKS DULL WHITE SPOTS ON BODY,5,Parasitic diseases
today i saw bright body color pH may be unstable,4,Healthy Fish
milky white tail less active than usual,6,Viral diseases White tail disease
hiding in corner ammonia may be high,3,Fungal diseases Saprolegniasis
today i saw active and eating well,4,Healthy Fish
getting worse white hairy patch fish looks tired fluffy fungas wound,3,Fungal diseases Saprolegniasis
BROWN GILL COLOR DOES NOT REACT MUCH IS IT SERIOUS TAIL TISSUE DAMAGED,6,Viral diseases White tail disease
in my aquarium brown gill color mucus on gills less active than usual fish looks stressed getting worse,2,Bacterial gill disease
hiding in corner brown gill color swollen gills in my aquarium...,2,Bacterial gill disease
stays near filter outlet fins are clamped...,2,Bacterial gill disease
i noticed body ulcer dropsy like swelling breathing faster than normal feed was changed recently fish opens mouth repeatedly it happens mostly at night,1,Bacterial diseases - Aeromoniasis
ammonia may be high not eating properly,2,Bacterial gill disease
one fish has fungus on body brething faster than normal fish was moved to new tank not sure what happened...,3,Fungal diseases Saprolegniasis
for 2 days grey wite fungus white cottn like growth inflamed red areas only one fish affected,3,Fungal diseases Saprolegniasis
in my aquarium grey white fungus sometimes floating near surface not sure what happened,3,Fungal diseases Saprolegniasis
i noticed please help normal brething sometimes stays still,4,Healthy Fish
red ulcer on body sometimes floating near surface,0,Bacterial Red disease
DOES NOT REACT MUCH PALE GILLS,2,Bacterial gill disease
my fish has clear eyes eats a little slow but normal other fish look normal,4,Healthy Fish
today i saw red patches on body loss of appetite sometimes floating near surface what disease is this,0,Bacterial Red disease
i noticed tiny salt like dots white spots on body breathing faster than normal water is cloudy it happens mostly at night,5,Parasitic diseases
fish looks helthy ammonia may be high other fish look normal,4,Healthy Fish
today i saw tail rot like whit area does not react much not sure what happened,6,Viral diseases White tail disease
today i saw flashing behavior white spots on body abnormal swimming color looks dull getting worse,5,Parasitic diseases
FUNGUS ON BODY TANK HAS ALGAE FISH SHOWING WHAT DISEASE IS THIS LOSS OF APPITITE,3,Fungal diseases Saprolegniasis
in my aquarium red streaks around tail does not react much breathing faster than normal water is slightly dirty only one fish affected,0,Bacterial Red disease
what disease is this scratching against rocks slow swimming today i saw fish keeps scratching,5,Parasitic diseases
my fish has small blood marks on scales bleeding marks on skin slow swimming water is slightly dirty rapid gill movement,0,Bacterial Red disease
Since yesterday bright body color no swelling filter was off for few hours started recently,4,Healthy Fish
FISH SHOWING BLOATED ABDOMEN SOMETIMES FLOATING NEAR SURFACE IT HAPPENS MOSTLY AT NIGHT...,1,Bacterial diseases - Aeromoniasis
for 2 days scales sticking out loss of appetite water smells bad started recently,1,Bacterial diseases - Aeromoniasis
for 2 days scratching against rocks clamped fins hiding in corner only one fish affected,5,Parasitic diseases
weak swimming with whit tail what disease is this weak movement problem is water smells bad,6,Viral diseases White tail disease
gills look damaged slow swimming,2,Bacterial gill disease
Deep skin ulcers not sure what happened bleeding marks on skin red wounds on belly my fish has,0,Bacterial Red disease
for 2 days red ulcers on body fins are clamped abnormal swimming water temperature changed it happens mostly at night,0,Bacterial Red disease
less active than usual grey white fungus it happens mostly at night grey wite fungus in my aquarium,3,Fungal diseases Saprolegniasis
mucus on gills rapid gill movement sometimes floating near surface feed was changed recently getting worse,2,Bacterial gill disease
i noticed bloody red spots hiding in corner new fish added recently what disease is this,0,Bacterial Red disease
in my aquarium white spots on body skin irritation fish looks stressed getting worse,5,Parasitic diseases
one fish has gasping at water surface does not react much what disease is this,2,Bacterial gill disease
no red spots fish looks healthy for 2 days,4,Healthy Fish
since yesterday normal breathing no fungus started recently,4,Healthy Fish
GREY WHITE FUNGUS FUNGUS ON BODY NOT EATING PROPERLY IT HAPPENS MOSTLY AT NIGHT,3,Fungal diseases Saprolegniasis
one fish has white tail tip tail rot like white area,6,Viral diseases White tail disease
filter was off for few hours does not react much,0,Bacterial Red disease
ACTIVE AND EATING WELL...,4,Healthy Fish
mucus on gills filter was off for few hours is it serious,2,Bacterial gill disease
red patches on body not eating properly...?,0,Bacterial Red disease
for 2 days tail rot like white area oxygen level may be low red ulcers body not sure what happened?,6,Viral diseases White tail disease
weak swimming with white tail fish looks tired...?,6,Viral diseases White tail disease
bloated abdomen breathing faster than normal hiding in corner tiny salt like dots not sure what happened,1,Bacterial diseases - Aeromoniasis
my fish has tail end looks dead does not react much fish looks tired water is cloudy started recently,6,Viral diseases White tail disease
It happens mostly at night since yesterday loss of appetite deep skin ulcers weak movement scales sticking out,1,Bacterial diseases - Aeromoniasis
visible lice on fish started recently fish looks tired tiny salt like dots fish showing pH may be unstable,5,Parasitic diseases
in my aquarium red sores near fins red sores near fins slow swimming sometimes floating near surface not sure what happened?,0,Bacterial Red disease
my fish has normal breathing tank has algae is it serious,4,Healthy Fish
my fish has normal breathing started recently,4,Healthy Fish
problem is blody red spots small blood marks on scales sometimes floating near surface getting worse,0,Bacterial Red disease
grey white fungus staying at bottom...,3,Fungal diseases Saprolegniasis
problem is fuzzy white patches white hairy patch sometimes floating near surface water is slightly dirty other fish look normal,3,Fungal diseases Saprolegniasis
problem fluid filled belly slow swimming fish looks tired after water change what disease is this?,1,Bacterial diseases - Aeromoniasis
today i saw scales sticking out abnormal swimming other fish look normal,1,Bacterial diseases - Aeromoniasis
problem is abnormal swimming hiding in corner skin irritation,5,Parasitic diseases
mold like growth on tail less activ than usual slow swimming what disease is this,3,Fungal diseases Saprolegniasis
hiding in corner water temperature changed,1,Bacterial diseases - Aeromoniasis
i noticed healthy fins eats a little slow but normal please help,4,Healthy Fish
one fish has parasites attached to skin does not react much staying at bottom it happens mostly at night?,5,Parasitic diseases
in my aquarium rapid gill movement what disease is this?,2,Bacterial gill disease
breathing faster than normal feed was changed recently,0,Bacterial Red disease
since yesterday fish looks helthy ammonia may be high not sure what happened,4,Healthy Fish
today i saw stays near filter outlet fins are clamped fish looks stressed fuzzy white patches it happens mostly at night,2,Bacterial gill disease
loss of appetite pH may be unstable...,5,Parasitic diseases
problem is white hairy patch it happens mostly at night,3,Fungal diseases Saprolegniasis
FISH LOOKS TIRED TAILL END LOOKS DEAD,6,Viral diseases White tail disease
white hairy patch mold like growth on tail fins are clamped water is slightly dirty started recently,3,Fungal diseases Saprolegniasis
slow swimming fish was moved to new tank,5,Parasitic diseases
fish showing fluid filled belly not eating properly weak movement filter was off for few hours cotton wool growth only one fish affected...,1,Bacterial diseases - Aeromoniasis
skin looks reddish and damaged red ulcers on body not eating properly hiding in corner started recently,0,Bacterial Red disease
no visible wounds?,4,Healthy Fish
today i saw skin looks reddish and damaged red sores fins color looks dull water is slightly dirty fluffy fungas wound getting worse?,0,Bacterial Red disease
today i saw grey white fungus slow swimming feed was changed recently gasping at water surface getting worse...,3,Fungal diseases Saprolegniasis
HIDING IN CORNER FISH WAS MOVED TO NEW TANK,6,Viral diseases White tail disease
for 2 days fish swimming normally oxygen level may be low started recently,4,Healthy Fish
STAYING AT BOTTOM COTTON WOOL GROWTH SMALL BLOOD MARKS ON SCALES FUNGUS BODY OTHER FISH LOOK NORMAL PROBLEM IS,3,Fungal diseases Saprolegniasis
weak swimming with white tail slow swimming,6,Viral diseases White tail disease
red wounds with swelling swollen belly abnormal swimming only one fish affected,1,Bacterial diseases - Aeromoniasis
since yesterday gills look damaged fish looks stressed loss of appetite,2,Bacterial gill disease
no visible wounds?,4,Healthy Fish
fuzzy white patches fins are clamped,3,Fungal diseases Saprolegniasis
My fish has dropsy like swelling popeye feed was changed recently started recently,1,Bacterial diseases - Aeromoniasis
bloated abdomen weak movement,1,Bacterial diseases - Aeromoniasis
does not react much fish showing white cotton like growth started recently,3,Fungal diseases Saprolegniasis
smooth scales started recently pH may be unstable my fish has,4,Healthy Fish
white spots on body sometimes floating near surface,5,Parasitic diseases
today i saw teil fin becoming pale weak swimming with white tail hiding in corner sometimes floating near surface,6,Viral diseases White tail disease
since yesterday healthy fins it happens mostly at night,4,Healthy Fish
my fish has rapid gill movement stays near filter outlet less active than usual does not react much scratchng against rocks please help,2,Bacterial gill disease
only one fish affected normal breathing problem is,4,Healthy Fish
red ulcers on body fish showing other fish look normal fish looks stressed,0,Bacterial Red disease
getting worse staying at bottom problem is weak movement tail tissue damaged,6,Viral diseases White tail disease
i noticed fish looks healthy not sure what happened?,4,Healthy Fish
Active and eating well,4,Healthy Fish
white cotton like growth white spots on body rubbing body on tank wall my fish has what disease is this loss of appetite,5,Parasitic diseases
since yesterday red wounds on belly breathing faster than normal fish looks tired clamped fins is it serious...,0,Bacterial Red disease
tail end looks dead does not react much,6,Viral diseases White tail disease
not eating properly filter was off for few hours,3,Fungal diseases Saprolegniasis
today i saw started recently normal breathing,4,Healthy Fish
today i saw pale gills fish looks stressed oxygen level may be low other fish look normal,2,Bacterial gill disease
tank has algae getting worse gills look damaged fish looks tired skin looks reddish and damaged fish opens mouth repeatedly since yesterday...,2,Bacterial gill disease
problem is tail fin becoming pale milky white tail weak movement hiding in corner fish was moved to new tank only one fish affected,6,Viral diseases White tail disease
red wounds on belly sometimes floating near surface?,0,Bacterial Red disease
problem is bloody red spots red streaks around teil does not react much staying at bottom ammonia may be high not sure what happened?,0,Bacterial Red disease
white discoloration on tail weak movement...,6,Viral diseases White tail disease
fish showing tail tissue damaged tail rot like white area loss of appetite fish was moved to new tank not sure what happened?,6,Viral diseases White tail disease
i noticed small blood marks on scales skin looks reddish and damaged fish looks tired fish looks stressed started recently,0,Bacterial Red disease
since yesterday fish keeps scratching skin irritation less activ than usual color looks dull getting worse?,5,Parasitic diseases
fish opens mouth repeatedly swollen gill for 2 days slow swimming scales sticking out,2,Bacterial gill disease
since yesterday red streaks around tail fish looks tired weak movement feed was changed recently other fish look normal,0,Bacterial Red disease
white spots on body color looks dull,5,Parasitic diseases
I noticed white spots on body slow swimming,5,Parasitic diseases
white patch starting from tail loss of appetite tail turning white only one fish affected,6,Viral diseases White tail disease
in my aquarium popeye weak movement loss of appetite please help,1,Bacterial diseases - Aeromoniasis
sometimes floating near surface only one fish affected weak swimming with white taill since yesterday tail end looks dead,6,Viral diseases White tail disease
tank was cleaned yesterday weak movement,2,Bacterial gill disease
problem is parasites attached to skin skin irritation hiding in corner weak movement red streaks around tail started recently...,5,Parasitic diseases
for 2 days mold like growth on taill getting worse?,3,Fungal diseases Saprolegniasis
fins are clamped filter was off for few hours,3,Fungal diseases Saprolegniasis
i noticed pale gills tank was cleaned yesterday please help...,2,Bacterial gill disease
Weak movement tiny salt like dots,5,Parasitic diseases
problem is pale gills brown gill color slow swimming fins are clamped skin looks reddish and damaged,2,Bacterial gill disease
since yesterday whit discoloration on tail fish looks tired not eating properly please help,6,Viral diseases White tail disease
inflamed red areas not eating properly...,0,Bacterial Red disease
since yesterday fish swimming normally no red spots only one fish affected,4,Healthy Fish
fish showing tail tissue damaged fins are clamped loss of appetite tank has algae what disease is this?,6,Viral diseases White tail disease
bleeding marks on skin color looks dull,0,Bacterial Red disease
brown gill color hiding in corner it happens mostly at night,2,Bacterial gill disease
filter was off for few hours abnormal swimming,1,Bacterial diseases - Aeromoniasis
less active than usual fish looks tired fish opens mouth repeatedly it happens mostly at night water smells bad for 2 days stays near filter outlet,2,Bacterial gill disease
pH may be unstable slow swimming,0,Bacterial Red disease
"RED WOUNDS ON BELLY SKIN LOOKS REDDISH, DAMAGED GETTING WORSE FISH LOOKS TIRED I NOTICED...",0,Bacterial Red disease
FISH SHOWING FISH OPENS MOUTH REPEATEDLY GILLS LOOK DAMAGED HIDING IN CORNER LESS ACTIVE THAN USUAL IT HAPPENS MOSTLY AT NIGHT,2,Bacterial gill disease
fish showing bloated abdomen scales sticking out fins are clamped tail end looks dead not sure what happened,1,Bacterial diseases - Aeromoniasis
in my aquarium red wounds on belly inflamed red areas color looks dull tank algae only one fish affected,0,Bacterial Red disease
since yesterday clear eyes ammonia may be high it happens mostly at night?,4,Healthy Fish
milky white tail fish looks tired color looks dull fish was moved to new tank please help,6,Viral diseases White tail disease
fuzzy white patches loss of appetite filter was off for few hours dropsy swelling not sure what happened,3,Fungal diseases Saprolegniasis
color looks dull fish was moved to new tank,2,Bacterial gill disease
one fish has white spots on body flashing behavior fish looks stressed not sure what happened...,5,Parasitic diseases
red patches on body fish was moved to new tank is it serious tail fin becoming pale in my aquarium does not react much staying at bottom,6,Viral diseases White tail disease
For 2 days tail end looks dead weak movement not eating properly what disease is this,6,Viral diseases White tail disease
i noticed red ulcers on body less active than usual only one fish affected...,0,Bacterial Red disease
in my aquarium swollen gills fins are clamped is it serious,2,Bacterial gill disease
since yesterday deep skin ulcers hiding in corner hiding in corner pH may be unstable is it serious,1,Bacterial diseases - Aeromoniasis
IN MY AQUARIUM BROWN GILL COLOR GILLS LOOK DAMAGED LESS ACTIVE THAN USUAL SKIN LOOKS REDDISH AND DAMAGED PLEASE HELP,2,Bacterial gill disease
less active than usual water is cloudy,2,Bacterial gill disease
my fish has popeye popeye fins are clamped fins are clamped clamped fins not sure what happened...,1,Bacterial diseases - Aeromoniasis
for 2 days skin looks reddish and damaged weak movement clamped fins is it serious,0,Bacterial Red disease
Fungal growth on skin color looks dull...,3,Fungal diseases Saprolegniasis
"problem is active, eating well no breathing issue please help",4,Healthy Fish
my fish has tail end looks dead does not react much less active than usual tank has algae red streaks around tail please help?,6,Viral diseases White tail disease
fish showing small blood marks on scales sometimes floating near surface tank has algae swollen belly please help,0,Bacterial Red disease
fish showing taill turning wite tail fin becoming pale color looks dull loss of apetite ammonia may be high is it serious...,6,Viral diseases White tail disease
fish looks tired fish was moved to new tank,6,Viral diseases White tail disease
fish looks tired staying at bottom other fish look normal fungal growth on skin mold like growth on tail since yesterday milky white tail?,3,Fungal diseases Saprolegniasis
fungal growth on skin does not react much,3,Fungal diseases Saprolegniasis
weak movement oxygen level may be low,5,Parasitic diseases
SINCE YESTERDAY STAYS NEAR FILTER OUTLET SLOW SWIMMING,2,Bacterial gill disease
getting worse body ulcers i noticed feed was changed recently less activ than usual,1,Bacterial diseases - Aeromoniasis
skin irritation staying at bottom,5,Parasitic diseases
fluid filled belly my fish has other fish look normal popeye,1,Bacterial diseases - Aeromoniasis
my fish has clamped fins white spots on body abnormal swimming color looks dull other fish look normal,5,Parasitic diseases
clear eyes,4,Healthy Fish
i noticed red patches on body slow swimming pH may be unstable getting worse,0,Bacterial Red disease
Red streaks around tail red patches on body weak movement started recently,0,Bacterial Red disease
Whit spots body not eating properly tank has algae what disease is this,5,Parasitic diseases
new fish added recently breathing faster than normal,2,Bacterial gill disease
fish looks tired in my aquarium what disease is this red streaks around tail,0,Bacterial Red disease
in my aquarium tail end looks dead weak movement does not react much new fish added recently only one fish affected,6,Viral diseases White tail disease
in my aquarium skin irritation sometimes floating near surface abnormal swimming wite mold on fins getting worse,5,Parasitic diseases
COTTON WOOL GROWTH NOT EATING PROPERLY,3,Fungal diseases Saprolegniasis
only resting after feeding fish swimming normally fish showing water is slightly dirty is it serious,4,Healthy Fish
i noticed body ulcers fluid filled belly loss of appetite started recently,1,Bacterial diseases - Aeromoniasis
"problem is body ulcers fish looks bloated, weak feed was changed recently cotton wool growth only one fish affected",1,Bacterial diseases - Aeromoniasis
sometimes floating near surface getting worse scales sticking out problem is fish was moved to new tank?,1,Bacterial diseases - Aeromoniasis
today i saw visible lice on fish breathing faster than normal color looks dull water temperature changed what disease is this...?,5,Parasitic diseases
I NOTICED NORMAL APPETITE PLEASE HELP?,4,Healthy Fish
i noticed cotton wool growth not eating properly hiding in corner oxygen level may be low only one fish affected?,3,Fungal diseases Saprolegniasis
deep skin ulcers abnormal swimming,1,Bacterial diseases - Aeromoniasis
my fish red wounds with swelling swollen belly hiding in corner fish was moved to new tank what disease is this,1,Bacterial diseases - Aeromoniasis
does not react much after water change,3,Fungal diseases Saprolegniasis
since yesterday red patches on body red sores near fins slow swimming abnormal swimming water smells bad mucus on gills please help,0,Bacterial Red disease
problem is visible lice on fish flashing behavior abnormal swimming fish looks tired,5,Parasitic diseases
fish was moved to new tank not sure what happened small blood marks on scales abnormal swimming white spots on body red streaks around teil for 2 days,0,Bacterial Red disease
TODAY I SAW FISH KEEPS SCRATCHING SKIN IRRITATION COLOR LOOKS DULL LESS ACTIVE THAN USUAL PLEASE HELP,5,Parasitic diseases
Slow swimming parasite attached to skin?,5,Parasitic diseases
Since yesterday inflamed red areas does not react much it happens mostly at night,0,Bacterial Red disease
filter was off for few hours active and eating well fish showing it happens mostly at night,4,Healthy Fish
problem is flashing behavior not eating properly only one fish affected,5,Parasitic diseases
problem is smooth scales,4,Healthy Fish
One fish has fungus on body white hairy patch less active than usual it happens mostly at night,3,Fungal diseases Saprolegniasis
bleeding marks on skin abnormal swimming i noticed white discoloration on tail red sores near fins please help,0,Bacterial Red disease
started recently fish looks healthy since yesterday,4,Healthy Fish
visible lice on fish staying at bottom is it serious fish keeps scratching my fish has,5,Parasitic diseases
since yesterday white cotton like growth fungus on body fish looks stressed what disease is this?,3,Fungal diseases Saprolegniasis
I NOTICED FUNGAL GROWTH ON SKIN COLOR LOOKS DULL PLEASE HELP,3,Fungal diseases Saprolegniasis
Tank has algae tail tissue damaged fish showing skin looks reddish and damaged abnormal swimming what desease is this bloody red spots,0,Bacterial Red disease
fish swimming normally,4,Healthy Fish
i noticed white patch starting from tail taill turning white hiding in corner weak movement water smells bad other fish look normal,6,Viral diseases White tail disease
my fish has no visible wounds not sure what happened,4,Healthy Fish
red ulcers on body not eating properly,0,Bacterial Red disease
problem is red streaks around tail inflamed red areas what desease this?,0,Bacterial Red disease
Skin looks reddish and damaged does not react much,0,Bacterial Red disease
new fish added recently getting worse healthy fins for 2 days,4,Healthy Fish
after water change abnormal swimming,3,Fungal diseases Saprolegniasis
filter was off for few hours hiding in corner...,2,Bacterial gill disease
for 2 days bloody red spots inflamed red areas fish looks tired ammonia may be high not sure what happened,0,Bacterial Red disease
I noticed red streaks around tail abnormal swimming tank has algae milky white tail please help,0,Bacterial Red disease
healthy fins,4,Healthy Fish
WHITE MOLD ON FINS NOT EATING PROPERLY,3,Fungal diseases Saprolegniasis
fish showing small blood marks scales red ulcerss body sometimes floating near surface other fish look normal,0,Bacterial Red disease
loss of appetite tank has algae,6,Viral diseases White tail disease
tail turning white abnormal swimming,6,Viral diseases White tail disease
fish looks bloated and weak loss of appetite fish looks stressed tail tissue damaged please help,1,Bacterial diseases - Aeromoniasis
FOR 2 DAYS NO VISIBLE WOUNDS NO BREATHING ISSUE GETTING WORSE,4,Healthy Fish
NORMAL APPETITE SWIMS FINE MOST OF THE TIME ONLY ONE FISH AFFECTED,4,Healthy Fish
one fish has not sure what happened fish looks bloated and weak,1,Bacterial diseases - Aeromoniasis
loss of appetite filter was off for few hours,0,Bacterial Red disease
problem is fluid filled belly fins are clamped less aktive than usual filter was off for few hours gasping at water surface not sure what happened,1,Bacterial diseases - Aeromoniasis
TAIL TISSUE DAMAGED WEAK MOVEMENT,6,Viral diseases White tail disease
in my aquarium healthy fins only one fish affected,4,Healthy Fish
one fish has tail rot like whit area tail turning white other fish look normal?,6,Viral diseases White tail disease
grey white fungus fish looks stressed...,3,Fungal diseases Saprolegniasis
fish showing body ulcers bloated abdomen fish looks tired hiding in corner water is cloudy it happens mostly at night,1,Bacterial diseases - Aeromoniasis
today i saw small blood marks scales sometimes floating near surface ammonia may be high started recently...?,0,Bacterial Red disease
my fish has tail turning whit loss of appetite it happens mostly at night,6,Viral diseases White tail disease
today i saw white discoloration on tail staying at bottom new fish added recently mold like growth on tail started recently,6,Viral diseases White tail disease
one fish has fish swimming normally getting worse,4,Healthy Fish
problem is inflamed red areas loss of apetite staying at bottom getting worse,0,Bacterial Red disease
today i saw clamped fins clamped fins oxygen level may be low is it serious,5,Parasitic diseases
Problem is white hairy patch fluffy fungus near wound fish looks tired water is cloudy not sure what happened,3,Fungal diseases Saprolegniasis
fish showing red streaks around tail feed was changed recently started recently,0,Bacterial Red disease
normal appetite,4,Healthy Fish
skin irritation weak movement,5,Parasitic diseases
after water change abnormal swimming stays near filter outlet fish looks tired is it serious fish showing,2,Bacterial gill disease
in my aquarium tiny salt like dots fins are clamped hiding in corner fish was moved to new tank fish opens mouth repeatedly getting worse,5,Parasitic diseases
Fish opens mouth repeatedly fish showing water smells bad fish opens mouth repeatedly?,2,Bacterial gill disease
TODAY I SAW WITE TAIL TIP ABNORMAL SWIMMING OTHER FISH LOOK NORMAL,6,Viral diseases White tail disease
i noticed small blood marks on scales loss of appetite color looks dull started recently,0,Bacterial Red disease
fish showing grey white fungus white mold on fins loss of appitite water is cloudy is it serious,3,Fungal diseases Saprolegniasis
fish looks tired water temperature changed,5,Parasitic diseases
breathing difficulty does not react much,2,Bacterial gill disease
hiding in corner inflamed red areas it happens mostly at night blooddy red spots hiding in corner,0,Bacterial Red disease
fish looks stressed white cotton like growth,3,Fungal diseases Saprolegniasis
Mold like growth on tail slow swimming white cotton like growth since yesterday tank algae fluid filled belly please help,3,Fungal diseases Saprolegniasis
stays near filter outlet loss of appetite,2,Bacterial gill disease
problem is fish opens mouth repeatedly swollen gils tail fin becoming pale not sure what happened?,2,Bacterial gill disease
My fish has cotton wool growth fuzzy white patches loss of appetite hiding in corner rapid gill movement only one fish affected,3,Fungal diseases Saprolegniasis
less active than usual milky white tail tail end looks dead in my aquarium color looks dull,6,Viral diseases White tail disease
my fish white patch starting from tail white patch starting from tail color looks dull staying at bottom fungal growth on skin only one fish affected,6,Viral diseases White tail disease
bloated abdomen less active than usual,1,Bacterial diseases - Aeromoniasis
One fish has white patch starting from tail white patch starting from tail staying at bottom please help,6,Viral diseases White tail disease
weak movement i noticed tail rot like white area only one fish affected water smells bad red streaks around tail red patches on body slow swimming...,0,Bacterial Red disease
today i saw tail fin becoming pale fish looks tired water is cloudy it happens mostly at night,6,Viral diseases White tail disease
problem is clamped fins rubbing body on tank wall pH may be unstable other fish look normal,5,Parasitic diseases
one fish has swollen gills less active than usual milky white tail only one fish affected,2,Bacterial gill disease
gasping at water surface slow swimming,2,Bacterial gill disease
i noticed body ulcerss red wounds with swelling hiding in corner slow swimming red sores near fins is it serious,1,Bacterial diseases - Aeromoniasis
For 2 days bloody red spots fish looks stressed sometimes floating near surface grey white fungus please help,0,Bacterial Red disease
staying at bottom weak movement today i saw please help cotton wool growth white cotton like growth...,3,Fungal diseases Saprolegniasis
active and eating well,4,Healthy Fish
Red wounds swelling sometimes floating near surface,1,Bacterial diseases - Aeromoniasis
not eating properly white cottn like growth today i saw water smells bad less active than usual fluffy fungus near wound started recently?,3,Fungal diseases Saprolegniasis
bloody red spots slow swimming,0,Bacterial Red disease
my fish has bloated abdomen swollen belly breathing faster than normal breathing faster than normal tank was cleaned yesterday not sure what happened?,1,Bacterial diseases - Aeromoniasis
rapid gill movement fish looks stressed,2,Bacterial gill disease
normal breathing,4,Healthy Fish
please help i noticed scratching against rocks?,5,Parasitic diseases
since yesterday bloated abdomen fish looks bloated and weak weak movement,1,Bacterial diseases - Aeromoniasis
Fish showing fungus on body weak movement filter was off for few hours please help,3,Fungal diseases Saprolegniasis
i noticed red wounds with swelling hiding in corner slow swimming not sure what happened,1,Bacterial diseases - Aeromoniasis
SINCE YESTERDAY BREATHING DIFFICULTY LESS ACTIVE THAN USUAL NEW FISH ADDED RECENTLY PLEASE HELP,2,Bacterial gill disease
fins clamped fungal growth on skin one fish has white mold on fins,3,Fungal diseases Saprolegniasis
color looks dull fungal growth skin water is slightly dirty my fish has fungal growth on skin not sure what happened,3,Fungal diseases Saprolegniasis
my fish has white cotton like growth weak movement less active than usual getting worse...?,3,Fungal diseases Saprolegniasis
grey white fungus color looks dull,3,Fungal diseases Saprolegniasis
normal breathing only one fish affected i noticed,4,Healthy Fish
not eating properly after water change?,2,Bacterial gill disease
ONE FISH HAS RED ULCERS ON BODY DOES NOT REACT MUCH LOSS OF APPETITE PLEASE HELP,0,Bacterial Red disease
not eating properly tank has algae,2,Bacterial gill disease
red sores near fins brething faster than normal,0,Bacterial Red disease
For 2 days rapid gill movement pale gils color looks dull only one fish affected,2,Bacterial gill disease
today i saw deep skin ulcers abnormal swimming started recently,1,Bacterial diseases - Aeromoniasis
Other fish look normal i noticed does not react much tiny salt like dots new fish added recently,5,Parasitic diseases
grey white fungus for 2 days fungal growth on skin is it serious...,3,Fungal diseases Saprolegniasis
it happens mostly at night stays near filter outlet color looks dull i noticed fins are clamped gills look damaged rubbing body on tank wall,2,Bacterial gill disease
fish showing fish keeps scratching slow swimming fish looks tired after water change is it serious?,5,Parasitic diseases
SINCE YESTERDAY RUBBING BODY ON TANK WALL FISH LOOKS TIRED WATER IS SLIGHTLY DIRTY IS IT SERIOUS?,5,Parasitic diseases
SINCE YESTERDAY NO VISIBLE WOUNDS IT HAPPENS MOSTLY AT NIGHT,4,Healthy Fish
red wounds with swelling does not react much,1,Bacterial diseases - Aeromoniasis
since yesterday popeye less active than usual other fish look normal?,1,Bacterial diseases - Aeromoniasis
i noticed teil tissue damaged white patch starting from tail fish looks tired weak movement,6,Viral diseases White tail disease
color looks dull only one fish affected tiny salt like dots my fish has scratchng against rocks,5,Parasitic diseases
one fish has fish looks bloated and weak fish looks stressed less active than usual red patches on body not sure what happened,1,Bacterial diseases - Aeromoniasis
Fins are clamped ph may be unstable,2,Bacterial gill disease
since yesterday fish was moved to new tank weak swimming with white tail does not react much,6,Viral diseases White tail disease
since yesterday smooth scales it happens mostly at night,4,Healthy Fish
Red wounds on belly clamped fins feed was changed recently less active than usual please help,0,Bacterial Red disease
FISH SHOWING SWOLLEN GILLS BROWN GILL COLOR NOT EATING PROPERLY TANK HAS ALGAE IS IT SERIOUS,2,Bacterial gill disease
SINCE YESTERDAY FISH KEEPS SCRATCHING SCRATCHING AGAINST ROCKS STAYING AT BOTTOM WATER SMELLS BAD GETTING WORSE,5,Parasitic diseases
PROBLEM IS BLEEDING MARKS ON SKIN IS IT SERIOUS WHITE COTTON LIKE GROWTH RED STREAKS AROUND TEIL AFTER WATER CHANGE FISH LOOKS TIRED,0,Bacterial Red disease
does not react much water is slightly dirty,6,Viral diseases White tail disease
today i saw normal appetite new fish added recently,4,Healthy Fish
NOT SURE WHAT HAPPENED WATER TEMPERATURE CHANGED ONE FISH HAS FLASHING BEHAVIOR WHITE SPOTS ON BODY,5,Parasitic diseases
problem deep skin ulcers is it serious,1,Bacterial diseases - Aeromoniasis
Breathing difficulty breathing faster than normal...,2,Bacterial gill disease
visible lice on fish scratching against rocks breathing faster than normal pH may be unstable please help,5,Parasitic diseases
only one fish affected normal breathing problem is,4,Healthy Fish
my fish has white discoloration on tail does not react much loss of appetite what disease is this,6,Viral diseases White tail disease
problem is red wounds on belly red sores near fins fish looks stressed fish looks tired not sure what happened...,0,Bacterial Red disease
problem is fish swimming normally only one fish affected,4,Healthy Fish
problem gills look damaged brown gill color loss of appetite fish looks stressed water is cloudy getting worse,2,Bacterial gill disease
not sure what happened sometimes floating near surface red sores near fins fish showing red streaks around tail slow swimming water temperature changed,0,Bacterial Red disease
WATER IS SLIGHTLY DIRTY ABNORMAL SWIMMING,2,Bacterial gill disease
SWOLLEN GILL COLOR LOOKS DULL,2,Bacterial gill disease
my fish has bloody red spots fins clamped getting worse,0,Bacterial Red disease
other fish look normal pH may be unstable body ulcers since yesterday swollen belly less activ than usual,1,Bacterial diseases - Aeromoniasis
weak movement filter was off for few hours?,0,Bacterial Red disease
today i saw grey white fungis fish looks tired please help,3,Fungal diseases Saprolegniasis
skin irritation staying at bottom,5,Parasitic diseases
red ulcers body does not react much,0,Bacterial Red disease
in my aquarium smooth scales not sure what happened...,4,Healthy Fish
one fish has tail rot like white area weak swimming with white tail less active than usual less active than usual water smells bad deep skin ulcers not sure what happened,6,Viral diseases White tail disease
other fish look normal white hairy patch problem is,3,Fungal diseases Saprolegniasis
ONE FISH HAS TAILL END LOOKS DEAD FISH LOOKS TIRED FEED WAS CHANGED RECENTLY GETTING WORSE,6,Viral diseases White tail disease
weak movement oxygen level may be low i noticed scales sticking out what disease this white tail tip popeye,1,Bacterial diseases - Aeromoniasis
TINY SALT LIKE DOTS FINS ARE CLAMPED ONE FISH HAS IS IT SERIOUS FISH WAS MOVED TO NEW TANK,5,Parasitic diseases
rapid gill movement breathing faster than normal,2,Bacterial gill disease
in my aquarium white patch starting from tail sometimes floating near surface feed was changed recently scales sticking out what disease is this,6,Viral diseases White tail disease
problem is weak swimming with white taill tail fin becoming pale hiding in corner started recently,6,Viral diseases White tail disease
white mold fins fish looks stressed...,3,Fungal diseases Saprolegniasis
Please help does not react much white tail tip milky white tail my fish has,6,Viral diseases White tail disease
in my aquarium bright body color not sure what happened,4,Healthy Fish
for 2 days fish looks healthy no white spots please help?,4,Healthy Fish
problem is fins are clamped red streaks around tail please help mold like growth on tail...,3,Fungal diseases Saprolegniasis
slow swimming gill look damaged,2,Bacterial gill disease
one fish has what disease is this normal breathing,4,Healthy Fish
weak movement filter was off for few hours,0,Bacterial Red disease
fish looks healthy,4,Healthy Fish
I noticed flashing behavior hiding in corner after water change not sure what happened,5,Parasitic diseases
Not eating properly not sure what happened red patches on body fish showing fish opens mouth repeatedly fins are clamped,2,Bacterial gill disease
red ulcer body fins are clamped,0,Bacterial Red disease
my fish has skin irritation white spots on body fins are clamped feed was changed recently started recently,5,Parasitic diseases
bloody red spots red streaks around tail fins are clamped not sure what happened ammonia may be high one fish has?,0,Bacterial Red disease
fins are clamped sometimes floating near surface dropsy like swelling body ulcer started recently fish showing,1,Bacterial diseases - Aeromoniasis
Fins are clamped filter was off for few hours...,5,Parasitic diseases
fungus on body one fish has mucus on gills rapid gill movement sometimes floating near surface...,2,Bacterial gill disease
breathin difficulty only one fish affected slow swimming water temperature changed problem is,2,Bacterial gill disease
tiny salt like dots only one fish affected one fish has breathing faster than normal,5,Parasitic diseases
Weak movement after water change...,2,Bacterial gill disease
since yesterday red sores near fins inflamed red areas less active than usual color looks dull it happens mostly at night,0,Bacterial Red disease
for 2 days white hairy patch whit cotton like growth hiding in corner not sure what happened,3,Fungal diseases Saprolegniasis
today i saw bloated abdomen,1,Bacterial diseases - Aeromoniasis
weak swimming with white tail fins are clamped slow swimming it happens mostly at night,6,Viral diseases White tail disease
"problem is fish looks bloated, weak popeye sometimes floating near surface not eating properly tank has algae it happens mostly at night",1,Bacterial diseases - Aeromoniasis
pH may be unstable other fish look normal smooth scales since yesterday...,4,Healthy Fish
FUNGAL GROWTH ON SKIN STAYING AT BOTTOM,3,Fungal diseases Saprolegniasis
hiding in corner scratching against rocks...,5,Parasitic diseases
one fish has gils look damaged stays near filter outlet abnormal swimming water temperature changed only one fish affected,2,Bacterial gill disease
IN MY AQUARIUM WHITE DISCOLORATION TAIL TAIL ROT LIKE WHITE AREA FISH LOOKS STRESSED WHITE HAIRY PATCH NOT SURE WHAT HAPPENED,6,Viral diseases White tail disease
MY FISH HAS FUZZY WHITE PATCHES WHITE HAIRY PATCH LOSS OF APPETITE PLEASE HELP?,3,Fungal diseases Saprolegniasis
Gasping at water serface slow swimming filter was off for few hours started recently my fish has,2,Bacterial gill disease
pale gills not sure what happened loss of appetite,2,Bacterial gill disease
One fish has gills look damaged pale gils breathin faster than normal oxygen level may be low white tail tip please help,2,Bacterial gill disease
tank has algae staying at bottom one fish has skin irritation is it serious,5,Parasitic diseases
i noticed swollen belly less active than usual feed was changed recently getting worse,1,Bacterial diseases - Aeromoniasis
small blood marks on scales inflamed red areas breathing faster than normal water temperature changed only one fish affected,0,Bacterial Red disease
skin looks reddish and damaged staying at bottom,0,Bacterial Red disease
i noticed red streaks around tail fish looks tired not eating properly oxygen level may be low body ulcer other fish look normal,0,Bacterial Red disease
in my aquarium tail rot like white area white discoloration on tail color looks dull brown gill color getting worse,6,Viral diseases White tail disease
mold like growth on tail white cotton like growth not sure what happened sometimes floating near surface less active than usual,3,Fungal diseases Saprolegniasis
scratching against rocks breathing faster than normal fish looks stressed fish was moved to new tank please help?,5,Parasitic diseases
my fish has tail end looks dead tail tissue damaged color looks dull fins clamped other fish look normal,6,Viral diseases White tail disease
fish showing white cotton like growth red patches body other fish look normal,3,Fungal diseases Saprolegniasis
FISH SWIMMING NORMALLY,4,Healthy Fish
gasping at water surface fish looks tired,2,Bacterial gill disease
no visible wounds,4,Healthy Fish
problem is pale gill tank has algae white patch starting from tail started recently,2,Bacterial gill disease
other fish look normal wite tail tip pale gill in my aquarium tail tissue damaged fins are clamped,6,Viral diseases White tail disease
fish showing white mold on fins mold like growth on teil fish looks tired other fish look normal,3,Fungal diseases Saprolegniasis
"active, eating well",4,Healthy Fish
bleeding marks on skin red wounds belly in my aquarium other fish look normal,0,Bacterial Red disease
problem is scratching against rocks parasites attached to skin loss of appetite fish looks tired tank algae other fish look normal...,5,Parasitic diseases
red wounds with swelling fish looks stressed,1,Bacterial diseases - Aeromoniasis
today i saw pale gills fish opens mouth repeatedly slow swimming pH may be unstable other fish look normal,2,Bacterial gill disease
For 2 days healthy fins started recently?,4,Healthy Fish
fins are clamped filter was off for few hours,6,Viral diseases White tail disease
BREATHING FASTER THAN NORMAL RED PATCHES ON BODY,0,Bacterial Red disease
brething faster than normal filter was off for few hours,6,Viral diseases White tail disease
one fish has red wounds with swelling swollen belly only one fish affected,1,Bacterial diseases - Aeromoniasis
today i saw popeye hiding in corner does not react much it serious...,1,Bacterial diseases - Aeromoniasis
in my aquarium fuzzy white patches fish looks tired fish looks stressed feed was changed recently fluid filled belly not sure what happened,3,Fungal diseases Saprolegniasis
Sometimes floating near surface white mold on fins...,3,Fungal diseases Saprolegniasis
MY FISH HAS RED PATCHES ON BODY RED SORES NEAR FINS BREATHING FASTER THAN NORMAL DOES NOT REACT MUCH IS IT SERIOUS...,0,Bacterial Red disease
one fish has brown gill color abnormal swimming slow swimming only one fish affected,2,Bacterial gill disease
body ulcers breathing faster than normal,1,Bacterial diseases - Aeromoniasis
not eating properly red ulcers on body,0,Bacterial Red disease
for 2 days fish opens mouth repeatedly gills look damaged less activ than usual fluffy fungus near wound getting worse,2,Bacterial gill disease
in my aquarium red patches on body color looks dull other fish look normal,0,Bacterial Red disease
for 2 days small blood marks on scales red sores fins fish looks tired getting worse,0,Bacterial Red disease
started recently slow swimming milky white teil today i saw tail fin becoming pale less active than usual,6,Viral diseases White tail disease
blody red spots fish looks tired,0,Bacterial Red disease
tail rot like white area not eating properly?,6,Viral diseases White tail disease
problem is breathing difficulty weak movement water smells bad other fish look normal...?,2,Bacterial gill disease
MY FISH HAS NO VISIBLE WOUNDS EATS A LITTLE SLOW BUT NORMAL IS IT SERIOUS,4,Healthy Fish
white patch starting from tail fins are clamped,6,Viral diseases White tail disease
One fish gills look damaged fish opens mouth repeatedly weak movement staying at bottom water is slightly dirty bloody red spots it happens mostly at night...,2,Bacterial gill disease
Less active than usual filter was off for few hours,2,Bacterial gill disease
tail fin becoming pale not eating properly,6,Viral diseases White tail disease
i noticed cotton wool growth cotton wool growth fish looks tired water is cloudy red streaks around tail other fish look normal,3,Fungal diseases Saprolegniasis
today i saw no visible wounds no swelling started recently,4,Healthy Fish
staying at bottom after water change,0,Bacterial Red disease
today i saw red ulcers on body fish looks tired grey white fungus only one fish affected,0,Bacterial Red disease
active and eating well no red spots started recently,4,Healthy Fish
Today i saw red wounds on belly slow swimming color looks dull ammonia may be high it happens mostly at night,0,Bacterial Red disease
smooth scales only one fish affected,4,Healthy Fish
PROBLEM IS CLEAR EYES IS IT SERIOUS,4,Healthy Fish
breathing difficulty color looks dull,2,Bacterial gill disease
eats a little slow but normal no visible wounds one fish is it serious,4,Healthy Fish
fish looks tired other fish look normal does not react much red ulcers body problem is...,0,Bacterial Red disease
what disease is this small blood marks on scales in my aquarium tank was cleaned yesterday bloody red spots rapid gill movement weak movement,0,Bacterial Red disease
"active, eating well no breathing issue after water change getting worse?",4,Healthy Fish
PROBLEM IS DEEP SKIN ULCERS SOMETIMES FLOATING NEAR SURFACE NOT EATING PROPERLY PLEASE HELP RED WOUNDS WITH SWELLING,1,Bacterial diseases - Aeromoniasis
my fish has skin looks reddish and damaged fish looks stressed fish was moved to new tank getting worse,0,Bacterial Red disease
since yesterday rubbing body on tank wall flashing behavior not eating properly grey white fungus,5,Parasitic diseases
OTHER FISH LOOK NORMAL RED PATCHES ON BODY RED STREAKS AROUND TAIL FISH LOOKS TIRED FISH WAS MOVED TO NEW TANK MY FISH HAS,0,Bacterial Red disease
bleeding marks on skin abnormal swimming,0,Bacterial Red disease
i noticed dropsy like swelling fish looks bloated and weak fins are clamped color looks dull not sure what happened,1,Bacterial diseases - Aeromoniasis
parasites attached to skin white discoloration on teil not eating properly getting worse in my aquarium abnormal swimming,5,Parasitic diseases
i noticed swollen belly other fish look normal,1,Bacterial diseases - Aeromoniasis
i noticed brown gill color stays near filter outlet breathing faster than normal slow swimming please help,2,Bacterial gill disease
breathing faster than normal pH may be unstable,2,Bacterial gill disease
since yesterday milky white taill slow swimming loss of appetite dropsy like swelling is it serious,6,Viral diseases White tail disease
Fungal growth skin not eating properly,3,Fungal diseases Saprolegniasis
rapid gill movement fish showing getting worse red streaks around tail,2,Bacterial gill disease
my fish has healthy fins no breathing issue after water change is it serious,4,Healthy Fish
i noticed bright body color no fungus getting worse,4,Healthy Fish
dropsy like swelling not eating properly,1,Bacterial diseases - Aeromoniasis
problem is clear eyes no swelling getting worse,4,Healthy Fish
gill look damaged hiding in corner,2,Bacterial gill disease
not sure what happened breathing faster than normal red wounds on belly tank has algae i noticed,0,Bacterial Red disease
for 2 days bloody red spots abnormal swimming color looks dull is it serious,0,Bacterial Red disease
no visible wounds,4,Healthy Fish
today i saw rapid gill movement breathing difficulty fish looks stressed slow swimming dropsy like swelling other fish look normal,2,Bacterial gill disease
skin looks reddish and damaged slow swimming,0,Bacterial Red disease
getting worse parasites attached to skin tail tissue damaged weak movement today i saw,5,Parasitic diseases
i noticed fish opens mouth repeatedly gills look damaged fins are clamped sometimes floating near surface only one fish affected,2,Bacterial gill disease
Staying at bottom ph may be unstable?,5,Parasitic diseases
today i saw normal breathing,4,Healthy Fish
white discoloration on teil staying at bottom,6,Viral diseases White tail disease
i noticed deep skin ulcers red wounds with swelling filter was off for few hours small blood marks on scales getting worse,1,Bacterial diseases - Aeromoniasis
one fish has skin irritation skin irritation sometimes floating near serface other fish look normal,5,Parasitic diseases
Rubbing body on tank wall weak movement...,5,Parasitic diseases
fish looks bloated and weak color looks dull,1,Bacterial diseases - Aeromoniasis
in my aquarium milky white tail water smells bad started recently?,6,Viral diseases White tail disease
TAIL END LOOKS DEAD LOSS OF APPETITE,6,Viral diseases White tail disease
problem is gills look damaged hiding in corner feed was changed recently is it serious,2,Bacterial gill disease
brething faster than normal tail fin becoming pale,6,Viral diseases White tail disease
in my aquarium tail fin becoming pale tail fin becoming pale water is slightly dirty...,6,Viral diseases White tail disease
in my aquarium red ulcers on body blooddy red spots less active than usual after water change it happens mostly at night?,0,Bacterial Red disease
for 2 days fuzzy white patches fungal growth on skin sometimes floating surface does not react much please help...,3,Fungal diseases Saprolegniasis
fish showing fish was moved to new tank scales sticking out inflamed red areas,1,Bacterial diseases - Aeromoniasis
hiding in corner tank has algae,0,Bacterial Red disease
today i saw visible lice on fish tiny salt like dots fish looks stressed please help,5,Parasitic diseases
IN MY AQUARIUM WEAK SWIMMING WITH WHITE TAIL MILKY WHITE TAIL LOSS OF APPETITE TANK HAS ALGAE GETTING WORSE,6,Viral diseases White tail disease
clamped fins sometimes floating near surface only one fish affected small blood marks on scales for 2 days ammonia may be high fish keeps scratchng?,5,Parasitic diseases
tail rot like white area fish looks stressed...,6,Viral diseases White tail disease
in my aquarium grey white fungus fins are clamped what disease is this?,3,Fungal diseases Saprolegniasis
does not react much water smells bad,1,Bacterial diseases - Aeromoniasis
for 2 days it happens mostly at night fish looks tired skin looks reddish and damaged inflamed red areas,0,Bacterial Red disease
is it serious one fish has bleeding marks on skin loss of appetite inflamed red areas,0,Bacterial Red disease
small blood marks on scales what disease is this weak movement red streaks around tail for 2 days...,0,Bacterial Red disease
weak movement new fish added recently,5,Parasitic diseases
i noticed clear eyes water smells bad it happens mostly at night,4,Healthy Fish
problem is milky white tail breathing faster than normal stays near filter outlet only one fish affected,6,Viral diseases White tail disease
TODAY I SAW WHITE HAIRY PATCH FISH LOOKS STRESSED FEED WAS CHANGED RECENTLY WHAT DISEASE IS THIS,3,Fungal diseases Saprolegniasis
fish swimming normally,4,Healthy Fish
fish showing brown gill color stays near filter outlet slow swimming oxygen level may be low white mold on fins started recently...,2,Bacterial gill disease
IN MY AQUARIUM FLASHING BEHAVIOR SKIN IRRITATION BREATHING FASTER THAN NORMAL WATER IS CLOUDY IT HAPPENS MOSTLY AT NIGHT,5,Parasitic diseases
color looks dull fish was moved to new tank,6,Viral diseases White tail disease
body ulcers fish looks stressed dropsy like swelling white hairy patch getting worse not eating properly my fish has,1,Bacterial diseases - Aeromoniasis
fish looks stressed tiny salt like dots?,5,Parasitic diseases
"breathing faster than normal hiding in corner problem is only one fish affected popeye fish looks bloated, weak fish was moved to new tank?",1,Bacterial diseases - Aeromoniasis
fish showing red wounds with swelling fish looks stressed tank has algae please help,1,Bacterial diseases - Aeromoniasis
weak movement red ulcers on body hiding in corner what disease is this fish showing,0,Bacterial Red disease
bloated abdomen ammonia may be high swollen belly for 2 days fish looks stressed fish looks stressed...,1,Bacterial diseases - Aeromoniasis
rubbing body on tank wall breathing faster than normal,5,Parasitic diseases
since yesterday tiny salt like dots parasites attached to skin color looks dull it happens mostly at night...,5,Parasitic diseases
Parasites attached to skin fins are clamped fish looks stressed it happens mostly at night?,5,Parasitic diseases
my fish has gills look damaged fins are clamped water smells bad not sure what happened,2,Bacterial gill disease
feed was changed recently red patches on body loss of appetite fish showing inflamed red areas other fish look normal,0,Bacterial Red disease
i noticed rapid gill movement mucus on gills breathing faster than normal what disese is this...,2,Bacterial gill disease
loss of appetite after water change,2,Bacterial gill disease
fins are clamped tiny salt like dots after water change one fish please help,5,Parasitic diseases
started recently fish looks healthy for 2 days,4,Healthy Fish
fish looks stressed white patch starting from tail please help white taill tip water smells bad...,6,Viral diseases White tail disease
in my aquarium swollen belly breathing faster than normal fish was moved to new tank not sure what happened...,1,Bacterial diseases - Aeromoniasis
since yesterday wite hairy patch not eating properly ammonia may be high weak swimming with white tail other fish look normal?,3,Fungal diseases Saprolegniasis
Weak swimming with white tail tail tissue damaged loss of appetite filter was off for few hours is it serious,6,Viral diseases White tail disease
FISH SWIMMING NORMALLY...,4,Healthy Fish
dropsy like swelling hiding in corner,1,Bacterial diseases - Aeromoniasis
smooth scales,4,Healthy Fish
fish swimming normally not sure what happened,4,Healthy Fish
inflamed red areas does not react much fish looks tired only one fish affected,0,Bacterial Red disease
DOES NOT REACT MUCH WATER SMELLS BAD?,5,Parasitic diseases
hiding in corner new fish added recently today i saw red wounds with swelling hiding in corner,1,Bacterial diseases - Aeromoniasis
my fish white spots on body hiding in corner bloody red spots is it serious,5,Parasitic diseases
since yesterday pale gills mucus on gills sometimes floating near surface started recently,2,Bacterial gill disease
weak movement mucus on gills...,2,Bacterial gill disease
One fish visible lice on fish visible lice on fish slow swimming not sure what happened,5,Parasitic diseases
body ulcer is it serious color looks dull scales sticking out white taill tip,1,Bacterial diseases - Aeromoniasis
it serious bloody red spots less active than usual gills look damaged rapid gill movement in my aquarium,2,Bacterial gill disease
problem is swollen belly abnormal swimming fish was moved to new tank,1,Bacterial diseases - Aeromoniasis
since yesterday fluffy fungus near wound does not react much abnormal swimming other fish look normal,3,Fungal diseases Saprolegniasis
oxygen level may be low it happens mostly at night tail tissue damaged weak movement white discoloration on tail for 2 days?,6,Viral diseases White tail disease
it happens mostly at night fins are clamped problem is oxygen level may be low fish looks tired white hairy patch fungus on body,3,Fungal diseases Saprolegniasis
smooth scales,4,Healthy Fish
Fish looks tired water smells bad,5,Parasitic diseases
sometimes floating near surface feed was changed recently popeye i noticed weak movement scales sticking out not sure what happened,1,Bacterial diseases - Aeromoniasis
since yesterday fuzzy white patches fluffy fungus near wound slow swimming hiding in corner other fish look normal...,3,Fungal diseases Saprolegniasis
hiding in corner what disease is this bloody red spots red ulcers on body,0,Bacterial Red disease
i noticed fuzzy white patches white hairy patch color looks dull after water change red patches body,3,Fungal diseases Saprolegniasis
I noticed fish looks healthy started recently,4,Healthy Fish
not eating properly mold like growth on tail white mold on fins please help fish showing?,3,Fungal diseases Saprolegniasis
today i saw red streaks around tail red streaks around tail loss of appitite is it serious,0,Bacterial Red disease
one fish has healthy fins no red spots water temperature changed not sure what happened,4,Healthy Fish
One fish tail turning white weak movement please help,6,Viral diseases White tail disease
problem is red ulcers on body bloody red spots does not react much oxygen level may be low please help,0,Bacterial Red disease
fish was moved to new tank in my aquarium milky white tail tail turning white please help?,6,Viral diseases White tail disease
problem is rapid gill movement breathin faster than normal ammonia may be high...,2,Bacterial gill disease
for 2 days red wounds on belly please help red patches on body color looks dull staying at bottom red wounds with swelling,0,Bacterial Red disease
since yesterday wite hairy patch loss of appetite tank has algae other fish look normal,3,Fungal diseases Saprolegniasis
since yesterday rubbing body on tank wall white spots on body loss of appetite bloated abdomen other fish look normal,5,Parasitic diseases
grey white fungus slow swimming,3,Fungal diseases Saprolegniasis
is it serious tail rot like wite area less active than usual sometimes floating near serface fish showing ammonia may be high...,6,Viral diseases White tail disease
fish looks tired hiding in corner gasping at water surface it happens mostly at night today i saw pale gills,2,Bacterial gill disease
one fish fish keeps scratching loss of appetite swollen gills other fish look normal,5,Parasitic diseases
Today i saw gasping at water surface fish opens mouth repeatedly does not react much water temperature changed visible lice on fish other fish look normal,2,Bacterial gill disease
today i saw smooth scales swims fine most of the time after water change what disease is this...,4,Healthy Fish
fish keeps scratching loss of appetite,5,Parasitic diseases
today i saw fish opens mouth repeatedly sometimes floating near surface water temperature changed getting worse,2,Bacterial gill disease
Since yesterday bleeding marks on skin red patches on body loss of appetite abnormal swimming after water change it happens mostly at night,0,Bacterial Red disease
i noticed clamped fins fins are clamped gill look damaged not sure what happened,5,Parasitic diseases
one fish has white hairy patch fluffy fungus near wound staying at bottom only one fish affected,3,Fungal diseases Saprolegniasis
my fish has mucus on gills less active than usual what disease this...,2,Bacterial gill disease
less active than usual pH may be unstable,1,Bacterial diseases - Aeromoniasis
in my aquarium pale gills color looks dull fins are clamped tank has algae started recently,2,Bacterial gill disease
White tail tip fish looks tired,6,Viral diseases White tail disease
one fish has tail rot like white area not eating properly does not react much tank has algae clamped fins is it serious,6,Viral diseases White tail disease
weak movement tail fin becoming pale only one fish affected pale gills,2,Bacterial gill disease
stays near filter outlet not eating properly,2,Bacterial gill disease
normal appetite,4,Healthy Fish
for 2 days normal appetite started recently,4,Healthy Fish
my fish grey white fungus grey whit fungus hiding in corner tank has algae scratching against rocks not sure what happened,3,Fungal diseases Saprolegniasis
does not react much tank was cleaned yesterday,2,Bacterial gill disease
for 2 days white hairy patch fish looks stressed skin looks reddish and damaged not sure what happened,3,Fungal diseases Saprolegniasis
for 2 days dropsy like swelling slow swimming fish looks tired mold like growth on tail,1,Bacterial diseases - Aeromoniasis
Today i saw not sure what happened fungus on body loss of appetite,3,Fungal diseases Saprolegniasis
since yesterday flashing behavior clamped fins abnormal swimming oxygen level may be low fungal growth on skin it happens mostly at night,5,Parasitic diseases
it happens mostly at night does not react much clamped fins for 2 days popeye,1,Bacterial diseases - Aeromoniasis
in my aquarium flashing behavior parasites attached to skin does not react much fish looks stressed water smells bad is it serious,5,Parasitic diseases
since yesterday clear eyes it happens mostly at night,4,Healthy Fish
IN MY AQUARIUM FUNGUS ON BODY COLOR LOOKS DULL FLASHING BEHAVIOR WHAT DISEASE IS THIS...,3,Fungal diseases Saprolegniasis
My fish has healthy fins only resting after feeding,4,Healthy Fish
fish looks tired oxygen level may be low,2,Bacterial gill disease
fish looks healthy it happens mostly at night eats a little slow but normal,4,Healthy Fish
in my aquarium bloody red spots is it serious pale gills?,2,Bacterial gill disease
Fish showing smooth scales only resting after feeding water temperature changed it happens mostly at night,4,Healthy Fish
for 2 days fungal growth on skin loss of appetite,3,Fungal diseases Saprolegniasis
in my aquarium tail rot like white area tail end looks dead less active than usual water cloudy only one fish affected,6,Viral diseases White tail disease
fish showing white patch starting from tail tail rot like white area fish looks stressed water temperature changed red streaks around tail it happens mostly at night...,6,Viral diseases White tail disease
I NOTICED SWOLEEN BELLY NOT EATING PROPERLY WEAK MOVEMENT RUBBING BODY ON TANK WALL WHAT DISEASE IS THIS,1,Bacterial diseases - Aeromoniasis
for 2 days no visible wounds sometimes stays still it serious,4,Healthy Fish
fish showing bloody red spots slow swimming oxygen level may be low gasping at water surface getting worse...,0,Bacterial Red disease
cotton wool growth fish looks stressed,3,Fungal diseases Saprolegniasis
Today i saw fish looks bloated weak slow swimming what disease is this,1,Bacterial diseases - Aeromoniasis
slow swimming is it serious fish keeps scratching white patch starting from tail today i saw tank was cleaned yesterday,5,Parasitic diseases
GILS LOOK DAMAGED MY FISH NOT EATING PROPERLY GETTING WORSE,2,Bacterial gill disease
fish keeps scratchng hiding in corner white spots on body for 2 days,5,Parasitic diseases
Skin irritation rubbing body on tank wall staying at bottom swollen belly only one fish affected,5,Parasitic diseases
tail rot like white area fish looks stressed,6,Viral diseases White tail disease
for 2 days normal breathing no breathing issue started recently,4,Healthy Fish
since yesterday tail tissue damaged fish looks tired brething faster than normal fungal growth on skin getting worse,6,Viral diseases White tail disease
since yesterday white teil tip tail tissue damaged slow swimming not sure what happened...,6,Viral diseases White tail disease
in my aquarium fuzzy white patches less active than usual after water change please help,3,Fungal diseases Saprolegniasis
breathing difficulty fins are clamped does not react much getting worse...,2,Bacterial gill disease
my fish has white patch starting from tail not eating properly fins are clamped water is cloudy red ulcers on body started recently?,6,Viral diseases White tail disease
since yesterday swollen belly color looks dull feed was changed recently what disease is this...,1,Bacterial diseases - Aeromoniasis
today i saw deep skin ulcers hiding in corner breathing faster than normal started recently...,1,Bacterial diseases - Aeromoniasis
fish looks tired dropsy like swelling,1,Bacterial diseases - Aeromoniasis
today i saw deep skin ulcers does not react much color looks dull red sores near fins getting worse...,1,Bacterial diseases - Aeromoniasis
grey white fungus it happens mostly at night water is cloudy mold like growth on tail white patch starting from tail weak movement,3,Fungal diseases Saprolegniasis
flashing behavior fish keeps scratching sometimes floating near surface ammonia may be high only one fish affected,5,Parasitic diseases
clamped fins less active than usual,5,Parasitic diseases
one fish has fungal growth on skin abnormal swimming weak swimming with white tail is it serious hiding in corner,6,Viral diseases White tail disease
staying at bottom ammonia may be high,5,Parasitic diseases
my fish has tail tissue damaged milky white tail white spots on body not sure what happened,6,Viral diseases White tail disease
Gills look damaged breathing faster than normal i noticed gasping at water serface,2,Bacterial gill disease
i noticed white mold fins white mold on fins bleeding marks on skin started recently,3,Fungal diseases Saprolegniasis
one fish has scales sticking out water temperature changed it happens mostly at night,1,Bacterial diseases - Aeromoniasis
fins are clamped bloated abdomen,1,Bacterial diseases - Aeromoniasis
not eating properly abnormal swimming only one fish affected one fish has swollen belly red sores near fins...,1,Bacterial diseases - Aeromoniasis
breathing difficulty only one fish affected gills look damaged fins clamped less active than usual one fish has,2,Bacterial gill disease
BROWN GILL COLOR SLOW SWIMMING SLOW SWIMMING SINCE YESTERDAY...,2,Bacterial gill disease
swollen gills color looks dull dropsy like swelling weak movement new fish added recently fish showing what disese is this,1,Bacterial diseases - Aeromoniasis
since yesterday dropsy like swelling deep skin ulcers fish looks stressed red streaks around tail?,1,Bacterial diseases - Aeromoniasis
fish looks stressed new fish added recently,3,Fungal diseases Saprolegniasis
stays near filter outlet staying at bottom,2,Bacterial gill disease
TAIL TISSUE DAMAGED WHAT DISEASE IS THIS PROBLEM IS BREATHING DIFFICULTY STAYING AT BOTTOM,2,Bacterial gill disease
rapid gill movement not eating properly,2,Bacterial gill disease
My fish has white cotton like growth does not react much started recently...,3,Fungal diseases Saprolegniasis
today i saw fish looks healthy no swelling please help,4,Healthy Fish
new fish added recently fungus on body does not react much fish keeps scratching fungus body only one fish affected in my aquarium,3,Fungal diseases Saprolegniasis
fish showing inflamed red areas not eating properly not eating properly water temperature changed what disease is this,0,Bacterial Red disease
water is cloudy not eating properly problem is parasites attached to skin?,5,Parasitic diseases
FOR 2 DAYS HEALTY FINS ONLY RESTING AFTER FEEDING OTHER FISH LOOK NORMAL,4,Healthy Fish
rapid gill movement weak movement,2,Bacterial gill disease
i noticed weak swimming with white tail abnormal swimming,6,Viral diseases White tail disease
problem is small blood marks on scales red wounds on belly slow swimming water cloudy white hairy patch only one fish affected,0,Bacterial Red disease
skin irritation weak movement water temperature changed white coton like growth started recently,5,Parasitic diseases
smooth scales?,4,Healthy Fish
since yesterday tiny salt like dots tiny salt like dots fish looks stressed pH may be unstable other fish look normal...?,5,Parasitic diseases
fluffy fungus near wound fins are clamped not eating properly new fish added recently what disease is this,3,Fungal diseases Saprolegniasis
problem is white hairy patch fuzzy white patches sometimes floating near surface fins are clamped it happens mostly at night...,3,Fungal diseases Saprolegniasis
FISH LOOKS STRESSED AMMONIA MAY BE HIGH,2,Bacterial gill disease
problem is skin irritation parasites attached to skin slow swimming fluffy fungas near wound getting worse,5,Parasitic diseases
in my aquarium normal appetite no fungus other fish look normal,4,Healthy Fish
SINCE YESTERDAY RED WOUNDS ON BELLY RED WOUNDS ON BELLY BREATHING FASTER THAN NORMAL FUNGAL GROWTH ON SKIN IT HAPPENS MOSTLY AT NIGHT,0,Bacterial Red disease
fish showing scales sticking out loss of appitite breathing faster than normal feed was changed recently it happens mostly at night,1,Bacterial diseases - Aeromoniasis
I NOTICED SKIN IRRITATION SCRATCHING AGAINST ROCKS LOSS OF APPETITE HIDING IN CORNER TANK ALGAE STARTED RECENTLY...,5,Parasitic diseases
breathing faster than normal it happens mostly at night body ulcers fluid filled belly in my aquarium fish looks tired,1,Bacterial diseases - Aeromoniasis
"problem fish looks bloated, weak fish looks tired hiding in corner what disease is this",1,Bacterial diseases - Aeromoniasis
bloated abdomen fish looks tired,1,Bacterial diseases - Aeromoniasis
tiny salt dots one fish has only one fish affected,5,Parasitic diseases
not eating properly ammonia may be high,3,Fungal diseases Saprolegniasis
Weak movement other fish look normal fish looks stressed tail turning white in my aquarium,6,Viral diseases White tail disease
for 2 days fish looks bloated and weak fluid filled belly loss of appetite loss of appetite water is slightly dirty...,1,Bacterial diseases - Aeromoniasis
fluid filled belly not eating properly...,1,Bacterial diseases - Aeromoniasis
fish showing bloody red spots color looks dull it happens mostly at night?,0,Bacterial Red disease
tail fin becoming pale tail tissue damaged fish looks stressed it happens mostly at night for 2 days,6,Viral diseases White tail disease
bloated abdomen hiding in corner,1,Bacterial diseases - Aeromoniasis
active and eating well...,4,Healthy Fish
fish showing popeye fluid filled belly breathing faster than normal filter was off for few hours please help,1,Bacterial diseases - Aeromoniasis
my fish has red patches on body fish looks tired water smells bad red wounds with swelling not sure what happened,0,Bacterial Red disease
body ulcers scales sticking out fish looks stressed fish showing not sure what happened,1,Bacterial diseases - Aeromoniasis
visible lice on fish one fish has not eating properly other fish look normal staying at bottom fish keeps scratching,5,Parasitic diseases
bloody red spots small blood marks on scales water smells bad started recently fish showing fish looks stressed,0,Bacterial Red disease
body ulcerss not eating properly...,1,Bacterial diseases - Aeromoniasis
fish showing small blood marks on scales red patches body hiding in corner pale gills what disease is this,0,Bacterial Red disease
loss of appetite after water change,0,Bacterial Red disease
Fish showing white patch starting from teil white tail tip slow swimming fish looks stressed what disease is this,6,Viral diseases White tail disease
since yesterday visible lice on fish skin irritation weak movement color looks dull water is slightly dirty fish looks bloated and weak started recently?,5,Parasitic diseases
breathing difficulty gasping at water surface fish looks stressed weak movement in my aquarium pH may be unstable,2,Bacterial gill disease
fish showing bloody red spots staying at bottom hiding in corner tail end looks dead getting worse,0,Bacterial Red disease
popeye popeye fish looks stressed abnormal swimming filter was off for few hours mold like growth on tail is it serious,1,Bacterial diseases - Aeromoniasis
in my aquarium breathing difficulty feed was changed recently other fish look normal,2,Bacterial gill disease
since yesterday dropsy like swelling red wounds with swelling hiding in corner water temperature changed please help,1,Bacterial diseases - Aeromoniasis
in my aquarium weak movement started recently tail tissue damaged grey white fungus,3,Fungal diseases Saprolegniasis
getting worse fish showing healthy fins...,4,Healthy Fish
ONE FISH HAS FISH KEEPS SCRATCHING STAYING AT BOTTOM WATER IS SLIGHTLY DIRTY STARTED RECENTLY,5,Parasitic diseases
one fish has activ and eating well oxygen level may be low what disease is this,4,Healthy Fish
problem is deep skin ulcerss fluid filled belly sometimes floating near surface water smells bad skin looks reddish and damaged it happens mostly at night,1,Bacterial diseases - Aeromoniasis
white tail tip loss of appetite...,6,Viral diseases White tail disease
fish looks stressed tank has algae,2,Bacterial gill disease
sometimes floating near surface pH may be unstable,3,Fungal diseases Saprolegniasis
my fish has skin irritation sometimes floating near surface fish looks stressed gills look damaged not sure what happened,5,Parasitic diseases
rubbing body on tank wall tank was cleaned yesterday fins are clamped parasites attached to skin rapid gill movement for 2 days,5,Parasitic diseases
in my aquarium red ulcers on body fish looks stressed oxygen level may be low it happens mostly at night,0,Bacterial Red disease
One fish has normal breathing swims fine most of the time other fish look normal,4,Healthy Fish
abnormal swimming white tail tip,6,Viral diseases White tail disease
since yesterday red wounds on belly small blood marks on scales staying at bottom does not react much getting worse,0,Bacterial Red disease
red patches on body weak movement,0,Bacterial Red disease
For 2 days white mold on fins fungus on body color looks dull water temperature changed?,3,Fungal diseases Saprolegniasis
in my aquarium white cotton like growth cotton wool growth weak movement water is slightly dirty started recently,3,Fungal diseases Saprolegniasis
scales sticking out abnormal swimming sometimes floating near surface pH may be unstable getting worse,1,Bacterial diseases - Aeromoniasis
since yesterday white hairy patch breathing faster than normal hiding in corner water is slightly dirty tail rot like white area is it serious...,3,Fungal diseases Saprolegniasis
i noticed bloated abdomen loss of appetite other fish look normal,1,Bacterial diseases - Aeromoniasis
deep skin ulcers pH may be unstable only one fish affected,1,Bacterial diseases - Aeromoniasis
slow swimming fish showing water is cloudy swollen gills milky white tail fish opens mouth repeatedly other fish look normal,2,Bacterial gill disease
in my aquarium dropsy like swelling water temperature changed getting worse?,1,Bacterial diseases - Aeromoniasis
for 2 days red patches on body bleeding marks on skin is it serious,0,Bacterial Red disease
tail rot like white area staying at bottom,6,Viral diseases White tail disease
no visible wounds,4,Healthy Fish
color looks dull fish was moved to new tank...,3,Fungal diseases Saprolegniasis
one fish bleeding marks on skin skin looks reddish damaged staying at bottom parasites attached to skin is it serious...,0,Bacterial Red disease
Today i saw active and eating well water smells bad it happens mostly at night,4,Healthy Fish
fuzzy whit patches gasping at water surface color looks dull in my aquarium fluffy fungus near wound started recently,3,Fungal diseases Saprolegniasis
for 2 days white spots on body visible lice on fish fish looks stressed fungus on body other fish look normal?,5,Parasitic diseases
bright body color,4,Healthy Fish
fish looks bloated and weak sometimes floating near surface fluid filled belly it happens mostly at night since yesterday?,1,Bacterial diseases - Aeromoniasis
not eating properly parasites attached to skin,5,Parasitic diseases
whit taill tip fins are clamped what disease is this tiny salt like dots problem is...,5,Parasitic diseases
In my aquarium milky white teil fish looks tired weak movement,6,Viral diseases White tail disease
it happens mostly at night no visible wounds my fish,4,Healthy Fish
in my aquarium mold like growth on tail white coton like growth fish looks stressed hiding in corner tank has algae what disease is this...,3,Fungal diseases Saprolegniasis
problem is red patches on body weak movement tank has algae what disease is this...,0,Bacterial Red disease
fish showing white mold on fins staying at bottom abnormal swimming fish was moved to new tank it happens mostly at night,3,Fungal diseases Saprolegniasis
pale gills fish looks tired?,2,Bacterial gill disease
sometimes floating surface water is cloudy...,0,Bacterial Red disease
today i saw skin irritation hiding in corner breathing faster than normal after water change it happens mostly at night,5,Parasitic diseases
water temperature changed slow swimming,5,Parasitic diseases
my fish has fins are clamped not sure what happened fluffy fungus near wound body ulcers,1,Bacterial diseases - Aeromoniasis
fish showing fish looks healthy no breathing issue other fish look normal,4,Healthy Fish
tail fin becoming pale does not react much,6,Viral diseases White tail disease
not eating properly started recently white mold on fins gasping at water surface since yesterday oxygen level may be low,2,Bacterial gill disease
fish keeps scratching new fish added recently not eating properly today i saw rubbing body on tank wall,5,Parasitic diseases
ONE FISH HAS SMALL BLOOD MARKS ON SCALES ABNORMAL SWIMMING SOMETIMES FLOATING NEAR SURFACE OXYGEN LEVEL MAY BE LOW NOT SURE WHAT HAPPENED...,0,Bacterial Red disease
problem is gills look damaged brown gill color color looks dull,2,Bacterial gill disease
my fish has clear eyes it happens mostly at night,4,Healthy Fish
Fish looks stressed weak swimming with white tail,6,Viral diseases White tail disease
tail end looks dead abnormal swimming only one fish affected my fish has water temperature changed tail rot like white area...,6,Viral diseases White tail disease
one fish has fluid filled belly hiding in corner water is slightly dirty what diesase is this,1,Bacterial diseases - Aeromoniasis
whit mold on fins bloated abdomen for 2 days is it serious fungus on body color looks dull,3,Fungal diseases Saprolegniasis
one fish has tail end looks dead tail end looks dead fish looks tired new fish added recently not sure what happened...,6,Viral diseases White tail disease
my fish has fish looks healthy swims fine most of the time,4,Healthy Fish
since yesterday rubbing body on tank wall tiny salt like dots less active than usual abnormal swimming fish was moved to new tank what disease is this?,5,Parasitic diseases
white mold on fins started recently new fish added recently one fish has,3,Fungal diseases Saprolegniasis
since yesterday please help tail turning wite does not react much tail tissue damaged,6,Viral diseases White tail disease
i noticed white cotton like growth fluffy fungus near wound pH may be unstable getting worse,3,Fungal diseases Saprolegniasis
i noticed fish keeps scratchng white spots body abnormal swimming what disease is this?,5,Parasitic diseases
White tail tip milky white teil abnormal swimming other fish look normal,6,Viral diseases White tail disease
color looks dull fish showing tail rot like white area what disease is this hiding in corner white discoloration on tail,6,Viral diseases White tail disease
i noticed tail tissue damaged fish was moved to new tank please help?,6,Viral diseases White tail disease
milky white tail tail turning white not eating properly not sure what happened,6,Viral diseases White tail disease
white cotton like growth weak movement...,3,Fungal diseases Saprolegniasis
I NOTICED RED ULCERS BODY STAYING AT BOTTOM STAYING AT BOTTOM WATER IS SLIGHTLY DIRTY ONLY ONE FISH AFFECTED,0,Bacterial Red disease
rapid gill movement not eating properly,2,Bacterial gill disease
i noticed bright body color no fungus only one fish affected,4,Healthy Fish
fins are clamped swollen gills,2,Bacterial gill disease
Normal appetite for 2 days other fish look normal eats a little slow but normal,4,Healthy Fish
one fish has wite patch starting from tail tail rot like white area started recently,6,Viral diseases White tail disease
started recently problem is normal breathing,4,Healthy Fish
in my aquarium white patch starting from tail not eating properly parasite attached to skin other fish look normal,6,Viral diseases White tail disease
ONE FISH HAS WEAK SWIMMING WITE TAIL SOMETIMES FLOATING NEAR SURFACE FUNGUS ON BODY IT HAPPENS MOSTLY AT NIGHT...,6,Viral diseases White tail disease
Bleeding marks on skin color looks dull,0,Bacterial Red disease
PLEASE HELP ABNORMAL SWIMMING OXYGEN LEVEL MAY BE LOW FISH KEEPS SCRACHING PROBLEM IS,5,Parasitic diseases
one fish has tail rot whit area fins are clamped sometimes floating near surface filter was off for few hours,6,Viral diseases White tail disease
since yesterday smooth scales no white spots what disease is this,4,Healthy Fish
problem is popeye sometimes floating near surface oxygen level may be low grey white fungus other fish look normal,1,Bacterial diseases - Aeromoniasis
bleeding marks on skin staying at bottom,0,Bacterial Red disease
MY FISH HAS RAPID GILL MOVEMENT LOSS OF APETITE FISH WAS MOVED TO NEW TANK GREY WHITE FUNGUS OTHER FISH LOOK NORMAL,2,Bacterial gill disease
problem mucus on gills mucus on gills loss of appetite fish keeps scratching please help,2,Bacterial gill disease
other fish look normal abnormal swimming for 2 days breathing faster than normal red wounds on belly skin looks reddish damaged,0,Bacterial Red disease
for 2 days red wounds on belly sometimes floating near surface does not react much it happens mostly at night,0,Bacterial Red disease
fish swimming normally other fish look normal,4,Healthy Fish
feed was changed recently slow swimming,3,Fungal diseases Saprolegniasis
abnormal swimming ammonia may be high,0,Bacterial Red disease
swollen belly slow swimming?,1,Bacterial diseases - Aeromoniasis
fins are clamped red streaks around tail one fish has red streaks around tail is it serious,0,Bacterial Red disease
in my aquarium fish looks healthy no red spots it happens mostly at night...?,4,Healthy Fish
today i saw white mold on fins white mold on fins other fish look normal,3,Fungal diseases Saprolegniasis
tail turning white it happens mostly at night problem is,6,Viral diseases White tail disease
stays near filter outlet fish was moved to new tank please help i noticed fluffy fungas near wound...,3,Fungal diseases Saprolegniasis
my fish has swoleen belly deep skin ulcers breathing faster than normal fish looks stressed is it serious,1,Bacterial diseases - Aeromoniasis
white tail tip hiding in corner,6,Viral diseases White tail disease
red streaks around tail small blood marks on scales is it serious,0,Bacterial Red disease
Problem active and eating well water is cloudy,4,Healthy Fish
today i saw breathing difficulty rapid gill movement fish looks tired fins are clamped please help?,2,Bacterial gill disease
fish showing white mold on fins less active than usual fish looks stressed weak swimming with white tail getting worse,3,Fungal diseases Saprolegniasis
my fish has healthy fins started recently,4,Healthy Fish
it happens mostly at night tail fin becoming pale fish looks stressed slow swimming weak swimming with white tail,6,Viral diseases White tail disease
white patch starting from tail hiding in corner...?,6,Viral diseases White tail disease
Since yesterday rubbing body on tank wall fish keeps scratching fish opens mouth repeatedly please help,5,Parasitic diseases
water temperature changed loss of appetite,0,Bacterial Red disease
in my aquarium visible lice on fish parasites attached to skin color looks dull fish looks tired tank has algae not sure what happened,5,Parasitic diseases
color looks dull does not react much what disease is this since yesterday wite tail tip,6,Viral diseases White tail disease
Since yesterday active and eating well new fish added recently is it serious,4,Healthy Fish
since yesterday visible lice on fish filter was off for few hours tail tissue damaged not sure what happened,5,Parasitic diseases
water temperature changed weak movement,3,Fungal diseases Saprolegniasis
water smells bad does not react much?,0,Bacterial Red disease
for 2 days white discoloration on tail dropsy like swelling started recently,6,Viral diseases White tail disease
since yesterday white mold on fins white mold on fins fish looks stressed water smells bad getting worse,3,Fungal diseases Saprolegniasis
Since yesterday clear eyes no red spots...?,4,Healthy Fish
fish swimming normally please help today i saw,4,Healthy Fish
problem is scraching against rocks fish keeps scratching not sure what happened,5,Parasitic diseases
problem is pH may be unstable mucus gills not sure what happened...,2,Bacterial gill disease
WHITE DISCOLORATION ON TAIL FISH LOOKS TIRED,6,Viral diseases White tail disease
fish showing white mold on fins white mold on fins abnormal swimming fins are clamped tank has algae started recently,3,Fungal diseases Saprolegniasis
one fish has white hairy patch breathing faster than normal what diesase is this,3,Fungal diseases Saprolegniasis
water smells bad fish looks tired,5,Parasitic diseases
visible lice on fish please help water temperature changed abnormal swimming i noticed,5,Parasitic diseases
normal appetite since yesterday getting worse,4,Healthy Fish
weak movement inflamed red areas?,0,Bacterial Red disease
FISH LOOKS BLOATED AND WEAK SWOLLEN BELLY WEAK MOVEMENT AFTER WATER CHANGE IS IT SERIOUS,1,Bacterial diseases - Aeromoniasis
fungal growth on skin fish looks stressed fish looks tired ammonia may be high bleeding marks on skin not sure what happened,3,Fungal diseases Saprolegniasis
My fish has clamped fins abnormal swimming ammonia may be high skin looks reddish and damaged what disease this,5,Parasitic diseases
staying at bottom water temperature changed,1,Bacterial diseases - Aeromoniasis
one fish has scales sticking out bloated abdomen not eating properly oxygen level may be low brown gill color,1,Bacterial diseases - Aeromoniasis
in my aquarium tail turning white tail end looks dead filter was off for few hours started recently,6,Viral diseases White tail disease
in my aquarium hiding in corner color looks dull mold like growth on tail ammonia may be high,3,Fungal diseases Saprolegniasis
my fish has tail rot like white area weak movement oxygen level may be low...,6,Viral diseases White tail disease
color looks dull milky white tail pH may be unstable tail turning white what disease is this for 2 days scratching against rocks,6,Viral diseases White tail disease
since yesterday inflamed red areas only one fish affected,0,Bacterial Red disease
One fish has red wounds with swelling sometimes floating near surface breathing faster than normal other fish look normal,1,Bacterial diseases - Aeromoniasis
staying at bottom water is cloudy,1,Bacterial diseases - Aeromoniasis
is it serious slow swimming abnormal swimming white discoloration on tail parasites attached to skin fish keeps scratching,5,Parasitic diseases
fish showing tail turning white please help white tail tip,6,Viral diseases White tail disease
not eating properly not eating properly i noticed tank has algae other fish look normal stays near filter outlet fish looks bloated and weak,2,Bacterial gill disease
i noticed white cotton like growth whit cotton growth does not react much ammonia may be high please help,3,Fungal diseases Saprolegniasis
one fish has no visible wounds ammonia may be high is it serious,4,Healthy Fish
problem skin irritation tiny salt like dots slow swimming fish opens mouth repeatedly started recently,5,Parasitic diseases
"My fish active, eating well water smells bad other fish look normal",4,Healthy Fish
my fish has visible lice fish scratching against rocks tank was cleaned yesterday what disease this,5,Parasitic diseases
my fish has deep skin ulcers dropsy like swelling feed was changed recently other fish look normal,1,Bacterial diseases - Aeromoniasis
in my aquarium activ and eating well no swelling what disease this,4,Healthy Fish
scales sticking out slow swimming,1,Bacterial diseases - Aeromoniasis
fish showing cotton wool growth mold like growth on tail weak movement feed was changed recently it happens mostly at night,3,Fungal diseases Saprolegniasis
my fish has red wounds with swelling fish looks stressed less active than usual pH may be unstable red streaks around tail please help,1,Bacterial diseases - Aeromoniasis
color looks dull rapid gill movement swollen gills one fish has,2,Bacterial gill disease
TODAY I SAW FUNGAS ON BODY ABNORMAL SWIMMING WATER IS CLOUDY IS IT SERIOUS,3,Fungal diseases Saprolegniasis
Today i saw tiny salt like dots sometimes floating near surface breathing faster than normal ammonia may be high please help,5,Parasitic diseases
for 2 days bloody red spots staying at bottom staying at bottom water smells bad scratchng against rocks other fish look normal...,0,Bacterial Red disease
tail tissue damaged breathing faster than normal,6,Viral diseases White tail disease
Fluffy fungas near wound one fish has not eating properly fluid filled belly breathing faster than normal only one fish affected,1,Bacterial diseases - Aeromoniasis
for 2 days fish looks tired tail fin becoming pale started recently,6,Viral diseases White tail disease
in my aquarium fish keeps scratching visible lice fish sometimes floating near surface water temperature changed fish looks bloated and weak other fish look normal,5,Parasitic diseases
mold like growth on tail staying at bottom fish showing color looks dull fluffy fungus near wound getting worse,3,Fungal diseases Saprolegniasis
one fish has brown gill color rapid gill movement abnormal swimming fins are clamped it happens mostly at night,2,Bacterial gill disease
bright body color...,4,Healthy Fish
I NOTICED HEALTHY FINS EATS A LITTLE SLOW BUT NORMAL TANK HAS ALGAE,4,Healthy Fish
One fish has grey white fungus color looks dull tank has algae only one fish affected,3,Fungal diseases Saprolegniasis
in my aquarium milky white tail white patch starting from teil weak movement please help?,6,Viral diseases White tail disease
inflamed red areas loss of appetite,0,Bacterial Red disease
since yesterday visible lice on fish fish keeps scratching loss of appitite it happens mostly at night,5,Parasitic diseases
since yesterday white patch starting from tail tail tissue damaged fish looks tired fluffy fungus wound please help,6,Viral diseases White tail disease
fish keeps scratching fins are clamped,5,Parasitic diseases
weak movement fish showing other fish look normal skin looks reddish and damaged,0,Bacterial Red disease
clamped fins loss of appetite what disease this i noticed abnormal swimming parasites attached to skin,5,Parasitic diseases
fish showing clear eyes what disease is this,4,Healthy Fish
in my aquarium popeye fins are clamped started recently,1,Bacterial diseases - Aeromoniasis
my fish has scales sticking out fish looks bloated and weak less active than usual after water change only one fish affected,1,Bacterial diseases - Aeromoniasis
Red wounds with swelling swollen belly less active than usual i noticed other fish look normal,1,Bacterial diseases - Aeromoniasis
white tail tip tail tissue damaged staying at bottom water smells bad getting worse,6,Viral diseases White tail disease
Inflamed red areas color looks dull,0,Bacterial Red disease
today i saw tail fin becoming pale started recently...,6,Viral diseases White tail disease
slow swimming bloody red spots...,0,Bacterial Red disease
Fish showing clear eyes other fish look normal,4,Healthy Fish
fish showing stays near filter outlet mucus on gills sometimes floating near serface,2,Bacterial gill disease
MY FISH HAS BLEEDING MARKS ON SKIN LOSS OF APPETITE SLOW SWIMMING TANK WAS CLEANED YESTERDAY FUZZY WHITE PATCHES PLEASE HELP,0,Bacterial Red disease
clamped fins color looks dull,5,Parasitic diseases
"hiding in corner for 2 days blooddy red spots please help skin looks reddish, damaged gasping at water surface",0,Bacterial Red disease
fins are clamped since yesterday dropsy like swelling does not react much tail end looks dead it happens mostly at night new fish added recently,1,Bacterial diseases - Aeromoniasis
fish showing smooth scales only resting after feeding not sure what happened...,4,Healthy Fish
fish looks tired new fish added recently,3,Fungal diseases Saprolegniasis
ammonia may be high fins are clamped...,5,Parasitic diseases
TAIL END LOOKS DEAD COLOR LOOKS DULL FILTER WAS OFF FOR FEW HOURS STAYING AT BOTTOM GETTING WORSE I NOTICED,6,Viral diseases White tail disease
for 2 days breathing difficulty mucus on gills sometimes floating surface new fish added recently tail fin becoming pale getting worse,2,Bacterial gill disease
For 2 days clamped fins not eating properly tank was cleaned yesterday please help...,5,Parasitic diseases
cotton wool growth abnormal swimming,3,Fungal diseases Saprolegniasis
white spots on body loss of appetite,5,Parasitic diseases
ammonia may be high fish swimming normally only one fish affected,4,Healthy Fish
fish showing no visible wounds water smells bad is it serious,4,Healthy Fish
fish looks stressed water temperature changed,1,Bacterial diseases - Aeromoniasis
since yesterday tail end looks dead milky white tail fins are clamped loss of appitite feed was changed recently not sure what happened,6,Viral diseases White tail disease
problem is white hairy patch staying at bottom abnormal swimming is it serious?,3,Fungal diseases Saprolegniasis
is it serious fish looks stressed today i saw clamped fins,5,Parasitic diseases
since yesterday red ulcers on body staying at bottom water is cloudy white patch starting from tail getting worse,0,Bacterial Red disease
my fish has inflamed red areas skin looks reddish and damaged staying at bottom color looks dull bloated abdomen what disease is this...,0,Bacterial Red disease
for 2 days flashing behavior tiny salt like dots color looks dull not sure what happened,5,Parasitic diseases
taill rot like white area not eating properly,6,Viral diseases White tail disease
white patch starting from tail not sure what happened...,6,Viral diseases White tail disease
grey whit fungus does not react much...,3,Fungal diseases Saprolegniasis
tail end looks dead rubbing body tank wall one fish has after water change is it serious,5,Parasitic diseases
fish showing red sores fins red sores near fins not eating properly less active than usual tank was cleaned yesterday is it serious,0,Bacterial Red disease
today i saw does not react much visible lice on fish not sure what happened,5,Parasitic diseases
red wounds swelling oxygen level may be low swollen belly started recently staying at bottom hiding in corner problem is breathing difficulty,1,Bacterial diseases - Aeromoniasis
fish showing tail tissue damaged milky white tail please help color looks dull red wounds with swelling,6,Viral diseases White tail disease
Today i saw flashing behavior loss of appitite ammonia may be high is it serious?,5,Parasitic diseases
in my aquarium swollen belly staying at bottom hiding in corner water smells bad swollen gills started recently,1,Bacterial diseases - Aeromoniasis
brown gill color does not react much,2,Bacterial gill disease
hiding in corner for 2 days tank was cleaned yesterday what disese is this less active than usual white tail tip,6,Viral diseases White tail disease
WEAK MOVEMENT RED STREAKS AROUND TAIL,0,Bacterial Red disease
fish showing breathing difficulty stays near filter outlet fish looks tired hiding in corner skin looks reddish and damaged,2,Bacterial gill disease
Scratching against rocks only one fish affected fish was moved to new tank since yesterday flashing behavior breathing difficulty,5,Parasitic diseases
not eating properly ammonia may be high,6,Viral diseases White tail disease
since yesterday white mold on fins does not react much please help,3,Fungal diseases Saprolegniasis
tank was cleaned yesterday other fish look normal weak movement today i saw red wounds with swelling staying at bottom dropsy like swelling...,1,Bacterial diseases - Aeromoniasis
One fish fuzzy white patches fins are clamped sometimes floating near surface water is slightly dirty only one fish affected,3,Fungal diseases Saprolegniasis
in my aquarium scales sticking out weak movement breathing faster than normal swollen gills please help,1,Bacterial diseases - Aeromoniasis
weak movement oxygen level may be low,6,Viral diseases White tail disease
white patch starting from tail fish showing is it serious less active than usual,6,Viral diseases White tail disease
Rapid gill movement ammonia may be high red streaks around tail gills look damaged my fish has getting worse,2,Bacterial gill disease
started recently brown gill color scratching against rocks in my aquarium sometimes floating near surface rubbing body on tank wall,5,Parasitic diseases
for 2 days scratching against rocks clamped fins fish looks tired water is slightly dirty,5,Parasitic diseases
I NOTICED NO VISIBLE WOUNDS IT HAPPENS MOSTLY AT NIGHT,4,Healthy Fish
for 2 days grey white fungus mold growth on tail fish looks tired other fish look normal,3,Fungal diseases Saprolegniasis
i noticed getting worse dropsy like swelling hiding in corner popeye,1,Bacterial diseases - Aeromoniasis
For 2 days popeye dropsy like swelling getting worse...,1,Bacterial diseases - Aeromoniasis
i noticed inflamed red areas bleeding marks on skin fish looks tired sometimes floating near surface not sure what happened,0,Bacterial Red disease
since yesterday gills look damaged color looks dull staying at bottom please help,2,Bacterial gill disease
taill rot like wite area fish looks tired,6,Viral diseases White tail disease
mucus on gills fish showing slow swimming not sure what happened fish opens mouth repeatedly,2,Bacterial gill disease
i noticed healthy fins not sure what happened,4,Healthy Fish
IN MY AQUARIUM BLEEDING MARKS ON SKIN DOES NOT REACT MUCH FISH LOOKS TIRED IT HAPPENS MOSTLY AT NIGHT,0,Bacterial Red disease
mold like growth on tail white hairy patch loss of appitite is it serious,3,Fungal diseases Saprolegniasis
I NOTICED GILLS LOOK DAMAGED BROWN GILL COLOR WEAK MOVEMENT OXYGEN LEVEL MAY BE LOW TAIL TURNING WHITE OTHER FISH LOOK NORMAL,2,Bacterial gill disease
slow swimming does not react much for 2 days parasites attached to skin other fish look normal,5,Parasitic diseases
i noticed scales sticking out dropsy like swelling staying at bottom please help...,1,Bacterial diseases - Aeromoniasis
my fish has inflamed red areas breathing faster than normal it happens mostly at night,0,Bacterial Red disease
RED WOUNDS ON BELLY SINCE YESTERDAY BRETHING FASTER THAN NORMAL FISH LOOKS STRESSED PLEASE HELP SCALES STICKING OUT WATER SMELLS BAD BLEEDING MARKS ON SKIN?,0,Bacterial Red disease
Tail fin becoming pale abnormal swimming,6,Viral diseases White tail disease
slow swimming tiny salt like dots since yesterday only one fish affected pH may be unstable,5,Parasitic diseases
since yesterday tail rot like white area milky white tail does not react much weak movement body ulcers please help,6,Viral diseases White tail disease
tiny salt dots fish looks stressed,5,Parasitic diseases
Started recently water is cloudy mold like growth on tail for 2 days loss of appetite...?,3,Fungal diseases Saprolegniasis
FISH LOOKS TIRED WEAK SWIMMING WITH WHITE TAIL,6,Viral diseases White tail disease
Today i saw white taill tip weak swimming with white tail breathing faster than normal oxygen level may be low red sores near fins it happens mostly at night,6,Viral diseases White tail disease
in my aquarium fish opens mouth repeatedly stays near filter outlet abnormal swimming less active than usual started recently...,2,Bacterial gill disease
for 2 days fungus on body cotton wool growth color looks dull sometimes floating near surface water is slightly dirty visible lice on fish started recently,3,Fungal diseases Saprolegniasis
in my aquarium red wounds with swelling fish looks tired loss of appetite tank was cleaned yesterday started recently?,1,Bacterial diseases - Aeromoniasis
Less active than usual cotton wool growth,3,Fungal diseases Saprolegniasis
Since yesterday white discoloration on tail white tail tip not eating properly other fish look normal,6,Viral diseases White tail disease
filter was off for few hours staying at bottom,1,Bacterial diseases - Aeromoniasis
today i saw bright body color no fungus please help...,4,Healthy Fish
Is it serious water is slightly dirty in my aquarium gasping at water surface breathing difficulty,2,Bacterial gill disease
problem is fluid filled belly less aktive than usual mold like growth on teil only one fish affected...,1,Bacterial diseases - Aeromoniasis
i noticed red streaks around taill red wounds on belly fish looks tired breathing faster than normal getting worse,0,Bacterial Red disease
red sores near fins weak movement,0,Bacterial Red disease
red ulcers on body blody red spots sometimes floating near surfac less active than usual water is cloudy tail turning white only one fish affected...,0,Bacterial Red disease
not eating properly feed was changed recently,3,Fungal diseases Saprolegniasis
in my aquarium white spots on body staying at bottom loss of appetite oxygen level may be low started recently,5,Parasitic diseases
tank has algae fish looks stressed is it serious mold like growth tail fungal growth on skin today i saw staying at bottom?,3,Fungal diseases Saprolegniasis
I NOTICED RED SORES NEAR FINS LOSS OF APPETITE FISH LOOKS STRESSED NEW FISH ADDED RECENTLY FLASHING BEHAVIOR PLEASE HELP,0,Bacterial Red disease
for 2 days rubbing body on tank wall fish keeps scratchng color looks dull hiding in corner water temperature changed other fish look normal?,5,Parasitic diseases
PROBLEM IS BLOODY RED SPOTS PH MAY BE UNSTABLE GETTING WORSE,0,Bacterial Red disease
For 2 days gills look damaged brown gill color does not react much sometimes floating near surface red streaks around teil?,2,Bacterial gill disease
Swollen gills gills look damaged loss of apetite fish was moved to new tank,2,Bacterial gill disease
in my aquarium parasites attached to skin fish looks stressed fish looks stressed new fish added recently other fish look normal...,5,Parasitic diseases
today i saw grey white fungus new fish added recently only one fish affected,3,Fungal diseases Saprolegniasis
white patch starting from tail in my aquarium fish looks tired tail fin becoming pale tank has algae not sure what happened,6,Viral diseases White tail disease
staying at bottom white cotton growth,3,Fungal diseases Saprolegniasis
gasping at water surface swollen gills weak movement loss of appetite it happens mostly at night,2,Bacterial gill disease
Since yesterday tail end looks dead milky wite tail not eating properly loss of appetite ph may be unstable it happens mostly at night,6,Viral diseases White tail disease
fish looks stressed water temperature changed,2,Bacterial gill disease
OTHER FISH LOOK NORMAL FLASHING BEHAVIOR FUNGAL GROWTH ON SKIN GREY WITE FUNGUS FISH LOOKS TIRED FISH SHOWING,3,Fungal diseases Saprolegniasis
water temperature changed clamped fins please help parasites attached to skin since yesterday fish opens mouth repeatedly,5,Parasitic diseases
not eating properly red streaks around tail,0,Bacterial Red disease
FOR 2 DAYS WATER IS CLOUDY STARTED RECENTLY NOT EATING PROPERLY DEEP SKIN ULCERS SCRATCHING AGAINST ROCKS STAYING AT BOTTOM,5,Parasitic diseases
i noticed red streaks around teil abnormal swimming what disease is this,0,Bacterial Red disease
i noticed smooth scales only resting after feeding not sure what happened,4,Healthy Fish
fish showing fluffy fungus near wound white cotton like growth slow swimming filter was off for few hours not sure what happened,3,Fungal diseases Saprolegniasis
in my aquarium tail fin becoming pale tail fin becoming pale sometimes floating near surface pH may be unstable inflamed red areas other fish look normal,6,Viral diseases White tail disease
IT HAPPENS MOSTLY AT NIGHT SWOLLEN BELLY FISH SHOWING FLUID FILLED BELLY LESS ACTIVE THAN USUAL,1,Bacterial diseases - Aeromoniasis
one fish has pale gils fins are clamped pH may be unstable other fish look normal,2,Bacterial gill disease
fish looks stressed fish showing brown gill color started recently brown gill color,2,Bacterial gill disease
one fish has bright body color no white spots started recently,4,Healthy Fish
since yesterday bloody red spots red sores near fins sometimes floating near surface it happens mostly at night,0,Bacterial Red disease
Tail fin becoming pale not eating properly...,6,Viral diseases White tail disease
staying at bottom only one fish affected small blood marks on scales breathing faster than normal bloody red spots...,0,Bacterial Red disease
small blood marks on scales breathing faster than normal...,0,Bacterial Red disease
problem is weak swimming with white tail milky white tail slow swimming not eating properly tank was cleaned yesterday fish keeps scratching what disease is this?,6,Viral diseases White tail disease
"fish showing bloated abdomen fish looks bloated, weak fins are clamped feed was changed recently bleeding marks on skin",1,Bacterial diseases - Aeromoniasis
gills look damaged not sure what happened,2,Bacterial gill disease
one fish has rubbing body on tank wall fish looks stressed less active than usual it happens mostly at night,5,Parasitic diseases
"Today i saw taill rot like white area tail fin becoming pale abnormal swimming fins are clamped skin looks reddish, damaged not sure what happened",6,Viral diseases White tail disease
started recently since yesterday tiny salt like dots...,5,Parasitic diseases
MY FISH HAS FISH OPENS MOUTH REPEATEDLY PALE GILLS LESS ACTIV THAN USUAL BRETHING FASTER THAN NORMAL DEEP SKIN ULCERS IS IT SERIOUS...?,2,Bacterial gill disease
for 2 days small blood marks on scales red streaks around tail is it serious,0,Bacterial Red disease
"swollen belly fish looks bloated, weak it serious",1,Bacterial diseases - Aeromoniasis
my fish has water smells bad clamped fins weak swimming with white tail slow swimming rubbing body on tank wall,5,Parasitic diseases
for 2 days rubbing body on tank wall less active than usual white spots on body other fish look normal loss of appetite,5,Parasitic diseases
no visible wounds,4,Healthy Fish
fish looks stressed after water change,1,Bacterial diseases - Aeromoniasis
"today i saw skin looks reddish, damaged staying at bottom not eating properly not sure what happened",0,Bacterial Red disease
today i saw taill fin becoming pale less active than usual hiding in corner started recently,6,Viral diseases White tail disease
bright body color,4,Healthy Fish
for 2 days fluid filled belly tank has algae is it serious?,1,Bacterial diseases - Aeromoniasis
other fish look normal fluid filled belly slow swimming fins are clamped problem is fluid filled belly,1,Bacterial diseases - Aeromoniasis
fuzzy white patches fins are clamped filter was off for few hours please help,3,Fungal diseases Saprolegniasis
AKTIVE AND EATING WELL,4,Healthy Fish
please help bleeding marks on skin feed was changed recently breathing faster than normal breathing faster than normal red wounds belly one fish...?,0,Bacterial Red disease
fungal growth on skin not sure what happened less active than usual...,3,Fungal diseases Saprolegniasis
one fish has scratching against rocks rubbing body on tank wall feed was changed recently it happens mostly at night,5,Parasitic diseases
Brown gill color fins are clamped?,2,Bacterial gill disease
TINY SALT LIKE DOTS TINY SALT LIKE DOTS NOT EATING PROPERLY WEAK MOVEMENT AFTER WATER CHANGE DROPSY LIKE SWELLING ONLY ONE FISH AFFECTED,5,Parasitic diseases
one fish has not eating properly milky white tail other fish look normal weak swimming with white tail,6,Viral diseases White tail disease
my fish has red wounds with swelling red wounds with swelling sometimes floating near serface not eating properly oxygen level may be low please help?,1,Bacterial diseases - Aeromoniasis
fish keeps scratching slow swimming,5,Parasitic diseases
I noticed red wounds on belly red sores near fins fish opens mouth repeatedly,0,Bacterial Red disease
In my aquarium white hairy patch less active than usual fish looks tired fish was moved to new tank what disease is this...,3,Fungal diseases Saprolegniasis
i noticed fungal growth on skin fungus on body less active than usual water is cloudy it happens mostly at night,3,Fungal diseases Saprolegniasis
I noticed stays near filter outlet brown gill color breathing faster than normal not sure what happened,2,Bacterial gill disease
normal breathing started recently fish showing no red spots,4,Healthy Fish
fish showing fungal growth on skin coton wool growth hiding in corner tank was cleaned yesterday please help,3,Fungal diseases Saprolegniasis
please help deep skin ulcers inflamed red areas red wounds with swelling weak movement i noticed ammonia may be high,1,Bacterial diseases - Aeromoniasis
For 2 days white spots on body skin irritation breathin faster than normal getting worse...?,5,Parasitic diseases
hiding in corner tail turning white only one fish affected breathin difficulty?,6,Viral diseases White tail disease
normal appetite...,4,Healthy Fish
staying at bottom fungus on body fish showing rapid gill movement what disease is this,3,Fungal diseases Saprolegniasis
body ulcers staying at bottom feed was changed recently,1,Bacterial diseases - Aeromoniasis
Loss of appitite tank was cleaned yesterday,1,Bacterial diseases - Aeromoniasis
my fish has white mold on fins white hairy patch less active than usual scales sticking out it happens mostly at night...,3,Fungal diseases Saprolegniasis
what disease is this sometimes floating near surface water is slightly dirty tail fin becoming pale mucus on gills tail turning white,6,Viral diseases White tail disease
clear eyes,4,Healthy Fish
mold like growth on tail not eating properly red patches on body please help,3,Fungal diseases Saprolegniasis
dropsy like swelling not eating properly...,1,Bacterial diseases - Aeromoniasis
color looks dull fish looks tired started recently mold like growth on tail my fish has,3,Fungal diseases Saprolegniasis
LOSS OF APPETITE RED SORES NEAR FINS ABNORMAL SWIMMING RED SORES NEAR FINS OTHER FISH LOOK NORMAL,0,Bacterial Red disease
in my aquarium stays near filter outlet gills look damaged loss of appetite water temperature changed started recently?,2,Bacterial gill disease
fish showing popeye not eating properly only one fish affected,1,Bacterial diseases - Aeromoniasis
FOR 2 DAYS TAIL FIN BECOMING PALE TAIL END LOOKS DEAD BREATHING FASTER THAN NORMAL WATER TEMPERATURE CHANGED STARTED RECENTLY,6,Viral diseases White tail disease
body ulcers fish looks stressed,1,Bacterial diseases - Aeromoniasis
stays near filter outlet pale gils color looks dull slow swimming filter was off for few hours started recently,2,Bacterial gill disease
fish showing white tail tip fish looks stressed started recently,6,Viral diseases White tail disease
for 2 days active and eating well water cloudy not sure what happened,4,Healthy Fish
problem is tail tissue damaged tail rot like white area does not react much not sure what happened,6,Viral diseases White tail disease
I NOTICED FUNGAL GROWTH ON SKIN FUNGAL GROWTH ON SKIN WEAK MOVEMENT OXYGEN LEVEL MAY BE LOW WHITE TAIL TIP STARTED RECENTLY?,3,Fungal diseases Saprolegniasis
problem is normal breathing filter was off for few hours other fish look normal,4,Healthy Fish
one fish has healthy fins no white spots not sure what happened,4,Healthy Fish
ABNORMAL SWIMMING FISH SHOWING SWOLLEN BELLY BREATHING FASTER THAN NORMAL NOT SURE WHAT HAPPENED,1,Bacterial diseases - Aeromoniasis
FOR 2 DAYS MUCUS ON GILLS COLOR LOOKS DULL FEED WAS CHANGED RECENTLY ONLY ONE FISH AFFECTED,2,Bacterial gill disease
normal appetite,4,Healthy Fish
fish showing tail fin becoming pale white discoloration on tail water is slightly dirty please help,6,Viral diseases White tail disease
since yesterday brown gill color does not react much staying at bottom it happens mostly at night,2,Bacterial gill disease
i noticed tiny salt like dots fish looks stressed feed was changed recently coton wool growth what disese is this,5,Parasitic diseases
not eating properly slow swimming breathing difficulty gasping at water surface one fish has water is slightly dirty,2,Bacterial gill disease
staying at bottom tank was cleaned yesterday,1,Bacterial diseases - Aeromoniasis
my fish has tail rot like whit area tail end looks dead weak movement mucus on gills not sure what happened,6,Viral diseases White tail disease
problem is pale gills loss of appetite please help,2,Bacterial gill disease
one fish has fungal growth on skin white hairy patch loss of appetite water is cloudy it happens mostly at night,3,Fungal diseases Saprolegniasis
"i noticed active, eating well swims fine most of time getting worse",4,Healthy Fish
i noticed tail rot like white area slow swimming does not react much not sure what happened?,6,Viral diseases White tail disease
normal breathing getting worse fish showing?,4,Healthy Fish
Fish looks stressed is it serious filter was off for few hours fish showing fish keeps scratching,5,Parasitic diseases
for 2 days normal appetite getting worse?,4,Healthy Fish
fungus on body hiding in corner,3,Fungal diseases Saprolegniasis
swollen gills less active than usual does not react much water is cloudy rubbing body on tank wall other fish look normal,2,Bacterial gill disease
visible lice on fish fins are clamped,5,Parasitic diseases
one fish has normal breathing no fungus not sure what happened,4,Healthy Fish
problem is no visible wounds it happens mostly at night?,4,Healthy Fish
Fish looks healthy...,4,Healthy Fish
tank algae sometimes floating surface,5,Parasitic diseases
white mold on fins color looks dull fuzzy white patches only one fish affected tank was cleaned yesterday breathing faster than normal my fish has,3,Fungal diseases Saprolegniasis
hiding in corner tank was cleaned yesterday,3,Fungal diseases Saprolegniasis
one fish has visible lice fish breathing faster than normal pH may be unstable please help,5,Parasitic diseases
slow swimming pH may be unstable,6,Viral diseases White tail disease
tiny salt like dots color looks dull,5,Parasitic diseases
abnormal swimming tail end looks dead,6,Viral diseases White tail disease
SOMETIMES FLOATING NEAR SURFACE GILLS LOOK DAMAGED,2,Bacterial gill disease
dropsy like swelling after water change only one fish affected my fish has,1,Bacterial diseases - Aeromoniasis
fluid filled belly fish looks stressed,1,Bacterial diseases - Aeromoniasis
i noticed brown gill color less active than usual please help,2,Bacterial gill disease
fish showing swollen belly body ulcers weak movement is it serious,1,Bacterial diseases - Aeromoniasis
not eating properly started recently for 2 days brown gill color,2,Bacterial gill disease
skin irritation hiding in corner?,5,Parasitic diseases
loss of appetite bloated abdomen,1,Bacterial diseases - Aeromoniasis
FISH SHOWING DEEP SKIN ULCERS FLUID FILLED BELLY HIDING IN CORNER FISH LOOKS TIRED PH MAY BE UNSTABLE ONLY ONE FISH AFFECTED,1,Bacterial diseases - Aeromoniasis
in my aquarium swollen gills swollen gills less active than usual not sure what happened...,2,Bacterial gill disease
my fish has brown gill color slow swimming fish was moved to new tank it happens mostly at night,2,Bacterial gill disease
RED PATCHES BODY STAYING AT BOTTOM...,0,Bacterial Red disease
today i saw clamped fins fish keeps scratching weak movement does not react much what disease is this,5,Parasitic diseases
FOR 2 DAYS CLEAR EYES IS IT SERIOUS...,4,Healthy Fish
one fish has red streaks around tail red wounds on belly sometimes floating near surface not sure what happened,0,Bacterial Red disease
fish showing after water change breathing difficulty color looks dull color looks dull what disease is this,2,Bacterial gill disease
today i saw clear eyes no white spots,4,Healthy Fish
GASPING AT WATER SURFACE ABNORMAL SWIMMING IN MY AQUARIUM ONLY ONE FISH AFFECTED,2,Bacterial gill disease
FISH SHOWING WHITE DISCOLORATION ON TAIL TAIL END LOOKS DEAD LESS ACTIVE THAN USUAL WHAT DISEASE IS THIS,6,Viral diseases White tail disease
today i saw breathing difficulty pale gills loss of appetite is it serious,2,Bacterial gill disease
i noticed bloated abdomen breathing faster than normal water smells bad only one fish affected,1,Bacterial diseases - Aeromoniasis
fish looks healthy,4,Healthy Fish
today i saw stays near filter outlet swollen gills weak movement slow swimming ammonia may be high is it serious,2,Bacterial gill disease
Fish looks tired fluid filled belly,1,Bacterial diseases - Aeromoniasis
in my aquarium mucus on gills mucus on gills color looks dull does not react much feed was changed recently what disease this,2,Bacterial gill disease
no visible wounds,4,Healthy Fish
my fish has healthy fins only one fish affected,4,Healthy Fish
For 2 days stays near filter outlet hiding in corner white mold on fins,2,Bacterial gill disease
fungal growth on skin only one fish affected new fish added recently fungal growth on skin,3,Fungal diseases Saprolegniasis
FOR 2 DAYS RED PATCHES ON BODY SKIN LOOKS REDDISH AND DAMAGED LOSS OF APPETITE WATER IS SLIGHTLY DIRTY RAPID GILL MOVEMENT IT HAPPENS MOSTLY AT NIGHT,0,Bacterial Red disease
fish keeps scratching fish looks tired,5,Parasitic diseases
slow swimming oxygen level may be low,2,Bacterial gill disease
smooth scales fish was moved to new tank i noticed,4,Healthy Fish
for 2 days fish looks bloated and weak sometimes floating near surface new fish added recently it happens mostly at night,1,Bacterial diseases - Aeromoniasis
my fish has fluid filled belly red wounds swelling sometimes floating near surface fish looks tired pH may be unstable getting worse...,1,Bacterial diseases - Aeromoniasis
problem is bleeding marks on skin bleeding marks on skin fins are clamped tank was cleaned yesterday only one fish affected,0,Bacterial Red disease
i noticed swollen belly fluid filled belly fish looks stressed is it serious,1,Bacterial diseases - Aeromoniasis
in my aquarium no visible wounds tank was cleaned yesterday what disease this,4,Healthy Fish
today i saw tank was cleaned yesterday clear eyes not sure what happened no white spots,4,Healthy Fish
i noticed gills look damaged pale gills slow swimming sometimes floating near surface pH may be unstable red sores near fins what disease is this,2,Bacterial gill disease
fish showing only one fish affected white patch starting from tail weak swimming with wite teil fluffy fungus near wound does not react much,6,Viral diseases White tail disease
my fish has gills look damaged gills look damaged fins are clamped please help...?,2,Bacterial gill disease
is it serious red wounds swelling pH may be unstable cotton wool growth in my aquarium loss of appetite,3,Fungal diseases Saprolegniasis
less active than usual tank has algae,0,Bacterial Red disease
fuzzy white patches fish looks tired breathing faster than normal other fish look normal,3,Fungal diseases Saprolegniasis
one fish has inflamed red areas red ulcers on body loss of appetite it happens mostly at night,0,Bacterial Red disease
fish showing visible lice on fish fish looks tired oxygen level may be low other fish look normal,5,Parasitic diseases
color looks dull abnormal swimming white spots on body rubbing body on tank wall what disease is this?,5,Parasitic diseases
white discoloration tail it happens mostly at night fish showing brething faster than normal,6,Viral diseases White tail disease
for 2 days swollen belly fluid filled belly slow swimming after water change other fish look normal,1,Bacterial diseases - Aeromoniasis
problem is fish opens mouth repeatedly hiding in corner less active than usual fish was moved to new tank it happens mostly at night,2,Bacterial gill disease
sometimes floating near surface feed was changed recently,2,Bacterial gill disease
since yesterday fluffy fungus near wound less active than usual started recently,3,Fungal diseases Saprolegniasis
today i saw fuzzy white patches white hairy patch fish looks tired water smells bad started recently,3,Fungal diseases Saprolegniasis
problem is tail tissue damaged tail turning white breathing faster than normal oxygen level may be low started recently,6,Viral diseases White tail disease
today i saw tail turning white tail fin becoming pale hiding in corner sometimes floating near surface started recently...,6,Viral diseases White tail disease
bloated abdomen color looks dull i noticed weak swimming with white tail white patch starting from tail...,6,Viral diseases White tail disease
SINCE YESTERDAY FISH LOOKS BLOATED AND WEAK NOT EATING PROPERLY AMMONIA MAY BE HIGH OTHER FISH LOOK NORMAL,1,Bacterial diseases - Aeromoniasis
red streaks around tail fish looks stressed,0,Bacterial Red disease
mucus on gills breathing difficulty fish looks tired tiny salt like dots what disease this,2,Bacterial gill disease
red ulcers on body color looks dull,0,Bacterial Red disease
my fish has bloody red spots red sores near fins fish looks stressed breathing faster than normal other fish look normal,0,Bacterial Red disease
problem is popeye it happens mostly at night new fish added recently,1,Bacterial diseases - Aeromoniasis
started recently i noticed loss of appetite red ulcers on body,0,Bacterial Red disease
active and eating well for 2 days what disease is this,4,Healthy Fish
bloated abdomen fins are clamped,1,Bacterial diseases - Aeromoniasis
clamped fins rubbing body on tank wall loss of appetite feed was changed recently other fish look normal...,5,Parasitic diseases
STAYING AT BOTTOM RUBBING BODY ON TANK WALL,5,Parasitic diseases
my fish has tail rot like white area tail end looks dead fish looks stressed started recently...,6,Viral diseases White tail disease
skin looks reddish and damaged red wounds on belly for 2 days fins are clamped,0,Bacterial Red disease
SMOOTH SCALES,4,Healthy Fish
my fish has body ulcers bloated abdomen hiding in corner new fish added recently tiny salt like dots please help,1,Bacterial diseases - Aeromoniasis
tail fin becoming pale cotton wool growth what disease is this oxygen level may be low white discoloration on tail in my aquarium?,6,Viral diseases White tail disease
small blood marks on scales loss of appetite,0,Bacterial Red disease
Water is cloudy staying at bottom fish opens mouth repeatedly since yesterday breathing difficulty does not react much,2,Bacterial gill disease
no brething issue fish swimming normally only one fish affected for 2 days,4,Healthy Fish
for 2 days tiny salt like dots parasites attached to skin sometimes floating surface loss of appitite fish was moved to new tank tail turning white getting worse,5,Parasitic diseases
"skin looks reddish, damaged sometimes floating near surface",0,Bacterial Red disease
fins are clamped ammonia may be high,6,Viral diseases White tail disease
since yesterday skin irritation fish keeps scratching breathing faster than normal started recently?,5,Parasitic diseases
today i saw milky white tail tail end looks dead weak movement slow swimming red wounds with swelling started recently,6,Viral diseases White tail disease
tank has algae does not react much?,3,Fungal diseases Saprolegniasis
inflamed red areas fish showing brown gill color fish opens mouth repeatedly fish looks tired started recently,2,Bacterial gill disease
my fish has stays near filter outlet swollen gills hiding in corner new fish added recently it happens mostly at night...,2,Bacterial gill disease
fish looks tired filter was off for few hours,5,Parasitic diseases
my fish has parasites attached to skin flashing behavior slow swimming gasping at water surface started recently,5,Parasitic diseases
my fish has inflamed red areas small blood marks scales not sure what happened...,0,Bacterial Red disease
does not react much started recently bleeding marks on skin inflamed red areas my fish has,0,Bacterial Red disease
feed was changed recently sometimes floating near surface?,1,Bacterial diseases - Aeromoniasis
my fish has tail rot like white area hiding in corner water is slightly dirty started recently...,6,Viral diseases White tail disease
in my aquarium loss of appetite swollen belly other fish look normal swollen belly,1,Bacterial diseases - Aeromoniasis
one fish has normal breathing sometimes stays still only one fish affected,4,Healthy Fish
white mold on fins today i saw it happens mostly at night red streaks around tail,3,Fungal diseases Saprolegniasis
healthy fins,4,Healthy Fish
today i saw deep skin ulcers does not react much loss of appetite small blood marks on scales,1,Bacterial diseases - Aeromoniasis
fish showing flashing behavior tiny salt like dots weak movement only one fish affected,5,Parasitic diseases
FEED WAS CHANGED RECENTLY RED ULCERS ON BODY TODAY I SAW IT HAPPENS MOSTLY AT NIGHT...,0,Bacterial Red disease
I NOTICED FLASHING BEHAVIOR BREATHING FASTER THAN NORMAL GREY WHITE FUNGUS WHAT DISEASE THIS,5,Parasitic diseases
scratching against rocks slow swimming,5,Parasitic diseases
bright body color eats a little slow but normal started recently...,4,Healthy Fish
For 2 days red wounds with swelling popeye color looks dull new fish added recently not sure what happened,1,Bacterial diseases - Aeromoniasis
fish showing clamped fins fish looks stressed not eating properly water smells bad only one fish affected,5,Parasitic diseases
RED SORES NEAR FINS FINS ARE CLAMPED...,0,Bacterial Red disease
clear eyes,4,Healthy Fish
since yesterday red wounds belly fins are clamped weak movement filter was off for few hours please help,0,Bacterial Red disease
fluid filled belly not eating properly today i saw deep skin ulcers is it serious,1,Bacterial diseases - Aeromoniasis
"Skin looks reddish, damaged does not react much",0,Bacterial Red disease
does not react much water temperature changed,3,Fungal diseases Saprolegniasis
red sores near fins color looks dull,0,Bacterial Red disease
fungal growth skin white cotton like growth does not react much fish looks tired getting worse,3,Fungal diseases Saprolegniasis
IS IT SERIOUS TAIL TISSUE DAMAGED LOSS OF APPETITE FOR 2 DAYS,6,Viral diseases White tail disease
sometimes floating near surface after water change,2,Bacterial gill disease
since yesterday water smells bad does not react much bloody red spots started recently,0,Bacterial Red disease
flashing behavior slow swimming...,5,Parasitic diseases
started recently popeye fish looks bloated and weak problem is pH may be unstable,1,Bacterial diseases - Aeromoniasis
bleeding marks on skin red ulcers body it happens mostly at night loss of appetite i noticed,0,Bacterial Red disease
white taill tip milky white tail it happens mostly at night staying at bottom staying at bottom my fish has,6,Viral diseases White tail disease
fins are clamped fish keeps scratching inflamed red areas it happens mostly at night rubbing body on tank wall today i saw...,5,Parasitic diseases
mold growth on tail staying at bottom,3,Fungal diseases Saprolegniasis
not sure what happened fish looks healthy no breathing issue for 2 days tank algae,4,Healthy Fish
white tail tip sometimes floating near surface?,6,Viral diseases White tail disease
rubbing body on tank wall does not react much,5,Parasitic diseases
wite teil tip slow swimming getting worse,6,Viral diseases White tail disease
other fish look normal my fish has fungus on body slow swimming fuzzy white patches...,3,Fungal diseases Saprolegniasis
in my aquarium tail fin becoming pale weak swimming with white tail breathing faster than normal not eating properly getting worse,6,Viral diseases White tail disease
ACTIVE AND EATING WELL NO BREATHING ISSUE OTHER FISH LOOK NORMAL,4,Healthy Fish
slow swimming water is cloudy?,5,Parasitic diseases
i noticed whit mold on fins mold like growth on tail does not react much fish was moved to new tank red streaks around tail only one fish affected,3,Fungal diseases Saprolegniasis
parasites attached to skin loss of appetite not sure what happened,5,Parasitic diseases
today i saw tail end looks dead white discoloration on tail fish looks stressed water temperature changed bloated abdomen what diesase is this,6,Viral diseases White tail disease
white tail tip getting worse brown gill color loss of appetite,2,Bacterial gill disease
fish showing pale gills stays near filter outlet less active than usual oxygen level may be low what disease is this,2,Bacterial gill disease
fish showing bloated abdomen fish looks tired only one fish affected?,1,Bacterial diseases - Aeromoniasis
milky white tail abnormal swimming...,6,Viral diseases White tail disease
not eating properly new fish added recently,1,Bacterial diseases - Aeromoniasis
problem is rapid gill movement fins are clamped breathing faster than normal after water change other fish look normal,2,Bacterial gill disease
I noticed rubbing body on tank wall white spots on body staying at bottom does not react much other fish look normal,5,Parasitic diseases
HEALTHY FINS,4,Healthy Fish
filter was off for few hours fins are clamped?,0,Bacterial Red disease
one fish has fluid filled belly body ulcers mold like growth on tail,1,Bacterial diseases - Aeromoniasis
i noticed milky white tail tail turning white abnormal swimming loss of appitite pH may be unstable is it serious,6,Viral diseases White tail disease
bloated abdomen pH may be unstable it happens mostly at night,1,Bacterial diseases - Aeromoniasis
getting worse fish was moved to new tank gasping at water surface slow swimming not eating properly swollen gills tiny salt like dots,2,Bacterial gill disease
fish opens mouth repeatedly for 2 days not sure what happened ammonia may be high weak movement,2,Bacterial gill disease
sometimes floating near surface fuzzy white patches,3,Fungal diseases Saprolegniasis
problem is red streaks around taill small blood marks on scales loss of appetite fish looks stressed only one fish affected,0,Bacterial Red disease
For 2 days deep skin ulcers fish looks stressed slow swimming popeye,1,Bacterial diseases - Aeromoniasis
fish looks stressed mold growth on tail does not react much today i saw fuzzy wite patches,3,Fungal diseases Saprolegniasis
since yesterday rubbing body on tank wall tiny salt like dots does not react much water smells bad getting worse,5,Parasitic diseases
TEIL TURNING WHITE TAILL END LOOKS DEAD IT HAPPENS MOSTLY AT NIGHT COLOR LOOKS DULL ONE FISH HAS WHITE MOLD ON FINS,6,Viral diseases White tail disease
visible lice fish weak movement,5,Parasitic diseases
what disese is this ammonia may be high problem is gasping at water surface sometimes floating near surface grey white fungas breathing difficulty...,2,Bacterial gill disease
in my aquarium pale gills abnormal swimming color looks dull is it serious,2,Bacterial gill disease
since yesterday white hairy patch loss of appetite abnormal swimming only one fish affected...,3,Fungal diseases Saprolegniasis
red sores near fins fish looks stressed,0,Bacterial Red disease
today i saw popeye abnormal swimming other fish look normal,1,Bacterial diseases - Aeromoniasis
fish looks stressed filter was off for few hours,0,Bacterial Red disease
i noticed bleeding marks on skin small blood marks on scales weak movement water temperature changed red wounds with swelling started recently?,0,Bacterial Red disease
for 2 days grey white fungus fluffy fungus wound color looks dull clamped fins is it serious,3,Fungal diseases Saprolegniasis
I NOTICED RUBBING BODY ON TANK WALL FISH LOOKS TIRED SLOW SWIMMING NOT SURE WHAT HAPPENED,5,Parasitic diseases
today i saw swollen gills mold growth tail getting worse,2,Bacterial gill disease
today i saw rubbing body on tank wall skin irritation does not react much slow swimming water smells bad skin looks reddish and damaged not sure what happened,5,Parasitic diseases
problem is inflamed red areas not sure what happened,0,Bacterial Red disease
fish keeps scratchng i noticed tiny salt like dots color looks dull other fish look normal red wounds with swelling,5,Parasitic diseases
tail turning white breathing faster than normal not eating properly my fish has it happens mostly at night...,6,Viral diseases White tail disease
I noticed white spots on body fish looks stressed breathin faster than normal water smells bad it serious?,5,Parasitic diseases
white cotton like growth less active than usual,3,Fungal diseases Saprolegniasis
swollen gills slow swimming,2,Bacterial gill disease
"my fish has fish looks bloated, weak dropsy like swelling color looks dull other fish look normal",1,Bacterial diseases - Aeromoniasis
today i saw white cotton like growth mold like growth on tail abnormal swimming water is cloudy getting worse,3,Fungal diseases Saprolegniasis
fins are clamped water is cloudy,6,Viral diseases White tail disease
Slow swimming white patch starting from tail,6,Viral diseases White tail disease
MY FISH TAIL TISSUE DAMAGED WHITE TAIL TIP COLOR LOOKS DULL FINS ARE CLAMPED GETTING WORSE,6,Viral diseases White tail disease
problem is bleeding marks on skin skin looks reddish and damaged less active than usual not eating properly is it serious,0,Bacterial Red disease
Hiding in corner grey white fungus?,3,Fungal diseases Saprolegniasis
for 2 days white patch starting from tail tail tissue damaged getting worse?,6,Viral diseases White tail disease
RED PATCHES ON BODY SLOW SWIMMING,0,Bacterial Red disease
White discoloration on taill water temperature changed,6,Viral diseases White tail disease
less active than usual stays near filter outlet?,2,Bacterial gill disease
"i noticed fish looks bloated, weak loss of appetite getting worse...",1,Bacterial diseases - Aeromoniasis
does not react much oxygen level may be low,1,Bacterial diseases - Aeromoniasis
fish looks stressed getting worse blooddy red spots,0,Bacterial Red disease
pH may be unstable hiding in corner,3,Fungal diseases Saprolegniasis
breathing faster than normal red wounds on belly,0,Bacterial Red disease
problem is white cotton like growth hiding in corner slow swimming ammonia may be high popeye started recently,3,Fungal diseases Saprolegniasis
FISH SWIMMING NORMALLY?,4,Healthy Fish
Please help fungus on body not eating properly less active than usual dropsy like swelling cotton wool growth today i saw,3,Fungal diseases Saprolegniasis
pale gills mucus on gills abnormal swimming oxygen level may be low getting worse...,2,Bacterial gill disease
today i saw active and eating well swims fine most of the time what disease is this,4,Healthy Fish
inflamed red areas one fish has red streaks around tail not sure what happened,0,Bacterial Red disease
WEAK MOVEMENT AMMONIA MAY BE HIGH FOR 2 DAYS WHITE TAIL TIP IT SERIOUS BLOODY RED SPOTS,6,Viral diseases White tail disease
NOT EATING PROPERLY SOMETIMES FLOATING NEAR SURFACE TINY SALT LIKE DOTS PH MAY BE UNSTABLE CLAMPED FINS TODAY I SAW,5,Parasitic diseases
for 2 days weak movement fish looks tired only one fish affected cotton wool growth,3,Fungal diseases Saprolegniasis
in my aquarium scratching against rocks rubbing body on tank wall hiding in corner tank algae brown gill color please help...,5,Parasitic diseases
problem is fish opens mouth repeatedly mucus on gills staying at bottom water cloudy started recently,2,Bacterial gill disease
problem is cotton wool growth fungal growth on skin getting worse,3,Fungal diseases Saprolegniasis
body ulcers pH may be unstable please help i noticed gasping at water surface less active than usual fish looks bloated and weak,1,Bacterial diseases - Aeromoniasis
hiding in corner fish opens mouth repeatedly red sores near fins please help,2,Bacterial gill disease
problem is tail fin becoming pale white discoloration teil does not react much loss of appetite fish looks bloated and weak started recently?,6,Viral diseases White tail disease
is it serious oxygen level may be low stays near filter outlet color looks dull since yesterday pale gills staying at bottom...,2,Bacterial gill disease
taill rot like white area hiding in corner,6,Viral diseases White tail disease
FUZZY WHITE PATCHES PROBLEM IS TINY SALT LIKE DOTS GETTING WORSE COLOR LOOKS DULL AMMONIA MAY BE HIGH LOSS OF APPETITE CLAMPED FINS,5,Parasitic diseases
inflamed red areas red wounds on belly color looks dull it happens mostly at night,0,Bacterial Red disease
hiding in corner does not react much getting worse brown gill color skin looks reddish and damaged since yesterday pale gills water is cloudy,2,Bacterial gill disease
i noticed mucus on gill swollen gills color looks dull other fish look normal,2,Bacterial gill disease
gasping at water surface fish looks stressed,2,Bacterial gill disease
today i saw red wounds on belly bleeding marks on skin less active than usual tank was cleaned yesterday skin irritation please help,0,Bacterial Red disease
IN MY AQUARIUM PALE GILLS STAYING AT BOTTOM FISH LOOKS TIRED GETTING WORSE?,2,Bacterial gill disease
red wounds on belly skin looks reddish and damaged fish looks tired is it serious?,0,Bacterial Red disease
fish keeps scratching weak movement fish looks tired started recently?,5,Parasitic diseases
less active than usual tank was cleaned yesterday,0,Bacterial Red disease
problem bright body color eats a little slow but normal other fish look normal,4,Healthy Fish
white discoloration on tail white discoloration on tail fish looks stressed hiding in corner brown gill color is it serious,6,Viral diseases White tail disease
fungus on body does not react much skin irritation other fish look normal,3,Fungal diseases Saprolegniasis
hiding in corner new fish added recently does not react much my fish has fluffy fungus wound mucus on gils,2,Bacterial gill disease
hiding in corner bleeding marks on skin for 2 days please help...,0,Bacterial Red disease
Please help no breathing issue smooth scales today i saw water is cloudy,4,Healthy Fish
my fish has fuzzy white patches fuzzy white patches abnormal swimming fish looks stressed not sure what happened,3,Fungal diseases Saprolegniasis
For 2 days rapid gill movement breathin difficulty it happens mostly at night,2,Bacterial gill disease
PROBLEM IS STAYS NEAR FILTER OUTLET BROWN GILL COLOR FISH LOOKS STRESSED BREATHING FASTER THAN NORMAL TANK HAS ALGAE STARTED RECENTLY,2,Bacterial gill disease
MILKY WHITE TAIL COLOR LOOKS DULL,6,Viral diseases White tail disease
my fish has normal appetite eats a little slow but normal water is cloudy getting worse,4,Healthy Fish
fish looks stressed scales sticking out,1,Bacterial diseases - Aeromoniasis
in my aquarium scratching against rocks weak movement feed was changed recently other fish look normal,5,Parasitic diseases
fish showing fluffy fungus near wound fish looks stressed getting worse,3,Fungal diseases Saprolegniasis
since yesterday skin looks reddish and damaged not sure what happened,0,Bacterial Red disease
IN MY AQUARIUM SCRATCHING AGAINST ROCKS FISH KEEPS SCRATCHING BREATHING FASTER THAN NORMAL IT HAPPENS MOSTLY AT NIGHT,5,Parasitic diseases
fungal growth on skin less aktive than usual,3,Fungal diseases Saprolegniasis
in my aquarium whit mold fins weak movement red sores near fins only one fish affected,3,Fungal diseases Saprolegniasis
Cotton wool growth my fish has loss of appetite white hairy patch abnormal swimming not sure what happened,3,Fungal diseases Saprolegniasis
Mold like growth on taill mold like growth tail less active than usual fish looks stressed,3,Fungal diseases Saprolegniasis
fish showing not eating properly hiding in corner pale gills white discoloration on tail not sure what happened,2,Bacterial gill disease
Breathing faster than normal getting worse red wounds with swelling grey white fungus today i saw fluid filled belly?,1,Bacterial diseases - Aeromoniasis
for 2 days fungis on body fungis body color looks dull loss of appetite fish was moved to new tank only one fish affected...,3,Fungal diseases Saprolegniasis
"problem is red wounds on belly skin looks reddish, damaged color looks dull fuzzy whit patches getting worse...",0,Bacterial Red disease
abnormal swimming water is slightly dirty...,1,Bacterial diseases - Aeromoniasis
since yesterday bleeding marks skin red patches on body color looks dull what disease is this...,0,Bacterial Red disease
fungus on body staying at bottom brown gill color is it serious,3,Fungal diseases Saprolegniasis
white cotton like growth fins are clamped?,3,Fungal diseases Saprolegniasis
"fish showing fish looks bloated, weak hiding in corner sometimes floating surface water is slightly dirty not sure what happened",1,Bacterial diseases - Aeromoniasis
color looks dull i noticed rubbing body on tank wall white spots on body only one fish affected,5,Parasitic diseases
WEAK SWIMMING WITH WHITE TAIL WEAK MOVEMENT,6,Viral diseases White tail disease
only one fish affected fish swimming normally in my aquarium...,4,Healthy Fish
Is it serious fluffy fungus wound sometimes floating near surface tank was cleaned yesterday my fish has,3,Fungal diseases Saprolegniasis
bloody red spots less active than usual,0,Bacterial Red disease
fins are clamped water smells bad,2,Bacterial gill disease
for 2 days dropsy like swelling red wounds with swelling does not react much what disease is this?,1,Bacterial diseases - Aeromoniasis
in my aquarium no fungus fish looks healty other fish look normal,4,Healthy Fish
"in my aquarium active, eating well no fungus getting worse",4,Healthy Fish
in my aquarium sometimes floating near surface hiding in corner pH may be unstable it happens mostly at night mucus on gills weak swimming with white tail?,2,Bacterial gill disease
one fish has fish looks healthy,4,Healthy Fish
scratching against rocks abnormal swimming,5,Parasitic diseases
white spots on body tiny salt like dots fish looks tired not eating properly getting worse...,5,Parasitic diseases
wite hairy patch does not react much,3,Fungal diseases Saprolegniasis
Fish showing bloody red spots red wounds on belly not eating properly feed was changed recently what disease is this...,0,Bacterial Red disease
my fish dropsy like swelling bloated abdomen does not react much loss of appetite scratching against rocks is it serious?,1,Bacterial diseases - Aeromoniasis
fish looks tired filter was off for few hours,6,Viral diseases White tail disease
today i saw inflamed red areas color looks dull loss of appetite after water change please help...,0,Bacterial Red disease
after water change today i saw sometimes floating near surface red ulcers on body getting worse,0,Bacterial Red disease
weak movement oxygen level may be low,5,Parasitic diseases
tank was cleaned yesterday white discoloration on tail i noticed color looks dull sometimes floating near surface,6,Viral diseases White tail disease
fish looks stressed tail fin becoming pale breathin difficulty rapid gill movement fins are clamped today i saw started recently...,2,Bacterial gill disease
my fish white mold on fins fins are clamped less active than usual it happens mostly at night,3,Fungal diseases Saprolegniasis
weak movement water is slightly dirty,3,Fungal diseases Saprolegniasis
filter was off for few hours getting worse fish looks stressed visible lice on fish...?,5,Parasitic diseases
my fish has brown gill color gasping at water surface staying at bottom oxygen level may be low please help,2,Bacterial gill disease
one fish has clear eyes no white spots it happens mostly at night?,4,Healthy Fish
less active than usual tank was cleaned yesterday coton wool growth i noticed what disease is this,3,Fungal diseases Saprolegniasis
fish looks healthy,4,Healthy Fish
my fish has parasites attached to skin hiding in corner started recently,5,Parasitic diseases
i noticed rapid gill movement less active than usual fish looks stressed it happens mostly at night?,2,Bacterial gill disease
normal breathing problem is getting worse,4,Healthy Fish
one fish has pale gills not eating properly abnormal swimming getting worse,2,Bacterial gill disease
I noticed fish looks healthy only resting after feeding what disease is this,4,Healthy Fish
In my aquarium not sure what happened no visible wounds after water change,4,Healthy Fish
fluffy fungus near wound abnormal swimming...,3,Fungal diseases Saprolegniasis
"i noticed fish looks bloated, weak less active than usual getting worse",1,Bacterial diseases - Aeromoniasis
today i saw fungus on body white mold on fins weak movement ammonia may be high red patches on body not sure what happened?,3,Fungal diseases Saprolegniasis
for 2 days white mold on fins breathing faster than normal fish looks stressed fish was moved to new tank is it serious?,3,Fungal diseases Saprolegniasis
in my aquarium tail end looks dead fins are clamped fish was moved to new tank what desease is this,6,Viral diseases White tail disease
my fish has popeye deep skin ulcers is it serious,1,Bacterial diseases - Aeromoniasis
"fish looks tired skin looks reddish, damaged?",0,Bacterial Red disease
hiding in corner ammonia may be high,2,Bacterial gill disease
loss of appetite water smells bad,2,Bacterial gill disease
in my aquarium skin irritation fins are clamped started recently...,5,Parasitic diseases
today i saw white mold on fins grey white fungus slow swimming water is slightly dirty it happens mostly at night,3,Fungal diseases Saprolegniasis
fish looks tired water temperature changed?,2,Bacterial gill disease
my fish has normal breathing only one fish affected,4,Healthy Fish
cotton wool growth hiding in corner...,3,Fungal diseases Saprolegniasis
problem is inflamed red areas fish looks tired filter was off for few hours what disease is this,0,Bacterial Red disease
for 2 days popeye water smells bad white hairy patch started recently,1,Bacterial diseases - Aeromoniasis
feed was changed recently tail rot like whit area only one fish affected my fish has abnormal swimming,6,Viral diseases White tail disease
SLOW SWIMMING IS IT SERIOUS FOR 2 DAYS LOSS OF APETITE DEEP SKIN ULCERS,1,Bacterial diseases - Aeromoniasis
brown gill color fish looks stressed,2,Bacterial gill disease
for 2 days whit hairy patch mold like growth on tail fish was moved to new tank started recently,3,Fungal diseases Saprolegniasis
one fish has mold like growth on teil fluffy fungus near wound other fish look normal,3,Fungal diseases Saprolegniasis
grey white fungus color looks dull,3,Fungal diseases Saprolegniasis
mucus on gills abnormal swimming,2,Bacterial gill disease
fish looks tired pH may be unstable,1,Bacterial diseases - Aeromoniasis
fish showing white patch starting from tail abnormal swimming water is cloudy it happens mostly at night,6,Viral diseases White tail disease
Scratching against rocks loss of appetite,5,Parasitic diseases
fungus on body not eating properly,3,Fungal diseases Saprolegniasis
i noticed normal appetite only resting after feeding tank was cleaned yesterday getting worse,4,Healthy Fish
fish showing brown gill color gasping at water surface slow swimming water is cloudy,2,Bacterial gill disease
"today i saw skin looks reddish, damaged skin looks reddish, damaged deep skin ulcers it happens mostly at night",0,Bacterial Red disease
loss of appetite red patches on body,0,Bacterial Red disease
since yesterday fungal growth on skin fins are clamped,3,Fungal diseases Saprolegniasis
Since yesterday healthy fins no red spots not sure what happened,4,Healthy Fish
what disease is this swollen belly not eating properly i noticed white discoloration on tail...,1,Bacterial diseases - Aeromoniasis
bloody red spots is it serious brown gill color my fish has,2,Bacterial gill disease
Problem is tail turning white weak swimming white teil only one fish affected,6,Viral diseases White tail disease
abnormal swimming pH may be unstable,0,Bacterial Red disease
my fish has it happens mostly at night mucus on gills loss of appetite scales sticking out breathing difficulty,2,Bacterial gill disease
LOSS OF APPETITE RED WOUNDS WITH SWELLING WHAT DISEASE IS THIS?,1,Bacterial diseases - Aeromoniasis
for 2 days milky white tail tail end looks dead breathing faster than normal staying at bottom what disese is this,6,Viral diseases White tail disease
mucus on gills loss of appetite breathing faster than normal pH may be unstable is it serious,2,Bacterial gill disease
fish looks healthy?,4,Healthy Fish
sometimes floating near surface water smells bad,6,Viral diseases White tail disease
no visible wounds,4,Healthy Fish
today i saw bleeding marks on skin inflamed red areas water smells bad pale gill other fish look normal?,0,Bacterial Red disease
since yesterday bleeding marks on skin red streaks around tail fish looks tired new fish added recently dropsy like swelling is it serious,0,Bacterial Red disease
For 2 days fish keeps scratching loss of appetite getting worse,5,Parasitic diseases
fluffy fungus near wound sometimes floating near surface,3,Fungal diseases Saprolegniasis
MUCUS ON GILLS LESS ACTIVE THAN USUAL,2,Bacterial gill disease
fish showing scales sticking out abnormal swimming after water change white spots body not sure what happened,1,Bacterial diseases - Aeromoniasis
BROWN GILL COLOR SWOLLEN GILLS GETTING WORSE,2,Bacterial gill disease
today i saw mucus gills fish looks stressed water is slightly dirty white spots on body it happens mostly at night,2,Bacterial gill disease
sometimes floating near surface water is slightly dirty,0,Bacterial Red disease
in my aquarium white discoloration on tail wite tail tip not eating properly fish was moved to new tank it happens mostly at night...?,6,Viral diseases White tail disease
problem is breathing difficulty brown gill color does not react much fish was moved to new tank getting worse,2,Bacterial gill disease
one fish has swoleen gills pale gills fish looks stressed started recently,2,Bacterial gill disease
today i saw swollen gills other fish look normal loss of appetite loss of appetite water cloudy,2,Bacterial gill disease
my fish has tail end looks dead tail fin becoming pale fish looks tired oxygen level may be low started recently?,6,Viral diseases White tail disease
today i saw scratching against rocks fish keeps scratching less active than usual?,5,Parasitic diseases
please help loss of appetite tail rot like white area tank has algae loss of appetite in my aquarium,6,Viral diseases White tail disease
weak movement getting worse red wounds with swelling ammonia may be high dropsy like swelling my fish has...,1,Bacterial diseases - Aeromoniasis
i noticed white mold on fins breathing faster than normal bloated abdomen is it serious,3,Fungal diseases Saprolegniasis
color looks dull flashing behavior?,5,Parasitic diseases
GILLS LOOK DAMAGED BREATHING FASTER THAN NORMAL FISH SHOWING GILLS LOOK DAMAGED IT HAPPENS MOSTLY AT NIGHT NOT EATING PROPERLY,2,Bacterial gill disease
my fish has rubbing body on tank wall scratching against rocks does not react much only one fish affected,5,Parasitic diseases
mold like growth on tail slow swimming does not react much not sure what happened water smells bad skin irritation skin irritation...,5,Parasitic diseases
stays filter outlet mucus on gils slow swimming ammonia may be high other fish look normal?,2,Bacterial gill disease
mold like growth on tail breathin faster than normal,3,Fungal diseases Saprolegniasis
scratching against rocks loss of appetite not sure what happened since yesterday,5,Parasitic diseases
for 2 days white patch starting from tail milky white tail not eating properly oxygen level may be low deep skin ulcers other fish look normal,6,Viral diseases White tail disease
weak movement oxygen level may be low,1,Bacterial diseases - Aeromoniasis
my fish has red patches on body skin looks reddish and damaged feed was changed recently white mold on fins,0,Bacterial Red disease
since yesterday flashing behavior scratching against rocks fish looks stressed fish looks stressed please help,5,Parasitic diseases
slow swimming feed was changed recently,5,Parasitic diseases
Breathing faster than normal after water change,5,Parasitic diseases
fish showing clamped fins clamped fins less active than usual water temperature changed,5,Parasitic diseases
FISH SHOWING SMALL BLOOD MARKS ON SCALES FISH LOOKS STRESSED PLEASE HELP...,0,Bacterial Red disease
white discoloration on tail it happens mostly at night fish looks tired,6,Viral diseases White tail disease
fuzzy white patches loss of appetite...,3,Fungal diseases Saprolegniasis
since yesterday fish looks healthy getting worse...,4,Healthy Fish
stays near filter outlet fins are clamped?,2,Bacterial gill disease
i noticed clamped fins getting worse staying at bottom sometimes floating near surfac,5,Parasitic diseases
bloated abdomen staying at bottom...?,1,Bacterial diseases - Aeromoniasis
mold like growth on tail fish looks tired,3,Fungal diseases Saprolegniasis
red ulcers on body fins are clamped weak swimming with white tail tail fin becoming pale please help color looks dull today i saw,6,Viral diseases White tail disease
fish was moved to new tank weak movement my fish has other fish look normal fish looks bloated and weak?,1,Bacterial diseases - Aeromoniasis
visible lice on fish fish looks stressed,5,Parasitic diseases
healthy fins...,4,Healthy Fish
Not eating properly tank was cleaned yesterday,6,Viral diseases White tail disease
less activ than usual fuzzy white patches,3,Fungal diseases Saprolegniasis
rubbing body on tank wall other fish look normal breathing faster than normal for 2 days slow swimming flashing behavior feed was changed recently,5,Parasitic diseases
tail rot like white area abnormal swimming...,6,Viral diseases White tail disease
since yesterday white tail tip sometimes floating near surface other fish look normal,6,Viral diseases White tail disease
fish showing white hairy patch started recently loss of appetite fins are clamped cotton wool growth,3,Fungal diseases Saprolegniasis
problem is clear eyes no red spots it serious,4,Healthy Fish
fish swimming normally only one fish affected water smells bad fish showing?,4,Healthy Fish
dropsy like swelling fish looks stressed,1,Bacterial diseases - Aeromoniasis
INFLAMED RED AREAS PH MAY BE UNSTABLE SINCE YESTERDAY BLEEDING MARKS ON SKIN WEAK MOVEMENT COLOR LOOKS DULL IS IT SERIOUS,0,Bacterial Red disease
gasping at water surface only one fish affected water temperature changed fish opens mouth repeatedly less active than usual today i saw,2,Bacterial gill disease
bleeding marks on skin bloody red spots fish looks stressed fluid filled belly only one fish affected,0,Bacterial Red disease
i noticed fish looks healthy no white spots not sure what happened...?,4,Healthy Fish
i noticed fish swimming normally pH may be unstable started recently,4,Healthy Fish
abnormal swimming cotton wool growth white cotton like growth problem is what disease is this?,3,Fungal diseases Saprolegniasis
problem is fluid filled belly deep skin ulcers color looks dull loss of appitite filter was off for few hours it happens mostly at night?,1,Bacterial diseases - Aeromoniasis
one fish has fungal growth on skin grey white fungus abnormal swimming water is cloudy breathing difficulty not sure what happened,3,Fungal diseases Saprolegniasis
for 2 days swollen belly body ulcers white mold on fins started recently,1,Bacterial diseases - Aeromoniasis
loss of appetite ammonia may be high,5,Parasitic diseases
one fish has scratching against rocks staying at bottom color looks dull it happens mostly at night,5,Parasitic diseases
fish looks tired new fish added recently,6,Viral diseases White tail disease
fish looks tired breathing faster than normal fungal growth on skin grey white fungus only one fish affected fish showing,3,Fungal diseases Saprolegniasis
weak movement fluffy fungus near wound,3,Fungal diseases Saprolegniasis
one fish has clear eyes no swelling what disease is this,4,Healthy Fish
since yesterday rubbing body on tank wall fish keeps scratching color looks dull not sure what happened,5,Parasitic diseases
scratching against rocks skin irritation hiding in corner gasping at water surface,5,Parasitic diseases
fish showing body ulcers popeye sometimes floating near surface it happens mostly at night?,1,Bacterial diseases - Aeromoniasis
fish showing parasites attached to skin skin irritation breathing faster than normal fish was moved to new tank teil tissue damaged it happens mostly at night...,5,Parasitic diseases
white cotton like growth staying at bottom dropsy like swelling water is cloudy one fish has,3,Fungal diseases Saprolegniasis
i noticed scales sticking out abnormal swimming...,1,Bacterial diseases - Aeromoniasis
I NOTICED PALE GILLS PALE GILLS FINS ARE CLAMPED IT HAPPENS MOSTLY AT NIGHT,2,Bacterial gill disease
today i saw white patch starting from tail fish looks stressed water is slightly dirty deep skin ulcers other fish look normal...,6,Viral diseases White tail disease
RED PATCHES ON BODY LOSS OF APPETITE WHITE DISCOLORATION ON TAIL ONLY ONE FISH AFFECTED,0,Bacterial Red disease
in my aquarium fish opens mouth repeatedly fish looks stressed ammonia may be high other fish look normal,2,Bacterial gill disease
clamped fins not eating properly,5,Parasitic diseases
water is cloudy in my aquarium swollen belly started recently not eating properly,1,Bacterial diseases - Aeromoniasis
parasites attached to skin rubbing body on tank wall started recently?,5,Parasitic diseases
my fish has clear eyes started recently,4,Healthy Fish
i noticed red ulcers on body not eating properly water is slightly dirty started recently,0,Bacterial Red disease
normal appetite is it serious no white spots,4,Healthy Fish
white discoloration on tail white tail tip staying at bottom tank has algae grey white fungus is it serious,6,Viral diseases White tail disease
red patches on body staying at bottom is it serious bloody red spots i noticed...,0,Bacterial Red disease
staying at bottom cotton wool growth,3,Fungal diseases Saprolegniasis
in my aquarium smooth scales swims fine most of time it happens mostly at night,4,Healthy Fish
sometimes floating near surface white spots on body,5,Parasitic diseases
since yesterday fuzzy white patches staying at bottom not eating properly oxygen level may be low clamped fins,3,Fungal diseases Saprolegniasis
no visible wounds oxygen level may be low it happens mostly at night no red spots my fish has,4,Healthy Fish
i noticed deep skin ulcers dropsy like swelling weak movement is it serious,1,Bacterial diseases - Aeromoniasis
since yesterday smooth scales,4,Healthy Fish
fish showing fungus on body white mold on fins hiding in corner bleeding marks skin please help,3,Fungal diseases Saprolegniasis
color looks dull started recently for 2 days hiding in corner feed was changed recently white spots on body,5,Parasitic diseases
Swollen gill loss of appetite started recently gasping at water surface water is slightly dirty one fish has,2,Bacterial gill disease
one fish has white tail tip white tail tip does not react much abnormal swimming new fish added recently...,6,Viral diseases White tail disease
"not sure what happened active, eating well only resting after feeding problem is",4,Healthy Fish
scratching against rocks fish looks tired,5,Parasitic diseases
other fish look normal bloody red spots white tail tip one fish has color looks dull,6,Viral diseases White tail disease
For 2 days bright body color is it serious,4,Healthy Fish
since yesterday bright body color getting worse,4,Healthy Fish
problem not eating properly bloated abdomen what disease is this fins are clamped,1,Bacterial diseases - Aeromoniasis
white tail tip less active than usual,6,Viral diseases White tail disease
rapid gill movement breathin faster than normal,2,Bacterial gill disease
fish showing wite patch starting from tail breathing faster than normal less active than usual oxygen level may be low rapid gill movement not sure what happened,6,Viral diseases White tail disease
cotton wool growth color looks dull,3,Fungal diseases Saprolegniasis
Fluid filled belly scales sticking out loss of apetite not sure what happened,1,Bacterial diseases - Aeromoniasis
swollen gills since yesterday weak movement it happens mostly at night does not react much,2,Bacterial gill disease
Today i saw red patches on body small blood marks on scales abnormal swimming it happens mostly at night,0,Bacterial Red disease
FISH LOOKS STRESSED FISH LOOKS BLOATED AND WEAK DROPSY LIKE SWELLING FOR 2 DAYS GETTING WORSE,1,Bacterial diseases - Aeromoniasis
problem is small blood marks on scales red patches on body fish was moved to new tank clamped fins it happens mostly at night,0,Bacterial Red disease
scratching against rocks breathing faster than normal,5,Parasitic diseases
healthy fins,4,Healthy Fish
fish showing whit hairy patch water is slightly dirty loss of appetite it happens mostly at night sometimes floating near surface fuzzy white patches,3,Fungal diseases Saprolegniasis
skin irritation fins are clamped,5,Parasitic diseases
started recently bloody red spots red ulcers on body does not react much i noticed,0,Bacterial Red disease
fluid filled belly fish looks stressed,1,Bacterial diseases - Aeromoniasis
today i saw gasping at water surfac pale gills weak movement started recently,2,Bacterial gill disease
parasites attached to skin fins are clamped,5,Parasitic diseases
today i saw whit patch starting from tail less active than usual fins are clamped started recently,6,Viral diseases White tail disease
smooth scales i noticed sometimes stays still,4,Healthy Fish
fish showing brown gill color gasping at water surface weak movement started recently,2,Bacterial gill disease
for 2 days skin looks reddish and damaged loss of appetite oxygen level may be low only one fish affected,0,Bacterial Red disease
since yesterday fish swimming normally no fungus feed was changed recently,4,Healthy Fish
My fish has fish keeps scratching scraching against rocks does not react much fish was moved to new tank getting worse...,5,Parasitic diseases
normal breathing,4,Healthy Fish
brown gill color fins are clamped,2,Bacterial gill disease
in my aquarium flashing behavior slow swimming other fish look normal,5,Parasitic diseases
stays near filter outlet loss of appetite,2,Bacterial gill disease
in my aquarium no visible wounds sometimes stays still getting worse,4,Healthy Fish
fluid filled belly hiding in corner,1,Bacterial diseases - Aeromoniasis
tail tissue damaged breathing faster than normal,6,Viral diseases White tail disease
in my aquarium rubbing body on tank wall white spots on body sometimes floating near surface fish was moved to new tank it happens mostly at night,5,Parasitic diseases
one fish has tail fin becoming pale tail tissue damaged does not react much fungus on body started recently,6,Viral diseases White tail disease
Feed was changed recently loss of appetite...,3,Fungal diseases Saprolegniasis
color looks dull water smells bad,0,Bacterial Red disease
inflamed red areas not eating properly,0,Bacterial Red disease
rapid gill movement fins clamped...,2,Bacterial gill disease
fish showing bloated abdomen body ulcers does not react much cotton wool growth what disease is this,1,Bacterial diseases - Aeromoniasis
please help my fish has red sores near fins,0,Bacterial Red disease
i noticed white patch starting from teil tail fin becoming pale not eating properly color looks dull only one fish affected,6,Viral diseases White tail disease
my fish has red wounds belly red sores near fins only one fish affected flashing behavior not eating properly does not react much,0,Bacterial Red disease
breathing faster than normal only one fish affected white cotton like growth problem is tank was cleaned yesterday fungus on body,3,Fungal diseases Saprolegniasis
i noticed scratching against rocks white spots on body grey white fungus what disease is this?,5,Parasitic diseases
problem is fungus on body staying at bottom color looks dull pH may be unstable not sure what happened,3,Fungal diseases Saprolegniasis
eats a little slow but normal what disease is this water is slightly dirty in my aquarium active and eating well,4,Healthy Fish
rubbing body on tank wall visible lice on fish i noticed please help,5,Parasitic diseases
Problem is normal appetite no fungas only one fish affected,4,Healthy Fish
not sure what happened weak movement fish looks bloated and weak my fish has staying at bottom?,1,Bacterial diseases - Aeromoniasis
fish showing tail end looks dead white patch starting from tail fish looks stressed new fish added recently gills look damaged it happens mostly at night,6,Viral diseases White tail disease
in my aquarium fungus on body weak movement is it serious,3,Fungal diseases Saprolegniasis
my fish has healthy fins is it serious,4,Healthy Fish
for 2 days gasping at water surface gills look damaged?,2,Bacterial gill disease
white patch starting from taill sometimes floating near surface please help filter was off for few hours hiding in corner,6,Viral diseases White tail disease
sometimes floating near surface not sure what happened flashing behavior today i saw,5,Parasitic diseases
i noticed normal breathing only resting after feeding water is slightly dirty not sure what happened...?,4,Healthy Fish
Not eating properly water is slightly dirty,3,Fungal diseases Saprolegniasis
red streaks around tail for 2 days white discoloration tail it happens mostly at night,6,Viral diseases White tail disease
clamped fins does not react much,5,Parasitic diseases
fish showing white tail tip abnormal swimming getting worse,6,Viral diseases White tail disease
MY FISH HAS CLAMPED FINS LESS AKTIVE THAN USUAL SOMETIMES FLOATING NEAR SURFACE TANK HAS ALGAE GETTING WORSE,5,Parasitic diseases
since yesterday tail turning white abnormal swimming slow swimming started recently,6,Viral diseases White tail disease
In my aquarium swollen gills breathin difficulty fish looks stressed slow swimming skin looks reddish and damaged please help,2,Bacterial gill disease
one fish has white spots on body it happens mostly at night fish looks tired tail turning wite,5,Parasitic diseases
fish showing fuzzy white patches fluffy fungus near wound sometimes floating near surface feed was changed recently started recently,3,Fungal diseases Saprolegniasis
dropsy like swelling scales sticking out fish looks tired getting worse,1,Bacterial diseases - Aeromoniasis
since yesterday bloated abdomen pH may be unstable not sure what happened,1,Bacterial diseases - Aeromoniasis
skin looks reddish and damaged staying at bottom fish showing filter was off for few hours weak movement red streaks around tail,0,Bacterial Red disease
i noticed gasping at water surface what desease is this...,2,Bacterial gill disease
water smells bad less active than usual not sure what happened wite patch starting from tail problem is abnormal swimming...,6,Viral diseases White tail disease
staying at bottom pale gills...,2,Bacterial gill disease
PLEASE HELP WHITE TAIL TIP FOR 2 DAYS SWOLLEN BELLY SLOW SWIMMING WEAK SWIMMING WITH WHITE TAIL...,6,Viral diseases White tail disease
today i saw fungus on body fungal growth on skin water temperature changed stays near filter outlet only one fish affected,3,Fungal diseases Saprolegniasis
One fish has fluid filled belly not eating properly filter was off for few hours not sure what happened,1,Bacterial diseases - Aeromoniasis
fish looks stressed sometimes floating near surfac other fish look normal white patch starting from tail since yesterday,6,Viral diseases White tail disease
breathing difficulty what disease is this white discoloration on tail gasping at water surface fish showing staying at bottom,2,Bacterial gill disease
in my aquarium taill end looks dead breathing faster than normal water is cloudy,6,Viral diseases White tail disease
In my aquarium white tail tip less activ than usual water temperature changed started recently,6,Viral diseases White tail disease
since yesterday popeye dropsy like swelling abnormal swimming filter was off for few hours gasping at water surface it happens mostly at night,1,Bacterial diseases - Aeromoniasis
my fish has aktive and eating well no fungus please help?,4,Healthy Fish
deep skin ulcers deep skin ulcers hiding in corner getting worse tank was cleaned yesterday one fish has?,1,Bacterial diseases - Aeromoniasis
fish showing fungal growth on skin less active than usual fish looks stressed oxygen level may be low getting worse,3,Fungal diseases Saprolegniasis
FISH LOOKS TIRED AFTER WATER CHANGE,0,Bacterial Red disease
problem is swoleen belly sometimes floating near surface fins are clamped tail end looks dead not sure what happened,1,Bacterial diseases - Aeromoniasis
fish looks tired tiny salt like dots water temperature changed white cotton like growth today i saw what disease is this white mold on fins,3,Fungal diseases Saprolegniasis
white patch starting from tail slow swimming,6,Viral diseases White tail disease
color looks dull oxygen level may be low,3,Fungal diseases Saprolegniasis
pale gills scratching against rocks what disease is this problem is,2,Bacterial gill disease
red wounds on belly not eating properly,0,Bacterial Red disease
normal appetite...,4,Healthy Fish
Fish showing tail tissue damaged white patch starting from tail tank has algae deep skin ulcers,6,Viral diseases White tail disease
in my aquarium tail turning white tail rot like white area breathing faster than normal new fish added recently mucus on gill please help,6,Viral diseases White tail disease
mucus gils sometimes floating near surface,2,Bacterial gill disease
feed was changed recently mold like growth tail is it serious grey white fungus fish looks bloated and weak problem is,3,Fungal diseases Saprolegniasis
one fish has cotton wool growth cotton wool growth not eating properly getting worse,3,Fungal diseases Saprolegniasis
today i saw cotton wool growth cotton wool growth hiding in corner hiding in corner not sure what happened,3,Fungal diseases Saprolegniasis
getting worse red patches on body water is cloudy small blood marks on scales does not react much,0,Bacterial Red disease
fish keeps scratchng loss of appetite visible lice on fish getting worse new fish added recently not eating properly,5,Parasitic diseases
fish looks stressed feed was changed recently...,2,Bacterial gill disease
for 2 days bleeding marks on skin bleeding marks on skin fish looks tired getting worse,0,Bacterial Red disease
HIDING IN CORNER WATER IS CLOUDY,3,Fungal diseases Saprolegniasis
fish showing rapid gill movement breathing faster than normal feed was changed recently started recently,2,Bacterial gill disease
one fish has fluid filled belly deep skin ulcers not eating properly sometimes floating near surface what desease is this...,1,Bacterial diseases - Aeromoniasis
in my aquarium no visible wounds,4,Healthy Fish
for 2 days white hairy patch white mold fins not eating properly fish looks stressed it happens mostly at night,3,Fungal diseases Saprolegniasis
"fish showing other fish look normal weak swimming with white tail skin looks reddish, damaged white tail tip",6,Viral diseases White tail disease
my fish has tail tissue damaged fish looks stressed cottn wool growth started recently?,6,Viral diseases White tail disease
White hairy patch only one fish affected in my aquarium fuzzy white patches?,3,Fungal diseases Saprolegniasis
GETTING WORSE ONE FISH HAS PARASITES ATTACHED TO SKIN AFTER WATER CHANGE CLAMPED FINS...,5,Parasitic diseases
i noticed tail rot like white area milky white tail fins are clamped started recently,6,Viral diseases White tail disease
Breathing faster than normal inflamed red areas what disease is this hiding in corner today i saw bloody red spots,0,Bacterial Red disease
No visible wounds after water change not sure what happened swims fine most of the time,4,Healthy Fish
since yesterday fluffy fungus near wound white hairy patch sometimes floating surface color looks dull water smells bad clamped fins,3,Fungal diseases Saprolegniasis
fuzzy whit patches fish looks stressed,3,Fungal diseases Saprolegniasis
one fish has white discoloration on tail sometimes floating near surface started recently...,6,Viral diseases White tail disease
My fish has not eating properly tail tissue damaged please help slow swimming,6,Viral diseases White tail disease
brown gill color fish looks tired,2,Bacterial gill disease
color looks dull swolen gills,2,Bacterial gill disease
milky white tail color looks dull...,6,Viral diseases White tail disease
healthy fins swims fine most of the time not sure what happened,4,Healthy Fish
since yesterday healthy fins what diesase is this,4,Healthy Fish
weak swimming with white tail slow swimming,6,Viral diseases White tail disease
white hairy patch color looks dull,3,Fungal diseases Saprolegniasis
problem is normal breathing not sure what happened,4,Healthy Fish
white spots on body weak movement brown gill color only one fish affected...,5,Parasitic diseases
ONE FISH HAS GASPING AT WATER SURFACE SLOW SWIMMING WHITE SPOTS ON BODY OTHER FISH LOOK NORMAL,2,Bacterial gill disease
active and eating well,4,Healthy Fish
less active than usual bleeding marks on skin,0,Bacterial Red disease
loss of apetite wite patch starting from tail white tail tip fish showing it happens mostly at night,6,Viral diseases White tail disease
sometimes floating near serface fish opens mouth repeatedly in my aquarium dropsy like swelling not sure what happened,1,Bacterial diseases - Aeromoniasis
fish looks stressed one fish fish was moved to new tank fungal growth on skin fuzzy white patches is it serious,3,Fungal diseases Saprolegniasis
red sores near fins fins are clamped,0,Bacterial Red disease
Water temperature changed dropsy swelling what desease is this in my aquarium fish looks bloated and weak,1,Bacterial diseases - Aeromoniasis
breathing difficulty white discoloration on tail does not react much mucus on gills color looks dull getting worse problem,2,Bacterial gill disease
fish showing swolen belly popeye breathing faster than normal only one fish affected,1,Bacterial diseases - Aeromoniasis
For 2 days skin looks reddish and damaged red streaks around tail weak movement other fish look normal...,0,Bacterial Red disease
fish showing fungal growth on skin staying at bottom breathing faster than normal tank was cleaned yesterday scratching against rocks other fish look normal,3,Fungal diseases Saprolegniasis
after water change not eating properly it happens mostly at night white mold on fins one fish has,3,Fungal diseases Saprolegniasis
PROBLEM IS BREATHING DIFFICULTY STAYS NEAR FILTER OUTLET AFTER WATER CHANGE SKIN IRRITATION ONLY ONE FISH AFFECTED,2,Bacterial gill disease
COLOR LOOKS DULL PROBLEM IS SWOLLEN BELLY FISH WAS MOVED TO NEW TANK STARTED RECENTLY BODY ULCERS RED STREAKS AROUND TAIL,1,Bacterial diseases - Aeromoniasis
only one fish affected flashing behavior in my aquarium not eating properly,5,Parasitic diseases
deep skin ulcers fins are clamped,1,Bacterial diseases - Aeromoniasis
less active than usual pH may be unstable,1,Bacterial diseases - Aeromoniasis
ammonia may be high fuzzy white patches today i saw getting worse cotton wool growth,3,Fungal diseases Saprolegniasis
today i saw bloody red spots bleeding marks on skin does not react much not sure what happened,0,Bacterial Red disease
since yesterday red patches on body breathing faster than normal tank was cleaned yesterday scratching against rocks please help,0,Bacterial Red disease
my fish has fluid filled belly popeye does not react much after water change started recently,1,Bacterial diseases - Aeromoniasis
rapid gill movement slow swimming,2,Bacterial gill disease
teil fin becoming pale slow swimming...,6,Viral diseases White tail disease
BROWN GILL COLOR PALE GILLS SINCE YESTERDAY WATER IS CLOUDY NOT EATING PROPERLY IS IT SERIOUS ABNORMAL SWIMMING,2,Bacterial gill disease
weak swimming white tail whit discoloration on tail other fish look normal one fish has,6,Viral diseases White tail disease
my fish has healthy fins no fungus feed was changed recently not sure what happened,4,Healthy Fish
"Active, eating well",4,Healthy Fish
FISH SHOWING POPEYE FLUID FILLED BELLY FEED WAS CHANGED RECENTLY TAIL FIN BECOMING PALE OTHER FISH LOOK NORMAL...?,1,Bacterial diseases - Aeromoniasis
fish showing white mold on fins fluffy fungus near wound fish looks tired does not react much water is slightly dirty started recently,3,Fungal diseases Saprolegniasis
sometimes stays still other fish look normal smooth scales in my aquarium,4,Healthy Fish
WHITE PATCH STARTING FROM TEIL LOSS OF APPETITE...,6,Viral diseases White tail disease
color looks dull less aktive than usual in my aquarium red ulcers on body grey white fungus it happens mostly at night,3,Fungal diseases Saprolegniasis
one fish has swollen gills abnormal swimming swollen belly started recently,2,Bacterial gill disease
other fish look normal swollen gills fish looks tired fish opens mouth repeatedly,2,Bacterial gill disease
normal appitite for 2 days please help no fungus,4,Healthy Fish
fish showing parasites attached to skin fins clamped after water change what disease is this,5,Parasitic diseases
My fish has rapid gill movement less active than usual small blood marks scales what desease is this,2,Bacterial gill disease
tail turning white getting worse tank was cleaned yesterday fish looks stressed since yesterday wite spots body does not react much milky white tail...,6,Viral diseases White tail disease
TODAY I SAW WHITE HAIRY PATCH FINS ARE CLAMPED PH MAY BE UNSTABLE WHAT DISEASE IS THIS,3,Fungal diseases Saprolegniasis
color looks dull fish was moved to new tank weak movement not sure what happened white discoloration on tail tail fin becoming pale,6,Viral diseases White tail disease
loss of appetite since yesterday tail tissue damaged what disease is this white spots on body abnormal swimming,6,Viral diseases White tail disease
one fish has smooth scales only resting after feeding not sure what happened?,4,Healthy Fish
for 2 days flashing behavior does not react much fish was moved to new tank please help...,5,Parasitic diseases
new fish added recently problem is only one fish affected red patches body,0,Bacterial Red disease
My fish has inflamed red areas bleeding marks on skin hiding in corner breathing difficulty only one fish affected,0,Bacterial Red disease
staying at bottom fluid filled belly,1,Bacterial diseases - Aeromoniasis
today i saw skin looks reddish and damaged weak movement please help,0,Bacterial Red disease
fish swimming normally it happens mostly at night,4,Healthy Fish
less active than usual tank was cleaned yesterday,1,Bacterial diseases - Aeromoniasis
fins are clamped breathin difficulty sometimes floating near serface fish opens mouth repeatedly only one fish affected i noticed?,2,Bacterial gill disease
wite patch starting from tail color looks dull?,6,Viral diseases White tail disease
milky white tail teil tissue damaged slow swimming what disease is this,6,Viral diseases White tail disease
SMOOTH SCALES,4,Healthy Fish
red wounds with swelling not eating properly color looks dull tank was cleaned yesterday inflamed red areas today i saw red wounds on belly,0,Bacterial Red disease
Tail rot like white area red streaks around tail weak swimming with white tail for 2 days started recently,6,Viral diseases White tail disease
for 2 days white patch starting from tail white discoloration on teil color looks dull new fish added recently it happens mostly at night,6,Viral diseases White tail disease
my fish has started recently stays near filter outlet fungal growth on skin fish opens mouth repeatedly,2,Bacterial gill disease
slow swimming tail rot like whit area less active than usual getting worse since yesterday tail rot like white area...,6,Viral diseases White tail disease
body ulcers abnormal swimming hiding in corner red wounds with swelling fish showing ammonia may be high,1,Bacterial diseases - Aeromoniasis
not eating properly scales sticking out,1,Bacterial diseases - Aeromoniasis
Fish showing bloated abdomen weak movement other fish look normal,1,Bacterial diseases - Aeromoniasis
tank was cleaned yesterday weak movement,2,Bacterial gill disease
Problem is fish looks healthy only one fish affected...,4,Healthy Fish
other fish look normal red patches on body i noticed new fish added recently not eating properly inflamed red areas,0,Bacterial Red disease
gasping at water surface not sure what happened fish looks tired problem is,2,Bacterial gill disease
my fish normal appetite...?,4,Healthy Fish
tail turning white slow swimming,6,Viral diseases White tail disease
my fish has grey white fungus staying at bottom water is slightly dirty started recently,3,Fungal diseases Saprolegniasis
gasping at water surface color looks dull...,2,Bacterial gill disease
since yesterday active and eating well no red spots what disease is this...,4,Healthy Fish
since yesterday parasite attached to skin sometimes floating near surface sometimes floating near surface feed was changed recently cotton wool growth please help,5,Parasitic diseases
healthy fins,4,Healthy Fish
slow swimming tail turning whit,6,Viral diseases White tail disease
in my aquarium fluid filled belly less activ than usual does not react much ammonia may be high getting worse,1,Bacterial diseases - Aeromoniasis
gills look damaged mucus on gills less activ than usual is it serious red patches on body since yesterday?,2,Bacterial gill disease
i noticed popeye scales sticking out fins are clamped fins are clamped water smells bad is it serious,1,Bacterial diseases - Aeromoniasis
my fish has milky white tail milky white tail slow swimming red wounds with swelling please help,6,Viral diseases White tail disease
today i saw clamped fins rubbing body on tank wall popeye getting worse...?,5,Parasitic diseases
since yesterday skin looks reddish and damaged bleeding marks on skin color looks dull water smells bad it happens mostly at night...,0,Bacterial Red disease
fish showing clamped fins sometimes floating near surface oxygen level may be low please help,5,Parasitic diseases
my fish has inflamed red areas hiding in corner getting worse,0,Bacterial Red disease
CLAMPED FINS FINS ARE CLAMPED LOSS OF APETITE WATER SMELLS BAD STARTED RECENTLY SKIN IRRITATION,5,Parasitic diseases
for 2 days normal appetite no white spots what disease is this,4,Healthy Fish
problem is deep skin ulcers fish looks bloated and weak weak movement it happens mostly at night,1,Bacterial diseases - Aeromoniasis
my fish has tail end looks dead hiding in corner other fish look normal,6,Viral diseases White tail disease
since yesterday swollen belly fish looks bloated and weak fins are clamped staying at bottom what disease is this,1,Bacterial diseases - Aeromoniasis
It happens mostly at night fish looks bloated and weak fish looks tired red wounds with swelling in my aquarium,1,Bacterial diseases - Aeromoniasis
loss of appetite tank has algae,0,Bacterial Red disease
one fish has fluffy fungus near wound fins clamped please help,3,Fungal diseases Saprolegniasis
my fish has skin irritation hiding in corner tank was cleaned yesterday other fish look normal,5,Parasitic diseases
gills look damaged today i saw started recently not eating properly rapid gill movement,2,Bacterial gill disease
abnormal swimming water is cloudy?,2,Bacterial gill disease
Fuzzy wite patches fins are clamped,3,Fungal diseases Saprolegniasis
smooth scales it happens mostly at night,4,Healthy Fish
In my aquarium tail turning white fins are clamped oxygen level may be low is it serious,6,Viral diseases White tail disease
white patch starting from tail less active than usual,6,Viral diseases White tail disease
white hairy patch fish showing tank was cleaned yesterday weak movement is it serious,3,Fungal diseases Saprolegniasis
one fish has rubbing body on tank wall white spots body abnormal swimming fins are clamped tank was cleaned yesterday,5,Parasitic diseases
fish looks healty only resting after feeding getting worse,4,Healthy Fish
fish looks tired scratching against rocks since yesterday started recently,5,Parasitic diseases
for 2 days fish keeps scratching abnormal swimming not eating properly oxygen level may be low,5,Parasitic diseases
problem is milky white taill tail tissue damaged started recently,6,Viral diseases White tail disease
Today i saw active and eating well is it serious,4,Healthy Fish
fish showing cotton wool growth loss of appetite staying at bottom is it serious,3,Fungal diseases Saprolegniasis
tank was cleaned yesterday fish looks stressed,3,Fungal diseases Saprolegniasis
mold like growth on tail hiding in corner,3,Fungal diseases Saprolegniasis
fish showing normal appetite water temperature changed started recently,4,Healthy Fish
water smells bad it happens mostly at night skin irritation for 2 days abnormal swimming?,5,Parasitic diseases
HIDING IN CORNER GILLS LOOK DAMAGED STARTED RECENTLY I NOTICED,2,Bacterial gill disease
for 2 days what diesase is this tail rot like white area fluid filled belly filter was off for few hours teil turning white breathing faster than normal,6,Viral diseases White tail disease
one fish has pale gill breathin difficulty staying at bottom abnormal swimming filter was off for few hours it happens mostly at night,2,Bacterial gill disease
NOT EATING PROPERLY TINY SALT LIKE DOTS LOSS OF APPETITE I NOTICED RED WOUNDS WITH SWELLING STARTED RECENTLY,1,Bacterial diseases - Aeromoniasis
breathin faster than normal tank has algae white patch starting from tail teil rot white area since yesterday fish looks stressed,6,Viral diseases White tail disease
fish showing healthy fins what disease is this,4,Healthy Fish
clamped fins breathing difficulty one fish has slow swimming what disease is this gills look damaged slow swimming,2,Bacterial gill disease
sometimes floating near surface whit hairy patch,3,Fungal diseases Saprolegniasis
my fish has brown gill color weak movement fish looks tired tank has algae it happens mostly at night,2,Bacterial gill disease
SINCE YESTERDAY ACTIVE AND EATING WELL ONLY ONE FISH AFFECTED?,4,Healthy Fish
staying at bottom taill tissue damaged,6,Viral diseases White tail disease
One fish has clear eyes no fungus it happens mostly at night,4,Healthy Fish
water is slightly dirty red wounds on belly fish looks tired breathing faster than normal small blood marks on scales it happens mostly at night in my aquarium red wounds with swelling,0,Bacterial Red disease
One fish has clamped fins loss of appetite tank has algae small blood marks on scales other fish look normal,5,Parasitic diseases
FISH LOOKS STRESSED STARTED RECENTLY WHITE MOLD ON FINS COTTON WOOL GROWTH...,3,Fungal diseases Saprolegniasis
one fish has breathing difficulty rapid gill movement sometimes floating near surface tail fin becoming pale,2,Bacterial gill disease
grey white fungus grey white fungus feed was changed recently since yesterday breathing faster than normal,3,Fungal diseases Saprolegniasis
in my aquarium fluid filled belly not eating properly less active than usual fish was moved to new tank please help?,1,Bacterial diseases - Aeromoniasis
breathing difficulty tank has algae only one fish affected one fish has not eating properly,2,Bacterial gill disease
please help weak movement fish was moved to new tank red sores near fins one fish fungal growth on skin,3,Fungal diseases Saprolegniasis
FISH KEEPS SCRATCHING FINS ARE CLAMPED IN MY AQUARIUM OTHER FISH LOOK NORMAL SCALES STICKING OUT...,1,Bacterial diseases - Aeromoniasis
problem is no visible wounds what disease is this?,4,Healthy Fish
One fish has gills look damaged staying at bottom red sores near fins getting worse...,2,Bacterial gill disease
one fish has smooth scales eats a little slow but normal other fish look normal,4,Healthy Fish
gasping at water surface color looks dull fish looks tired what disease is this,2,Bacterial gill disease
one fish has filter was off for few hours deep skin ulcers started recently mucus on gills,2,Bacterial gill disease
gils look damaged breathin faster than normal,2,Bacterial gill disease
red sores near fins weak movement,0,Bacterial Red disease
STAYS NEAR FILTER OUTLET FISH LOOKS STRESSED,2,Bacterial gill disease
problem is white cotton like growth not eating properly does not react much it happens mostly at night,3,Fungal diseases Saprolegniasis
fish looks bloated and weak does not react much,1,Bacterial diseases - Aeromoniasis
WHITE TAIL TIP NOT EATING PROPERLY?,6,Viral diseases White tail disease
today i saw clamped fins visible lice on fish fins clamped loss of appetite started recently,5,Parasitic diseases
In my aquarium white hairy patch fuzzy white patches breathing faster than normal less active than usual water temperature changed gasping at water surface only one fish affected,3,Fungal diseases Saprolegniasis
my fish has mucus on gills does not react much water is cloudy not sure what happened,2,Bacterial gill disease
i noticed fluid filled belly sometimes floating near surface water smells bad getting worse?,1,Bacterial diseases - Aeromoniasis
I noticed white discoloration on tail white discoloration on tail fish looks stressed weak movement rubbing body on tank wall it happens mostly at night,6,Viral diseases White tail disease
white hairy patch cotton wool growth hiding in corner new fish added recently is it serious,3,Fungal diseases Saprolegniasis
my fish has parasites attached to skin abnormal swimming abnormal swimming only one fish affected,5,Parasitic diseases
brown gill color abnormal swimming fish looks tired water is slightly dirty what disease is this,2,Bacterial gill disease
i noticed red ulcers on body red wounds on belly filter was off for few hours getting worse,0,Bacterial Red disease
please help water smells bad skin irritation in my aquarium deep skin ulcers loss of appetite,1,Bacterial diseases - Aeromoniasis
normal breathing,4,Healthy Fish
PROBLEM IS PARASITES ATTACHED TO SKIN SOMETIMES FLOATING NEAR SURFACE BREATHIN FASTER THAN NORMAL IT HAPPENS MOSTLY AT NIGHT,5,Parasitic diseases
My fish has white tail tip not eating properly it happens mostly at night...,6,Viral diseases White tail disease
Fish looks stressed water is slightly dirty,3,Fungal diseases Saprolegniasis
one fish has pale gills mucus on gills not sure what happened,2,Bacterial gill disease
i noticed cotton wool growth white hairy patch sometimes floating near surface white patch starting from tail other fish look normal,3,Fungal diseases Saprolegniasis
"today i saw fish looks bloated, weak loss of appetite filter was off for few hours started recently",1,Bacterial diseases - Aeromoniasis
Today i saw tail rot like white area getting worse,6,Viral diseases White tail disease
red wounds on belly in my aquarium slow swimming getting worse small blood marks on scales scratching against rocks...,0,Bacterial Red disease
swollen belly body ulcers abnormal swimming bloody red spots started recently,1,Bacterial diseases - Aeromoniasis
my fish has skin looks reddish damaged small blood marks on scales weak movement water smells bad please help,0,Bacterial Red disease
fish showing weak swimming with white tail fish looks tired water is cloudy what disease is this,6,Viral diseases White tail disease
Fins clamped water is cloudy what disease is this deep skin ulcer less active than usual problem is,1,Bacterial diseases - Aeromoniasis
weak movement clamped fins,5,Parasitic diseases
Fish showing milky white tail whit tail tip fins are clamped oxygen level may be low bloated abdomen started recently,6,Viral diseases White tail disease
problem is clamped fins parasites attached to skin staying at bottom hiding in corner it happens mostly at night,5,Parasitic diseases
for 2 days milky white tail fish looks stressed grey white fungus only one fish affected,6,Viral diseases White tail disease
i noticed white cotton like growth white cotton like growth less active than usual less active than usual white discoloration on tail only one fish affected...,3,Fungal diseases Saprolegniasis
"fish showing skin looks reddish, damaged blody red spots slow swimming scratching against rocks started recently",0,Bacterial Red disease
started recently fish looks tired flashing behavior problem is,5,Parasitic diseases
does not react much pH may be unstable,1,Bacterial diseases - Aeromoniasis
today i saw deep skin ulcerss not eating properly hiding in corner rapid gill movement getting worse,1,Bacterial diseases - Aeromoniasis
no visible wounds,4,Healthy Fish
today i saw rubbing body on tank wall tiny salt like dots does not react much sometimes floating near surface water temperature changed deep skin ulcers getting worse,5,Parasitic diseases
TINY SALT LIKE DOTS STAYING AT BOTTOM,5,Parasitic diseases
in my aquarium normal appetite no fungus...,4,Healthy Fish
LESS ACTIVE THAN USUAL OXYGEN LEVEL MAY BE LOW?,0,Bacterial Red disease
in my aquarium visible lice on fish white spots on body fins are clamped hiding in corner bloody red spots what disease is this,5,Parasitic diseases
what disease this one fish has no visible wounds,4,Healthy Fish
fish looks stressed scales sticking out my fish has getting worse not eating properly red wounds with swelling,1,Bacterial diseases - Aeromoniasis
what desease is this visible lice on fish color looks dull fish looks stressed red wounds with swelling for 2 days fluid filled belly,1,Bacterial diseases - Aeromoniasis
grey white fungus grey whit fungus slow swimming...,3,Fungal diseases Saprolegniasis
color looks dull new fish added recently,5,Parasitic diseases
today i saw tail turning white tail end looks dead loss of appetite oxygen level may be low other fish look normal,6,Viral diseases White tail disease
red wounds with swelling loss of appetite,1,Bacterial diseases - Aeromoniasis
white mold on fins fish looks stressed...,3,Fungal diseases Saprolegniasis
mold like growth on tail it happens mostly at night not eating properly in my aquarium water temperature changed,3,Fungal diseases Saprolegniasis
Feed was changed recently only one fish affected one fish has eats a little slow but normal normal appetite,4,Healthy Fish
in my aquarium breathing faster than normal water smells bad fish looks stressed inflamed red areas started recently,0,Bacterial Red disease
My fish has tail tissue damaged tail end looks dead color looks dull slow swimming after water change,6,Viral diseases White tail disease
white patch starting from tail abnormal swimming one fish has not sure what happened tail tissue damaged,6,Viral diseases White tail disease
since yesterday dropsy like swelling abnormal swimming water smells bad please help,1,Bacterial diseases - Aeromoniasis
Problem is smooth scales only resting after feeding feed was changed recently only one fish affected,4,Healthy Fish
ONE FISH BREATHING FASTER THAN NORMAL BROWN GILL COLOR STARTED RECENTLY TAIL TURNING WHITE ABNORMAL SWIMMING,2,Bacterial gill disease
smooth scales...?,4,Healthy Fish
dropsy like swelling feed was changed recently please help since yesterday bloated abdomen breathing faster than normal,1,Bacterial diseases - Aeromoniasis
since yesterday normal breathing what disease is this no swelling?,4,Healthy Fish
For 2 days tail end looks dead other fish look normal tail tissue damaged pale gills,6,Viral diseases White tail disease
tiny salt like dots one fish has fish was moved to new tank visible lice on fish started recently,5,Parasitic diseases
skin irritation visible lice on fish fins are clamped breathing faster than normal...,5,Parasitic diseases
slow swimming filter was off for few hours,1,Bacterial diseases - Aeromoniasis
PROBLEM IS RED ULCER ON BODY RED WOUNDS BELLY WEAK MOVEMENT WATER TEMPERATURE CHANGED PLEASE HELP,0,Bacterial Red disease
since yesterday fish opens mouth repeatedly does not react much brething faster than normal only one fish affected,2,Bacterial gill disease
slow swimming fish opens mouth repeatedly please help pale gills color looks dull ammonia may be high,2,Bacterial gill disease
my fish has red streaks around tail weak movement abnormal swimming oxygen level may be low flashing behavior,0,Bacterial Red disease
skin irritation slow swimming loss of appetite what disease is this,5,Parasitic diseases
problem is smooth scales no white spots not sure what happened,4,Healthy Fish
my fish has fish looks bloated and weak deep skin ulcers abnormal swimming it happens mostly at night,1,Bacterial diseases - Aeromoniasis
FOR 2 DAYS SKIN IRRITATION FLASHING BEHAVIOR LOSS OF APPETITE STARTED RECENTLY,5,Parasitic diseases
since yesterday brown gill color gasping at water surface staying at bottom color looks dull after water change only one fish affected,2,Bacterial gill disease
for 2 days ammonia may be high clear eyes please help no swelling,4,Healthy Fish
no wite spots healthy fins water temperature changed started recently one fish has,4,Healthy Fish
swollen belly fish showing weak movement red wounds with swelling,1,Bacterial diseases - Aeromoniasis
what disease is this abnormal swimming white patch starting from tail pH may be unstable tail tissue damaged fish showing,6,Viral diseases White tail disease
my fish has white tail tip tail turning white it happens mostly at night,6,Viral diseases White tail disease
today i saw rapid gill movement pH may be unstable other fish look normal,2,Bacterial gill disease
fuzzy white patches cotton wool growth color looks dull less active than usual started recently,3,Fungal diseases Saprolegniasis
for 2 days breathing difficulty color looks dull parasite attached to skin what disease is this,2,Bacterial gill disease
abnormal swimming other fish look normal mold growth on tail water smells bad fluffy fungus wound fish showing,3,Fungal diseases Saprolegniasis
I NOTICED HEALTHY FINS SWIMS FINE MOST OF THE TIME OTHER FISH LOOK NORMAL,4,Healthy Fish
for 2 days red streaks around tail red streaks around tail not eating properly feed was changed recently started recently,0,Bacterial Red disease
my fish has smooth scales swims fine most of the time getting worse,4,Healthy Fish
since yesterday deep skin ulcer red wounds with swelling fish looks tired water is cloudy please help,1,Bacterial diseases - Aeromoniasis
in my aquarium clear eyes please help,4,Healthy Fish
not eating properly today i saw flashing behavior what diesase is this wite spots on body,5,Parasitic diseases
whit mold on fins weak movement,3,Fungal diseases Saprolegniasis
fish showing red wounds with swelling popeye slow swimming please help?,1,Bacterial diseases - Aeromoniasis
fish looks tired fish was moved to new tank,1,Bacterial diseases - Aeromoniasis
fish showing less active than usual please help red sores fins dropsy like swelling...,0,Bacterial Red disease
less active than usual stays near filter outlet hiding in corner for 2 days mucus on gills not sure what happened red wounds on belly,2,Bacterial gill disease
since yesterday flashing behavior white spots on body staying at bottom pH may be unstable fish looks bloated and weak what disease this,5,Parasitic diseases
It happens mostly at night rapid gill movement i noticed breathing faster than normal weak movement brown gill color,2,Bacterial gill disease
i noticed fluffy fungus near wound not eating properly ammonia may be high it happens mostly at night,3,Fungal diseases Saprolegniasis
Deep skin ulcers fins are clamped,1,Bacterial diseases - Aeromoniasis
fish showing red sores near fins red streaks around tail breathing faster than normal water smells bad swollen belly what disease is this,0,Bacterial Red disease
gasping at water serface my fish has is it serious,2,Bacterial gill disease
today i saw active and eating well only resting after feeding is it serious...,4,Healthy Fish
tail end looks dead fins are clamped it happens mostly at night one fish has,6,Viral diseases White tail disease
for 2 days swollen belly deep skin ulcers weak movement sometimes floating near surfac fungus on body what disease is this,1,Bacterial diseases - Aeromoniasis
parasites attached to skin loss of appetite,5,Parasitic diseases
i noticed gills look damaged slow swimming fungal growth on skin only one fish affected...,2,Bacterial gill disease
red ulcerss on body color looks dull,0,Bacterial Red disease
it happens mostly at night tail end looks dead abnormal swimming i noticed,6,Viral diseases White tail disease
MY FISH HAS COLOR LOOKS DULL GETTING WORSE STAYS NEAR FILTER OUTLET FEED WAS CHANGED RECENTLY WEAK MOVEMENT...,2,Bacterial gill disease
rubbing body on tank wall fins are clamped?,5,Parasitic diseases
my fish has tail fin becoming pale tail fin becoming pale staying at bottom tank was cleaned yesterday red wounds with swelling getting worse,6,Viral diseases White tail disease
Slow swimming parasites attached to skin in my aquarium is it serious swollen gills,2,Bacterial gill disease
parasites attached to skin weak movement,5,Parasitic diseases
Loss of appitite ammonia may be high...,5,Parasitic diseases
fish showing whit discoloration on tail color looks dull is it serious,6,Viral diseases White tail disease
fish opens mouth repeatedly breathing faster than normal...,2,Bacterial gill disease
slow swimming filter was off for few hours,0,Bacterial Red disease
red streaks around tail fins are clamped,0,Bacterial Red disease
fluid filled belly clamped fins sometimes floating near surface less active than usual problem is not sure what happened rubbing body on tank wall,5,Parasitic diseases
brown gill color hiding in corner abnormal swimming water smells bad other fish look normal...?,2,Bacterial gill disease
paracites attached to skin less active than usual,5,Parasitic diseases
normal breathing,4,Healthy Fish
today i saw cotton wool growth fungus on body sometimes floating near surface color looks dull water is slightly dirty white patch starting from tail...,3,Fungal diseases Saprolegniasis
Smooth scales not sure what happened for 2 days only resting after feeding?,4,Healthy Fish
abnormal swimming red wounds with swelling,1,Bacterial diseases - Aeromoniasis
color looks dull fish was moved to new tank,0,Bacterial Red disease
healthy fins,4,Healthy Fish
mucus on gills color looks dull...,2,Bacterial gill disease
deep skin ulcers weak movement...,1,Bacterial diseases - Aeromoniasis
one fish has clear eyes,4,Healthy Fish
fish looks tired grey white fungus,3,Fungal diseases Saprolegniasis
i noticed no visible wounds feed was changed recently not sure what happened,4,Healthy Fish
dropsy like swelling abnormal swimming,1,Bacterial diseases - Aeromoniasis
started recently mold growth on tail in my aquarium hiding in corner scratching against rocks color looks dull,3,Fungal diseases Saprolegniasis
gills look damaged sometimes floating near surface gasping at water surface less active than usual today i saw only one fish affected,2,Bacterial gill disease
problem is white spots on body rubbing body on tank wall fish looks stressed loss of appetite water is cloudy is it serious,5,Parasitic diseases
fish showing fungis on body fins are clamped white spots on body started recently?,3,Fungal diseases Saprolegniasis
Weak movement fish was moved to new tank,2,Bacterial gill disease
fish showing breathing difficulty fish looks stressed is it serious,2,Bacterial gill disease
problem is grey white fungus fuzzy wite patches filter was off for few hours started recently,3,Fungal diseases Saprolegniasis
i noticed mold growth on tail loss of apetite pH may be unstable,3,Fungal diseases Saprolegniasis
fish showing stays near filter outlet rapid gill movement hiding in corner water is cloudy tail end looks dead...,2,Bacterial gill disease
for 2 days fungus on body fuzzy white patches staying at bottom after water change only one fish affected,3,Fungal diseases Saprolegniasis
in my aquarium bleeding marks on skin fish looks tired,0,Bacterial Red disease
my fish has fish opens mouth repeatedly mucus on gills fins are clamped filter was off for few hours not sure what happened,2,Bacterial gill disease
since yesterday white patch starting from tail milky white tail breathing faster than normal what disease is this,6,Viral diseases White tail disease
in my aquarium parasites attached to skin hiding in corner water smells bad,5,Parasitic diseases
i noticed red wounds with swelling dropsy like swelling fins are clamped not eating properly rapid gill movement what desease is this,1,Bacterial diseases - Aeromoniasis
does not react much new fish added recently?,3,Fungal diseases Saprolegniasis
one fish has gills look damaged staying at bottom fins clamped what disease is this?,2,Bacterial gill disease
MOLD LIKE GROWTH ON TAIL STAYING AT BOTTOM,3,Fungal diseases Saprolegniasis
fins clamped after water change i noticed scales sticking out please help small blood marks on scales...,0,Bacterial Red disease
in my aquarium popeye swollen belly not eating properly fish looks tired filter was off for few hours bloody red spots not sure what happened,1,Bacterial diseases - Aeromoniasis
For 2 days red sores near fins less active than usual weak swimming with white tail only one fish affected...,0,Bacterial Red disease
since yesterday white patch starting from tail loss of appetite loss of appetite fish was moved to new tank other fish look normal,6,Viral diseases White tail disease
"problem is swollen gills brown gill color not eating properly fish looks bloated, weak is it serious",2,Bacterial gill disease
FOR 2 DAYS RAPID GILL MOVEMENT MUCUS GILLS HIDING IN CORNER ONLY ONE FISH AFFECTED?,2,Bacterial gill disease
Fuzzy white patches hiding in corner,3,Fungal diseases Saprolegniasis
since yesterday tail rot like white area fish looks stressed ammonia may be high not sure what happened,6,Viral diseases White tail disease
normal breathing other fish look normal,4,Healthy Fish
problem is fungal growth on skin abnormal swimming not sure what happened,3,Fungal diseases Saprolegniasis
my fish has clamped fins flashing behavior less active than usual breathing faster than normal tank has algae,5,Parasitic diseases
active and eating well no white spots i noticed is it serious,4,Healthy Fish
Tail tissue damaged does not react much,6,Viral diseases White tail disease
it happens mostly at night since yesterday water is cloudy parasites attached to skin breathing faster than normal flashing behavior?,5,Parasitic diseases
for 2 days fuzzy wite patches white hairy patch what disease is this,3,Fungal diseases Saprolegniasis
FISH SHOWING INFLAMED RED AREAS BLOODDY RED SPOTS FISH LOOKS STRESSED ONLY ONE FISH AFFECTED,0,Bacterial Red disease
today i saw grey white fungus fungal growth on skin fins are clamped tank was cleaned yesterday flashing behavior it happens mostly at night,3,Fungal diseases Saprolegniasis
Fish looks healthy my fish has...,4,Healthy Fish
SMALL BLOOD MARKS ON SCALES BRETHING FASTER THAN NORMAL,0,Bacterial Red disease
rubbing body tank wall hiding in corner,5,Parasitic diseases
fish showing swollen gills water temperature changed other fish look normal,2,Bacterial gill disease
tank has algae slow swimming,5,Parasitic diseases
i noticed bleeding marks on skin bloody red spots staying at bottom loss of appetite white discoloration on tail it happens mostly at night,0,Bacterial Red disease
I noticed staying at bottom fluffy fungus near wound small blood marks on scales fuzzy white patches it happens mostly at night...,3,Fungal diseases Saprolegniasis
abnormal swimming water smells bad?,6,Viral diseases White tail disease
problem is swollen belly fish was moved to new tank what disease is this?,1,Bacterial diseases - Aeromoniasis
feed was changed recently does not react much,6,Viral diseases White tail disease
no red spots my fish has active and eating well,4,Healthy Fish
slow swimming fuzzy white patches one fish has water is cloudy it happens mostly at night?,3,Fungal diseases Saprolegniasis
problem is helthy fins no fungis water slightly dirty not sure what happened...,4,Healthy Fish
Since yesterday mold like growth on tail fungal growth on skin hiding in corner getting worse,3,Fungal diseases Saprolegniasis
small blood marks on scales weak movement one fish has water is slightly dirty...,0,Bacterial Red disease
my fish has healthy fins swims fine most of the time is it serious,4,Healthy Fish
fluid filled belly slow swimming color looks dull problem is what diesase is this popeye,1,Bacterial diseases - Aeromoniasis
I NOTICED BROWN GILL COLOR SLOW SWIMMING WATER IS CLOUDY STARTED RECENTLY,2,Bacterial gill disease
my fish has skin looks reddish and damaged red ulcers on body loss of appetite it happens mostly at night,0,Bacterial Red disease
NOT SURE WHAT HAPPENED WATER TEMPERATURE CHANGED I NOTICED WHITE SPOTS ON BODY FLASHING BEHAVIOR COLOR LOOKS DULL?,5,Parasitic diseases
problem is what disease is this fish swimming normally,4,Healthy Fish
for 2 days normal appetite is it serious,4,Healthy Fish
fish showing fish opens mouth repeatedly fish looks stressed tank has algae tail end looks dead getting worse,2,Bacterial gill disease
since yesterday rapid gill movement pale gill fins are clamped dropsy like swelling not sure what happened,2,Bacterial gill disease
for 2 days fish opens mouth repeatedly does not react much staying at bottom cotton wool growth not sure what happened,2,Bacterial gill disease
fish opens mouth repeatedly staying at bottom,2,Bacterial gill disease
red wounds with swelling fish showing it happens mostly at night deep skin ulcers not eating properly,1,Bacterial diseases - Aeromoniasis
stays near filter outlet slow swimming,2,Bacterial gill disease
Staying at bottom tail turning white weak swimming with white tail only one fish affected since yesterday,6,Viral diseases White tail disease
STAYING AT BOTTOM TANK HAS ALGAE,1,Bacterial diseases - Aeromoniasis
my fish has normal breathing please help...,4,Healthy Fish
i noticed white spots on body rubbing body on tank wall,5,Parasitic diseases
feed was changed recently breathing faster than normal...,6,Viral diseases White tail disease
started recently hiding in corner problem is fuzzy white patches mold like growth on teil,3,Fungal diseases Saprolegniasis
tail fin becoming pale tail turning whit started recently fish looks stressed water is cloudy slow swimming i noticed,6,Viral diseases White tail disease
in my aquarium fungus on body fish looks tired abnormal swimming feed was changed recently weak swimming with white tail what disese is this,3,Fungal diseases Saprolegniasis
My fish has red streaks around tail skin looks reddish and damaged fish looks tired sometimes floating near surface other fish look normal,0,Bacterial Red disease
GETTING WORSE FOR 2 DAYS BROWN GILL COLOR LESS ACTIVE THAN USUAL,2,Bacterial gill disease
TAIL ROT LIKE WHITE AREA HIDING IN CORNER,6,Viral diseases White tail disease
in my aquarium red wounds with swelling popeye less active than usual fish looks tired filter was off for few hours what diesase is this,1,Bacterial diseases - Aeromoniasis
inflamed red areas water smells bad small blood marks on scales problem is please help slow swimming,0,Bacterial Red disease
since yesterday pale gills gasping at water surface only one fish affected,2,Bacterial gill disease
problem is teil end looks dead white tail tip less active than usual hiding in corner cotton wool growth other fish look normal...,6,Viral diseases White tail disease
since yesterday fluffy fungus near wound grey white fungus fish looks stressed weak movement started recently?,3,Fungal diseases Saprolegniasis
Bloody red spots red sores near fins less active than usual started recently,0,Bacterial Red disease
tank was cleaned yesterday other fish look normal for 2 days stays near filter outlet white tail tip loss of appetite,6,Viral diseases White tail disease
swollen belly fins are clamped,1,Bacterial diseases - Aeromoniasis
for 2 days gasping at water surface breathing difficulty not sure what happened...,2,Bacterial gill disease
MY FISH HAS WHIT TAIL TIP TAIL FIN BECOMING PALE BREATHING FASTER THAN NORMAL STAYS NEAR FILTER OUTLET ONLY ONE FISH AFFECTED,6,Viral diseases White tail disease
skin looks reddish and damaged sometimes floating near surface,0,Bacterial Red disease
MY FISH HAS SMALL BLOOD MARKS ON SCALES RED SORES NEAR FINS OTHER FISH LOOK NORMAL?,0,Bacterial Red disease
"active, eating well",4,Healthy Fish
my fish has flashing behavior clamped fins loss of appetite what disease is this,5,Parasitic diseases
problem is what disease is this tail turning white red patches body hiding in corner bleeding marks skin ammonia may be high,0,Bacterial Red disease
my fish has fish looks bloated and weak red wounds with swelling color looks dull fungus on body is it serious,1,Bacterial diseases - Aeromoniasis
does not react much cotton wool growth getting worse i noticed fungal growth on skin,3,Fungal diseases Saprolegniasis
today i saw tiny salt like dots tiny salt like dots staying at bottom water is cloudy other fish look normal,5,Parasitic diseases
my fish has swolen belly swollen belly fins are clamped slow swimming pH may be unstable started recently...,1,Bacterial diseases - Aeromoniasis
getting worse staying at bottom one fish has loss of appetite tail end looks dead water is cloudy?,6,Viral diseases White tail disease
not sure what happened water is slightly dirty less active than usual brown gill color mucus on gills?,2,Bacterial gill disease
only one fish affected fuzzy white patches in my aquarium stays near filter outlet weak movement,3,Fungal diseases Saprolegniasis
normal breathing...,4,Healthy Fish
clear eyes?,4,Healthy Fish
water temperature changed fluid filled belly since yesterday not eating properly...,1,Bacterial diseases - Aeromoniasis
inflamed red areas sometimes floating near surface,0,Bacterial Red disease
in my aquarium red wounds with swelling fish looks stressed other fish look normal,1,Bacterial diseases - Aeromoniasis
"since yesterday bloated abdomen fish looks bloated, weak fins are clamped staying at bottom after water change tiny salt like dots getting worse...",1,Bacterial diseases - Aeromoniasis
problem is inflamed red areas hiding in corner filter was off for few hours...,0,Bacterial Red disease
visible lice on fish hiding in corner flashing behavior it happens mostly at night new fish added recently since yesterday,5,Parasitic diseases
today i saw red wounds on belly red patches on body does not react much tank has algae please help,0,Bacterial Red disease
since yesterday healthy fins swims fine most of the time pH may be unstable started recently,4,Healthy Fish
In my aquarium skin irritation color looks dull loss of appetite is it serious,5,Parasitic diseases
fish showing blody red spots fish looks tired what disease is this,0,Bacterial Red disease
breathing faster than normal ammonia may be high...,3,Fungal diseases Saprolegniasis
i noticed red streaks around tail loss of appetite it happens mostly at night,0,Bacterial Red disease
problem is bright body color no red spots,4,Healthy Fish
FISH SHOWING ACTIVE AND EATING WELL?,4,Healthy Fish
clamped fins rubbing body on tank wall fins are clamped white patch starting from tail what disease is this?,5,Parasitic diseases
fish looks helthy,4,Healthy Fish
in my aquarium active and eating well started recently,4,Healthy Fish
FINS ARE CLAMPED COTTON WOOL GROWTH HIDING IN CORNER WHITE HAIRY PATCH RED WOUNDS WITH SWELLING,3,Fungal diseases Saprolegniasis
fish showing ammonia may be high what disease is this stays near filter outlet,2,Bacterial gill disease
fish looks healthy eats a little slow but normal fish showing is it serious,4,Healthy Fish
no visible wounds fish showing please help,4,Healthy Fish
since yesterday bleeding marks on skin red streaks around tail slow swimming fish keeps scratching not sure what happened,0,Bacterial Red disease
since yesterday white tail tip hiding in corner loss of appetite water is slightly dirty other fish look normal,6,Viral diseases White tail disease
abnormal swimming pH may be unstable grey white fungus for 2 days only one fish affected,3,Fungal diseases Saprolegniasis
my fish has white patch starting from taill feed was changed recently breathing difficulty not eating properly not sure what happened...,6,Viral diseases White tail disease
Water smells bad fluffy fungus near wound mold like growth on taill my fish has loss of appetite?,3,Fungal diseases Saprolegniasis
weak movement pH may be unstable,1,Bacterial diseases - Aeromoniasis
SINCE YESTERDAY WHITE DISCOLORATION TAIL BREATHING FASTER THAN NORMAL IT HAPPENS MOSTLY AT NIGHT,6,Viral diseases White tail disease
in my aquarium red wounds on belly bleeding marks on skin not eating properly not sure what happened,0,Bacterial Red disease
loss of appetite after water change i noticed scraching against rocks scratching against rocks...,5,Parasitic diseases
tail turning white staying at bottom,6,Viral diseases White tail disease
my fish has stays near filter outlet slow swimming water smells bad,2,Bacterial gill disease
loss of appetite red sores near fins please help for 2 days parasites attached to skin small blood marks on scales fish looks stressed,0,Bacterial Red disease
fish showing fish looks healthy please help?,4,Healthy Fish
problem is bleeding marks on skin red sores near fins fins are clamped fish looks stressed getting worse...,0,Bacterial Red disease
red patches on body since yesterday inflamed red areas not eating properly,0,Bacterial Red disease
white hairy patch is it serious white cotton like growth staying at bottom for 2 days fish looks stressed,3,Fungal diseases Saprolegniasis
Tail fin becoming pale less active than usual,6,Viral diseases White tail disease
Problem is rubbing body on tank wall water temperature changed,5,Parasitic diseases
In my aquarium white cotton like growth white cotton like growth fish looks stressed please help,3,Fungal diseases Saprolegniasis
less active than usual oxygen level may be low,6,Viral diseases White tail disease
Visible lice on fish less active than usual mold growth on tail my fish has is it serious fuzzy white patches,3,Fungal diseases Saprolegniasis
white mold on fins fuzzy white patches not eating properly water temperature changed breathin difficulty,3,Fungal diseases Saprolegniasis
problem is tail tissue damaged tail turning white hiding in corner please help...,6,Viral diseases White tail disease
white cotton like growth abnormal swimming?,3,Fungal diseases Saprolegniasis
is it serious fish looks stressed milky white tail tail rot white area in my aquarium slow swimming,6,Viral diseases White tail disease
in my aquarium tail tissue damaged white cotton like growth other fish look normal,6,Viral diseases White tail disease
i noticed teil rot like white area taill tissue damaged hiding in corner water temperature changed is it serious,6,Viral diseases White tail disease
fuzzy wite patches please help new fish added recently mold like growth on tail loss of appitite today i saw fish opens mouth repeatedly,3,Fungal diseases Saprolegniasis
fish showing tiny salt like dots fish looks tired new fish added recently tail rot like white area other fish look normal...,5,Parasitic diseases
fish showing visible lice on fish scraching against rocks abnormal swimming fuzzy white patches it serious,5,Parasitic diseases
since yesterday clear eyes swims fine most of the time is it serious,4,Healthy Fish
Dropsy swelling fins clamped is it serious today i saw bloated abdomen less activ than usual,1,Bacterial diseases - Aeromoniasis
smooth scales,4,Healthy Fish
my fish has bleeding marks on skin fish looks tired other fish look normal,0,Bacterial Red disease
not eating properly please help gasping at water surface fish looks tired fish was moved to new tank white patch starting from tail problem is,6,Viral diseases White tail disease
stays near filter outlet breathin faster than normal it happens mostly at night rapid gill movement for 2 days,2,Bacterial gill disease
not sure what happened smooth scales fish showing,4,Healthy Fish
i noticed water is cloudy hiding in corner getting worse red patches on body inflamed red areas abnormal swimming,0,Bacterial Red disease
in my aquarium body ulcers fins are clamped not eating properly what disease is this,1,Bacterial diseases - Aeromoniasis
my fish has clamped fins sometimes floating near surface it happens mostly at night,5,Parasitic diseases
my fish has started recently no white spots clear eyes,4,Healthy Fish
fins are clamped abnormal swimming fluffy fungus near wound in my aquarium fungus on body only one fish affected...,3,Fungal diseases Saprolegniasis
problem is tiny salt like dots skin irritation weak movement white cotton like growth not sure what happened,5,Parasitic diseases
NORMAL BREATHING STARTED RECENTLY PROBLEM IS,4,Healthy Fish
bright body color,4,Healthy Fish
does not react much what disease is this mold like growth on tail gasping at water surface staying at bottom swollen gills today i saw,2,Bacterial gill disease
breathing faster than normal filter was off for few hours...,5,Parasitic diseases
not sure what happened tail end looks dead hiding in corner milky white tail,6,Viral diseases White tail disease
fish showing tail rot like white area color looks dull color looks dull it happens mostly at night,6,Viral diseases White tail disease
for 2 days red wounds on belly tail end looks dead sometimes floating near surface is it serious loss of appetite new fish added recently,6,Viral diseases White tail disease
problem is stays near filter outlet gills look damaged loss of appitite less active than usual tank was cleaned yesterday,2,Bacterial gill disease
BREATHING DIFFICULTY FUNGUS ON BODY MOLD LIKE GROWTH ON TAIL FISH LOOKS STRESSED ABNORMAL SWIMMING TODAY I SAW STARTED RECENTLY,3,Fungal diseases Saprolegniasis
Small blood marks on scales brething faster than normal,0,Bacterial Red disease
red ulcerss on body started recently one fish has...,0,Bacterial Red disease
in my aquarium scales sticking out fish looks stressed color looks dull teil fin becoming pale not sure what happened,1,Bacterial diseases - Aeromoniasis
today i saw bloody red spots slow swimming weak movement please help,0,Bacterial Red disease
bleeding marks on skin color looks dull new fish added recently getting worse,0,Bacterial Red disease
fish opens mouth repeatedly abnormal swimming,2,Bacterial gill disease
today i saw normal breathing swims fine most of the time please help,4,Healthy Fish
my fish has fish swimming normally no swelling...,4,Healthy Fish
i noticed weak swimming white tail filter was off for few hours only one fish affected,6,Viral diseases White tail disease
since yesterday no white spots no visible wounds,4,Healthy Fish
No visible wounds,4,Healthy Fish
in my aquarium pale gills brown gill color less aktive than usual filter was off for few hours tail rot like white area started recently...,2,Bacterial gill disease
slow swimming fish keeps scratching red streaks around tail please help one fish has tiny salt dots does not react much,5,Parasitic diseases
for 2 days gills look damaged loss of appetite getting worse,2,Bacterial gill disease
One fish has white mold on fins white cotton like growth tiny salt like dots is it serious,3,Fungal diseases Saprolegniasis
red ulcers on body red ulcers on body breathing faster than normal what disease is this,0,Bacterial Red disease
one fish has bloody red spots red wounds on belly fish looks tired started recently,0,Bacterial Red disease
gasping at water surface slow swimming...,2,Bacterial gill disease
clear eyes what disease is this?,4,Healthy Fish
in my aquarium white cotton like growth mold like growth on teil breathin faster than normal getting worse,3,Fungal diseases Saprolegniasis
weak swimming with white tail other fish look normal tail turning white fish looks stressed my fish has,6,Viral diseases White tail disease
in my aquarium red sores near fins bloody red spots breathing faster than normal please help,0,Bacterial Red disease
For 2 days white cotton like growth not eating properly please help...,3,Fungal diseases Saprolegniasis
fish showing smooth scales swims fine most of the time it happens mostly at night,4,Healthy Fish
breathing difficulty only one fish affected weak movement brown gill color water is slightly dirty my fish has?,2,Bacterial gill disease
Since yesterday bloated abdomen fish looks stressed oxygen level may be low it happens mostly at night...,1,Bacterial diseases - Aeromoniasis
one fish has bloody red spots abnormal swimming water temperature changed started recently,0,Bacterial Red disease
one fish has bloody red spots skin looks reddish and damaged does not react much it serious,0,Bacterial Red disease
visible lice on fish only one fish affected...,5,Parasitic diseases
less active than usual tank was cleaned yesterday,5,Parasitic diseases
fish showing what disease is this deep skin ulcers hiding in corner,1,Bacterial diseases - Aeromoniasis
In my aquarium no visible wounds sometimes stays still is it serious,4,Healthy Fish
for 2 days getting worse white patch starting from tail tail fin becoming pale less active than usual?,6,Viral diseases White tail disease
I NOTICED STAYS NEAR FILTER OUTLET RAPID GILL MOVEMENT BREATHING FASTER THAN NORMAL FISH LOOKS TIRED STARTED RECENTLY,2,Bacterial gill disease
one fish has fungal growth on skin white mold on fins please help fish looks stressed,3,Fungal diseases Saprolegniasis
problem is dropsy swelling scales sticking out not eating properly water smells bad what disease is this,1,Bacterial diseases - Aeromoniasis
since yesterday dropsy like swelling breathing faster than normal color looks dull is it serious,1,Bacterial diseases - Aeromoniasis
today i saw getting worse skin irritation tail tissue damaged?,6,Viral diseases White tail disease
grey white fungus sometimes floating near surface,3,Fungal diseases Saprolegniasis
in my aquarium clear eyes please help,4,Healthy Fish
smooth scales,4,Healthy Fish
rapid gill movement other fish look normal less active than usual,2,Bacterial gill disease
my fish has fish looks tired mucus on gills started recently?,2,Bacterial gill disease
tank has algae less active than usual,5,Parasitic diseases
today i saw fish keeps scratching parasites attached to skin hiding in corner weak swimming with white tail not sure what happened,5,Parasitic diseases
for 2 days small blood marks on scales hiding in corner what diesase is this,0,Bacterial Red disease
in my aquarium rubbing body on tank wall rubbing body on tank wall feed was changed recently is it serious?,5,Parasitic diseases
white mold on fins is it serious,3,Fungal diseases Saprolegniasis
for 2 days red wounds on belly does not react much only one fish affected,0,Bacterial Red disease
staying at bottom weak swimming with white tail problem is what disease is this?,6,Viral diseases White tail disease
breathing difficulty fish showing brown gill color...,2,Bacterial gill disease
fins are clamped fluid filled belly...,1,Bacterial diseases - Aeromoniasis
i noticed gills look damaged breathing difficulty weak movement other fish look normal,2,Bacterial gill disease
TODAY I SAW ACTIVE AND EATING WELL IS IT SERIOUS,4,Healthy Fish
scales sticking out hiding in corner,1,Bacterial diseases - Aeromoniasis
Skin irritation in my aquarium water is slightly dirty started recently...,5,Parasitic diseases
fluid filled belly water smells bad not eating properly it happens mostly at night swollen belly one fish has?,1,Bacterial diseases - Aeromoniasis
weak swimming with white tail tail end looks dead in my aquarium fish looks tired weak movement it happens mostly at night,6,Viral diseases White tail disease
scratching against rocks fluffy fungus near wound today i saw color looks dull less active than usual flashing behavior oxygen level may be low please help,5,Parasitic diseases
white patch starting from tail abnormal swimming,6,Viral diseases White tail disease
my fish fluid filled belly body ulcers color looks dull pH may be unstable not sure what happened,1,Bacterial diseases - Aeromoniasis
fish looks stressed brown gill color,2,Bacterial gill disease
problem is clear eyes is it serious,4,Healthy Fish
after water change slow swimming white tail tip my fish,6,Viral diseases White tail disease
only one fish affected water smells bad since yesterday staying at bottom fish looks stressed grey white fungus fuzzy white patches,3,Fungal diseases Saprolegniasis
today i saw fluid filled belly not eating properly it happens mostly at night,1,Bacterial diseases - Aeromoniasis
One fish has fish keeps scratching clamped fins only one fish affected,5,Parasitic diseases
my fish has teil rot like white area tail fin becoming pale staying at bottom fish looks stressed what disease is this,6,Viral diseases White tail disease
color looks dull for 2 days dropsy like swelling,1,Bacterial diseases - Aeromoniasis
my fish has fish swimming normally started recently,4,Healthy Fish
one fish has scratching against rocks water smells bad parasites attached to skin fish looks tired please help slow swimming,5,Parasitic diseases
SWOLLEN BELLY FISH LOOKS TIRED,1,Bacterial diseases - Aeromoniasis
tail rot white area less active than usual,6,Viral diseases White tail disease
dropsy like swelling staying at bottom...,1,Bacterial diseases - Aeromoniasis
weak swimming with white tail abnormal swimming fish looks stressed it happens mostly at night...,6,Viral diseases White tail disease
in my aquarium fungal growth on skin fungal growth on skin breathing faster than normal started recently,3,Fungal diseases Saprolegniasis
fish looks tired water is slightly dirty...?,3,Fungal diseases Saprolegniasis
color looks dull water temperature changed,5,Parasitic diseases
fish looks tired filter was off for few hours,0,Bacterial Red disease
Dropsy like swelling staying at bottom,1,Bacterial diseases - Aeromoniasis
deep skin ulcers hiding in corner fluid filled belly less active than usual in my aquarium,1,Bacterial diseases - Aeromoniasis
for 2 days healthy fins is it serious,4,Healthy Fish
less active than usual water is slightly dirty,5,Parasitic diseases
smooth scales fish showing,4,Healthy Fish
I noticed mucus on gills slow swimming oxygen level may be low not sure what happened,2,Bacterial gill disease
"for 2 days small blood marks on scales skin looks reddish, damaged not eating properly please help",0,Bacterial Red disease
problem is visible lice fish breathing faster than normal ammonia may be high bloated abdomen other fish look normal,5,Parasitic diseases
For 2 days milky white tail tail tissue damaged less aktive than usual does not react much,6,Viral diseases White tail disease
i noticed small blood marks on scales red ulcers on body fish looks stressed other fish look normal,0,Bacterial Red disease
i noticed scales sticking out fish looks bloated and weak color looks dull not sure what happened,1,Bacterial diseases - Aeromoniasis
grey white fungus red wounds on belly only one fish affected for 2 days loss of appetite fish looks tired,3,Fungal diseases Saprolegniasis
swollen gills sometimes floating near surface is it serious...,2,Bacterial gill disease
fish showing white cotton like growth slow swimming ammonia may be high is it serious,3,Fungal diseases Saprolegniasis
INFLAMED RED AREAS SMALL BLOOD MARKS ON SCALES FINS ARE CLAMPED ONLY ONE FISH AFFECTED,0,Bacterial Red disease
tank has algae in my aquarium pale gill slow swimming rapid gill movement started recently,2,Bacterial gill disease
my fish has dropsy like swelling does not react much weak movement tank has algae fungal growth on skin,1,Bacterial diseases - Aeromoniasis
one fish has started recently flashing behavior does not react much breathing faster than normal visible lice on fish new fish added recently,5,Parasitic diseases
fish looks stressed fish opens mouth repeatedly water is cloudy visible lice on fish tiny salt like dots my fish has,5,Parasitic diseases
Bloody red spots color looks dull,0,Bacterial Red disease
fins are clamped pH may be unstable,2,Bacterial gill disease
body ulcers staying at bottom staying at bottom what disease is this...,1,Bacterial diseases - Aeromoniasis
i noticed scales sticking out weak movement mucus gills getting worse,1,Bacterial diseases - Aeromoniasis
swims fine most of the time fish looks healthy in my aquarium what disease is this,4,Healthy Fish
bleeding marks on skin red wounds on belly fluid filled belly it happens mostly at night,0,Bacterial Red disease
No fungus for 2 days active and eating well...?,4,Healthy Fish
rubbing body on tank wall color looks dull...,5,Parasitic diseases
tank has algae weak movement problem is white cotton like growth fluffy fungus near wound started recently,3,Fungal diseases Saprolegniasis
whit patch starting from tail loss of appetite?,6,Viral diseases White tail disease
what disease is this my fish has active and eating well,4,Healthy Fish
I NOTICED SWOLLEN GILLS FISH OPENS MOUTH REPEATEDLY SOMETIMES FLOATING NEAR SURFACE DOES NOT REACT MUCH OTHER FISH LOOK NORMAL...,2,Bacterial gill disease
today i saw fish keeps scratching abnormal swimming getting worse,5,Parasitic diseases
Stays near filter outlet slow swimming other fish look normal,2,Bacterial gill disease
fish showing fluffy fungus near wound grey white fungus it happens mostly at night,3,Fungal diseases Saprolegniasis
problem inflamed red areas does not react much fish looks tired grey white fungus please help?,0,Bacterial Red disease
in my aquarium breathing difficulty breathing difficulty color looks dull new fish added recently getting worse,2,Bacterial gill disease
Grey white fungus breathing difficulty wite hairy patch fish looks tired one fish has new fish added recently fish looks tired only one fish affected,3,Fungal diseases Saprolegniasis
today i saw red streaks around tail red streaks around tail weak movement tank has algae only one fish affected,0,Bacterial Red disease
pH may be unstable started recently only resting after feeding i noticed fish looks healthy,4,Healthy Fish
today i saw white cotton growth fuzzy white patches staying at bottom breathing faster than normal water is cloudy getting worse,3,Fungal diseases Saprolegniasis
My fish has tiny salt like dots loss of appetite inflamed red areas not sure what happened,5,Parasitic diseases
i noticed flashing behavior is it serious flashing behavior breathing faster than normal...,5,Parasitic diseases
water is cloudy fish looks stressed,0,Bacterial Red disease
Scales sticking out less active than usual...?,1,Bacterial diseases - Aeromoniasis
my fish has parasites attached to skin not eating properly hiding in corner fish was moved to new tank started recently,5,Parasitic diseases
RED SORES NEAR FINS WEAK MOVEMENT BREATHING FASTER THAN NORMAL FISH WAS MOVED TO NEW TANK IT HAPPENS MOSTLY AT NIGHT SKIN LOOKS REDDISH AND DAMAGED IN MY AQUARIUM...,0,Bacterial Red disease
visible lice on fish not sure what happened white spots on body hiding in corner color looks dull in my aquarium,5,Parasitic diseases
fish looks stressed white spots body scratching against rocks weak movement fish showing,5,Parasitic diseases
i noticed taill fin becoming pale filter was off for few hours milky white tail breathin faster than normal other fish look normal...,6,Viral diseases White tail disease
weak movement fish was moved to new tank,6,Viral diseases White tail disease
no whit spots please help today i saw normal appetite,4,Healthy Fish
scales sticking out staying at bottom,1,Bacterial diseases - Aeromoniasis
FISH SHOWING GASPING AT WATER SURFACE FISH OPENS MOUTH REPEATEDLY WEAK MOVEMENT GREY WHITE FUNGUS IT HAPPENS MOSTLY AT NIGHT,2,Bacterial gill disease
IN MY AQUARIUM FISH KEEPS SCRATCHING WHITE SPOTS ON BODY NOT EATING PROPERLY FISH WAS MOVED TO NEW TANK SWOLEEN GILLS GETTING WORSE,5,Parasitic diseases
i noticed tail rot like white area tail rot like white area weak movement bleeding marks on skin...,6,Viral diseases White tail disease
fish swimming normally ammonia may be high is it serious,4,Healthy Fish
i noticed mold like growth on tail white cotton like growth body ulcers started recently,3,Fungal diseases Saprolegniasis
sometimes floating serface new fish added recently...?,3,Fungal diseases Saprolegniasis
my fish smooth scales no swelling is it serious,4,Healthy Fish
For 2 days stays filter outlet slow swimming only one fish affected,2,Bacterial gill disease
today i saw smooth scales no breathing issue it happens mostly at night,4,Healthy Fish
today i saw smooth scales not sure what happened,4,Healthy Fish
problem is flashing behavior abnormal swimming tank was cleaned yesterday mucus on gills only one fish affected...,5,Parasitic diseases
My fish has wite cotton like growth fungus on body not eating properly less active than usual other fish look normal,3,Fungal diseases Saprolegniasis
My fish has fungus on body cottn wool growth tank has algae what disease is this,3,Fungal diseases Saprolegniasis
since yesterday gasping at water serface mucus on gills does not react much staying at bottom other fish look normal,2,Bacterial gill disease
tank has algae slow swimming fish showing weak swimming with white tail tail tissue damaged started recently,6,Viral diseases White tail disease
loss of appetite water is cloudy,3,Fungal diseases Saprolegniasis
white cotton like growth less active than usual,3,Fungal diseases Saprolegniasis
problem is getting worse fish swimming normally swims fine most of the time,4,Healthy Fish
for 2 days white mold on fins breathing faster than normal getting worse,3,Fungal diseases Saprolegniasis
Parasites attached to skin clamped fins fish was moved to new tank started recently,5,Parasitic diseases
I NOTICED SCALES STICKING OUT SLOW SWIMMING FILTER WAS OFF FOR FEW HOURS...?,1,Bacterial diseases - Aeromoniasis
i noticed healthy fins eats a little slow but normal tank has algae getting worse,4,Healthy Fish
staying at bottom tail rot like white area?,6,Viral diseases White tail disease
today i saw tail turning white color looks dull not eating properly,6,Viral diseases White tail disease
fish opens mouth repeatedly abnormal swimming?,2,Bacterial gill disease
scratching against rocks fish looks tired?,5,Parasitic diseases
problem is red wounds on belly red patches on body fish looks tired,0,Bacterial Red disease
deep skin ulcers breathing faster than normal?,1,Bacterial diseases - Aeromoniasis
Fish showing active and eating well sometimes stays still getting worse,4,Healthy Fish
abnormal swimming started recently in my aquarium does not react much fish was moved to new tank scales sticking out,1,Bacterial diseases - Aeromoniasis
wite patch starting from tail in my aquarium other fish look normal fins are clamped mucus on gills fish opens mouth repeatedly...,2,Bacterial gill disease
Fins are clamped white hairy patch,3,Fungal diseases Saprolegniasis
i noticed it happens mostly at night bloody red spots red streaks around tail fins are clamped mold like growth tail,0,Bacterial Red disease
color looks dull tank was cleaned yesterday,1,Bacterial diseases - Aeromoniasis
One fish has swollen belly fluid filled belly color looks dull tank has algae,1,Bacterial diseases - Aeromoniasis
no visible wounds,4,Healthy Fish
one fish gills look damaged breathing difficulty fish looks stressed oxygen level may be low swollen belly not sure what happened,2,Bacterial gill disease
breathing faster than normal stays near filter outlet not sure what happened problem is does not react much,2,Bacterial gill disease
loss of appetite water temperature changed...,0,Bacterial Red disease
problem is gills look damaged water is slightly dirty getting worse,2,Bacterial gill disease
clamped fins abnormal swimming,5,Parasitic diseases
"skin looks reddish, damaged my fish has red wounds on belly white tail tip not sure what happened color looks dull",0,Bacterial Red disease
One fish has brown gill color pale gill does not react much color looks dull tank has algae is it serious...,2,Bacterial gill disease
fish swimming normally eats a little slow but normal today i saw other fish look normal,4,Healthy Fish
not eating properly today i saw not sure what happened white discoloration on tail...,6,Viral diseases White tail disease
my fish has fish looks helthy eats a little slow but normal getting worse?,4,Healthy Fish
one fish has tail end looks dead tail tissue damaged started recently?,6,Viral diseases White tail disease
ONE FISH HAS STAYS NEAR FILTER OUTLET FINS ARE CLAMPED COLOR LOOKS DULL MOLD LIKE GROWTH ON TAIL OTHER FISH LOOK NORMAL,2,Bacterial gill disease
i noticed mucus on gills breathing difficulty fish looks tired fins are clamped tank has algae tail turning white only one fish affected,2,Bacterial gill disease
WHAT DISEASE IS THIS FISH LOOKS TIRED FISH OPENS MOUTH REPEATEDLY PROBLEM IS,2,Bacterial gill disease
since yesterday fluffy fungus near wound fins are clamped clamped fins other fish look normal?,3,Fungal diseases Saprolegniasis
Less active than usual fish was moved to new tank,0,Bacterial Red disease
rubbing body on tank wall does not react much,5,Parasitic diseases
what disease is this white hairy patch color looks dull fish looks stressed my fish has fungus on body,3,Fungal diseases Saprolegniasis
my fish has fish looks bloated and weak scales sticking out hiding in corner tank was cleaned yesterday red ulcers on body what disease is this,1,Bacterial diseases - Aeromoniasis
fluid filled belly fluid filled belly abnormal swimming,1,Bacterial diseases - Aeromoniasis
red wounds on belly staying at bottom...,0,Bacterial Red disease
my fish has red patches on body getting worse,0,Bacterial Red disease
clamped fins skin irritation fish looks stressed weak movement fluffy fungus wound getting worse?,5,Parasitic diseases
breathing faster than normal tail turning white please help i noticed,6,Viral diseases White tail disease
dropsy like swelling loss of appetite,1,Bacterial diseases - Aeromoniasis
TODAY I SAW ONLY ONE FISH AFFECTED BRIGHT BODY COLOR...,4,Healthy Fish
for 2 days rubbing body on tank wall scratching against rocks,5,Parasitic diseases
today i saw gasping at water surface swollen gills abnormal swimming after water change is it serious,2,Bacterial gill disease
since yesterday stays near filter outlet not eating properly does not react much other fish look normal,2,Bacterial gill disease
since yesterday coton wool growth cotton wool growth slow swimming fish was moved to new tank other fish look normal,3,Fungal diseases Saprolegniasis
dropsy like swelling slow swimming,1,Bacterial diseases - Aeromoniasis
Only one fish affected rapid gill movement since yesterday skin looks reddish and damaged...,2,Bacterial gill disease
healthy fins,4,Healthy Fish
less active than usual it happens mostly at night after water change bloody red spots,0,Bacterial Red disease
gills look damaged gasping at water surface does not react much breathin faster than normal oxygen level may be low not sure what happened?,2,Bacterial gill disease
Fish showing white cotton like growth cotton wool growth slow swimming fish was moved to new tank please help,3,Fungal diseases Saprolegniasis
since yesterday tiny salt like dots rubbing body on tank wall not eating properly staying at bottom oxygen level may be low weak swimming with white tail,5,Parasitic diseases
for 2 days tail turning white fish looks stressed scales sticking out only one fish affected,6,Viral diseases White tail disease
please help active and eating well one fish has no red spots...,4,Healthy Fish
problem is popeye filter was off for few hours weak swimming with white tail only one fish affected,1,Bacterial diseases - Aeromoniasis
breathing faster than normal weak swimming with white taill fish was moved to new tank it happens mostly at night tail end looks dead my fish has fish opens mouth repeatedly,6,Viral diseases White tail disease
for 2 days rapid gill movement rapid gill movement loss of appetite water temperature changed only one fish affected,2,Bacterial gill disease
flashing behavior fish looks tired,5,Parasitic diseases
problem is fish looks healthy no fungus what disease is this,4,Healthy Fish
my fish has pale gills fish opens mouth repeatedly water temperature changed started recently,2,Bacterial gill disease
"i noticed rapid gill movement gasping at water surface fish looks bloated, weak not sure what happened",2,Bacterial gill disease
does not react much tank has algae,1,Bacterial diseases - Aeromoniasis
white cotton like growth fish looks stressed,3,Fungal diseases Saprolegniasis
for 2 days not eating properly other fish look normal filter was off for few hours mold like growth on tail,3,Fungal diseases Saprolegniasis
fluid filled belly only one fish affected fish showing water is cloudy,1,Bacterial diseases - Aeromoniasis
in my aquarium normal breathing no white spots water temperature changed not sure what happened,4,Healthy Fish
i noticed brown gill color breathing faster than normal inflamed red areas other fish look normal...,2,Bacterial gill disease
today i saw breathing difficulty hiding in corner fins are clamped other fish look normal,2,Bacterial gill disease
not sure what happened my fish has fluid filled belly feed was changed recently staying at bottom...?,1,Bacterial diseases - Aeromoniasis
for 2 days smooth scales only resting after feeding it happens mostly at night,4,Healthy Fish
i noticed active and eating well water temperature changed started recently...,4,Healthy Fish
mold like growth on taill loss of appetite,3,Fungal diseases Saprolegniasis
AFTER WATER CHANGE SOMETIMES FLOATING NEAR SURFACE ONE FISH HAS NOT EATING PROPERLY GETTING WORSE TAIL END LOOKS DEAD MILKY WHITE TAIL...,6,Viral diseases White tail disease
teil tissue damaged slow swimming,6,Viral diseases White tail disease
today i saw fuzzy white patches fungus on body abnormal swimming what disease is this,3,Fungal diseases Saprolegniasis
scales sticking out breathing faster than normal,1,Bacterial diseases - Aeromoniasis
bloody red spots not eating properly,0,Bacterial Red disease
for 2 days white tail tip tail fin becoming pale does not react much hiding in corner fish keeps scratching other fish look normal?,6,Viral diseases White tail disease
slow swimming other fish look normal dropsy like swelling staying at bottom...,1,Bacterial diseases - Aeromoniasis
sometimes floating near surface feed was changed recently...,0,Bacterial Red disease
for 2 days bleeding marks on skin small blood marks on scales fish looks stressed weak movement is it serious,0,Bacterial Red disease
fungus on body breathing faster than normal my fish has white tail tip only one fish affected wite taill tip,6,Viral diseases White tail disease
mold like growth on tail problem is red streaks around tail not sure what happened red patches on body slow swimming,0,Bacterial Red disease
normal breathing tank algae one fish has no red spots,4,Healthy Fish
cotton wool growth staying at bottom,3,Fungal diseases Saprolegniasis
clamped fins not eating properly,5,Parasitic diseases
"loss of appetite white mold on fins only one fish affected my fish has bloated abdomen fish looks bloated, weak",1,Bacterial diseases - Aeromoniasis
FISH SHOWING WHITE HAIRY PATCH PLEASE HELP?,3,Fungal diseases Saprolegniasis
sometimes floating near surface milky white tail problem is is it serious,6,Viral diseases White tail disease
fins are clamped water is cloudy,0,Bacterial Red disease
fish swimming normally no red spots water is slightly dirty what disease is this,4,Healthy Fish
red ulcerss on body less active than usual,0,Bacterial Red disease
normal breathing please help my fish has tank has algae...,4,Healthy Fish
tail tissue damaged color looks dull tail rot like white area water is slightly dirty please help...,6,Viral diseases White tail disease
for 2 days pale gills pale gills staying at bottom tank was cleaned yesterday white hairy patch what disease this,2,Bacterial gill disease
in my aquarium bloody red spots red wounds on belly please help,0,Bacterial Red disease
red patches body weak movement pH may be unstable in my aquarium body ulcers please help,1,Bacterial diseases - Aeromoniasis
swollen belly abnormal swimming...,1,Bacterial diseases - Aeromoniasis
it happens mostly at night body ulcers red streaks around tail fish looks stressed my fish has red sores near fins breathing faster than normal,0,Bacterial Red disease
for 2 days tail turning white tail fin becoming pale less active than usual getting worse,6,Viral diseases White tail disease
i noticed bleeding marks on skin bloody red spots less active than usual please help,0,Bacterial Red disease
oxygen level may be low staying at bottom not sure what happened fuzzy white patches fungus on body problem is?,3,Fungal diseases Saprolegniasis
tail fin becoming pale sometimes floating near surface?,6,Viral diseases White tail disease
tank has algae swollen gills clamped fins is it serious,5,Parasitic diseases
grey white fungus water is cloudy bloated abdomen dropsy swelling loss of appetite only one fish affected does not react much?,1,Bacterial diseases - Aeromoniasis
for 2 days fungus body hiding in corner staying at bottom what disease is this...,3,Fungal diseases Saprolegniasis
loss of appetite fish was moved to new tank,6,Viral diseases White tail disease
since yesterday breathing difficulty gasping at water surface hiding in corner visible lice on fish is it serious...,2,Bacterial gill disease
less active than usual water is slightly dirty,3,Fungal diseases Saprolegniasis
whit spots on body loss of appetite,5,Parasitic diseases
for 2 days red sores near fins red ulcer on body less active than usual slow swimming fish opens mouth repeatedly it happens mostly at night,0,Bacterial Red disease
my fish has normal brething water is slightly dirty...,4,Healthy Fish
i noticed red sores near fins small blood marks on scales weak movement less active than usual getting worse...,0,Bacterial Red disease
one fish has dropsy like swelling body ulcers sometimes floating near surface water is slightly dirty not sure what happened,1,Bacterial diseases - Aeromoniasis
today i saw inflamed red areas red ulcers on body filter was off for few hours is it serious...,0,Bacterial Red disease
one fish has fish looks bloated and weak deep skin ulcerss fish looks stressed not sure what happened?,1,Bacterial diseases - Aeromoniasis
gills look damaged feed was changed recently fish looks stressed one fish has is it serious,2,Bacterial gill disease
after water change weak movement,6,Viral diseases White tail disease
fins are clamped after water change...,0,Bacterial Red disease
Tail rot white area weak movement...,6,Viral diseases White tail disease
started recently since yesterday tail tissue damaged less active than usual staying at bottom,6,Viral diseases White tail disease
one fish has tail turning white not eating properly staying at bottom fish keeps scratching it happens mostly at night,6,Viral diseases White tail disease
Slow swimming water is slightly dirty,5,Parasitic diseases
fish showing red wounds on belly breathing faster than normal does not react much getting worse,0,Bacterial Red disease
red patches on body fins are clamped,0,Bacterial Red disease
i noticed fins are clamped is it serious red wounds with swelling,1,Bacterial diseases - Aeromoniasis
in my aquarium smooth scales no fungas please help...,4,Healthy Fish
popeye staying at bottom,1,Bacterial diseases - Aeromoniasis
my fish has white cotton like growth white hairy patch fish looks tired only one fish affected,3,Fungal diseases Saprolegniasis
scales sticking out weak movement,1,Bacterial diseases - Aeromoniasis
problem is tail rot like white area milky white teil please help,6,Viral diseases White tail disease
is it serious i noticed less aktive than usual swollen belly,1,Bacterial diseases - Aeromoniasis
Less active than usual it happens mostly at night swollen gills gasping at water surface fish showing,2,Bacterial gill disease
my fish has blooddy red spots red wounds belly staying at bottom fish was moved to new tank gils look damaged?,0,Bacterial Red disease
I noticed red wounds with swelling swolen belly fish looks stressed water is cloudy please help,1,Bacterial diseases - Aeromoniasis
for 2 days fish swimming normally filter was off for few hours not sure what happened,4,Healthy Fish
hiding in corner in my aquarium staying at bottom skin irritation,5,Parasitic diseases
no red spots not sure what happened no visible wounds,4,Healthy Fish
since yesterday bloated abdomen deep skin ulcers fish looks tired not sure what happened,1,Bacterial diseases - Aeromoniasis
FISH LOOKS TIRED FISH LOOKS BLOATED WEAK IN MY AQUARIUM IT HAPPENS MOSTLY AT NIGHT BODY ULCERS?,1,Bacterial diseases - Aeromoniasis
other fish look normal rapid gill movement,2,Bacterial gill disease
since yesterday bloody red spots scratching against rocks?,0,Bacterial Red disease
in my aquarium red wounds with swelling deep skin ulcers weak movement sometimes floating near surface only one fish affected,1,Bacterial diseases - Aeromoniasis
slow swimming bleeding marks on skin it happens mostly at night in my aquarium stays near filter outlet not eating properly,0,Bacterial Red disease
"in my aquarium skin looks reddish, damaged small blood marks on scales hiding in corner breathing faster than normal please help",0,Bacterial Red disease
since yesterday scratching against rocks clamped fins sometimes floating near surface abnormal swimming new fish added recently is it serious,5,Parasitic diseases
today i saw white mold on fins white mold on fins fins are clamped staying at bottom inflamed red areas started recently,3,Fungal diseases Saprolegniasis
TODAY I SAW TAIL TISSUE DAMAGED TAIL FIN BECOMING PALE COLOR LOOKS DULL FINS CLAMPED WATER IS CLOUDY WHAT DISESE IS THIS...,6,Viral diseases White tail disease
fish looks bloated and weak hiding in corner water is cloudy it happens mostly at night...,1,Bacterial diseases - Aeromoniasis
for 2 days dropsy like swelling swollen belly breathing faster than normal color looks dull after water change white hairy patch,1,Bacterial diseases - Aeromoniasis
breathing faster than normal tail end looks dead new fish added recently one fish has it happens mostly at night white patch starting from tail,6,Viral diseases White tail disease
since yesterday white discoloration on tail loss of apetite fish looks tired water is slightly dirty is it serious,6,Viral diseases White tail disease
does not react much breathing difficulty fish looks tired getting worse mucus on gills?,2,Bacterial gill disease
since yesterday tail tissue damaged staying at bottom other fish look normal,6,Viral diseases White tail disease
Tail end looks dead hiding in corner,6,Viral diseases White tail disease
color looks dull fish was moved to new tank,1,Bacterial diseases - Aeromoniasis
my fish has smooth scales what disease this...,4,Healthy Fish
one fish has not sure what happened less aktive than usual brown gill color weak movement?,2,Bacterial gill disease
smooth scales...,4,Healthy Fish
fish swimming normally,4,Healthy Fish
i noticed brown gill color pale gills breathing faster than normal staying at bottom please help,2,Bacterial gill disease
TODAY I SAW STAYS NEAR FILTER OUTLET BROWN GILL COLOR STAYING AT BOTTOM WATER TEMPERATURE CHANGED,2,Bacterial gill disease
milky white tail fish looks tired...?,6,Viral diseases White tail disease
since yesterday bleeding marks on skin bleeding marks on skin abnormal swimming only one fish affected...,0,Bacterial Red disease
Bleeding marks on skin loss of appetite...,0,Bacterial Red disease
for 2 days brown gill color sometimes floating near surface is it serious pale gills tank has algae,2,Bacterial gill disease
weak swimming with white tail hiding in corner?,6,Viral diseases White tail disease
fish looks stressed tank has algae,6,Viral diseases White tail disease
healthy fins other fish look normal,4,Healthy Fish
one fish has fish looks healthy no wite spots new fish added recently is it serious,4,Healthy Fish
fish showing bright body color no white spots oxygen level may be low started recently?,4,Healthy Fish
weak movement white cotton like growth,3,Fungal diseases Saprolegniasis
fish looks healthy,4,Healthy Fish
please help brown gill color red wounds on belly staying at bottom sometimes floating near surface i noticed...,0,Bacterial Red disease
skin irritation weak movement after water change my fish has clamped fins other fish look normal,5,Parasitic diseases
started recently small blood marks on scales loss of appetite one fish has water smells bad breathing faster than normal,0,Bacterial Red disease
my fish has small blood marks on scales loss of appetite fins are clamped fuzzy white patches please help,0,Bacterial Red disease
i noticed flashing behavior clamped fins weak movement fish was moved to new tank it happens mostly at night,5,Parasitic diseases
LESS ACTIVE THAN USUAL TANK HAS ALGAE,6,Viral diseases White tail disease
problem is tiny salt like dots parasites attached to skin breathing faster than normal pH may be unstable white hairy patch,5,Parasitic diseases
clamped fins new fish added recently getting worse white discoloration on tail in my aquarium,5,Parasitic diseases
what disease is this one fish has tail turning white not eating properly?,6,Viral diseases White tail disease
problem is normal appetite eats a little slow but normal getting worse,4,Healthy Fish
FISH SWIMMING NORMALLY,4,Healthy Fish
is it serious parasites attached to skin slow swimming hiding in corner for 2 days oxygen level may be low,5,Parasitic diseases
today i saw scratching against rocks less active than usual pH may be unstable is it serious,5,Parasitic diseases
slow swimming milky white teil is it serious one fish has white taill tip abnormal swimming,6,Viral diseases White tail disease
in my aquarium swollen belly deep skin ulcers less active than usual hiding in corner oxygen level may be low rapid gill movement please help,1,Bacterial diseases - Aeromoniasis
fish looks tired tank has algae,6,Viral diseases White tail disease
FUZZY WHITE PATCHES LESS ACTIVE THAN USUAL,3,Fungal diseases Saprolegniasis
pale gils breathing difficulty does not react much tank has algae only one fish affected...,2,Bacterial gill disease
white discoloration on tail slow swimming,6,Viral diseases White tail disease
fungus on body loss of appetite fluffy fungus near wound for 2 days red sores near fins ammonia may be high is it serious?,3,Fungal diseases Saprolegniasis
inflamed red areas fish looks tired,0,Bacterial Red disease
white spots on body staying at bottom,5,Parasitic diseases
please help clamped fins scratching against rocks today i saw fish looks stressed red patches on body,5,Parasitic diseases
stays near filter outlet pale gill fish looks tired new fish added recently,2,Bacterial gill disease
problem is rubbing body on tank wall parasites attached to skin ammonia may be high only one fish affected,5,Parasitic diseases
feed was changed recently in my aquarium is it serious fish looks stressed weak swimming with whit tail,6,Viral diseases White tail disease
in my aquarium smooth scales oxygen level may be low it happens mostly at night?,4,Healthy Fish
Healthy fins in my aquarium it happens mostly at night,4,Healthy Fish
my fish has red wounds on belly inflamed red areas fish looks tired only one fish affected,0,Bacterial Red disease
red wounds swelling water is slightly dirty other fish look normal fish looks stressed since yesterday?,1,Bacterial diseases - Aeromoniasis
normal appetite?,4,Healthy Fish
in my aquarium rubbing body on tank wall visible lice on fish weak movement filter was off for few hours what disease is this...,5,Parasitic diseases
Skin looks reddish and damaged abnormal swimming,0,Bacterial Red disease
breathing difficulty tiny salt like dots i noticed not eating properly,2,Bacterial gill disease
FISH SHOWING TAILL TURNING WHITE TAIL FIN BECOMING PALE WEAK MOVEMENT ONLY ONE FISH AFFECTED,6,Viral diseases White tail disease
for 2 days tail rot like white area white tail tip color looks dull water is slightly dirty brown gill color what disease is this,6,Viral diseases White tail disease
fish showing clamped fins weak movement fungal growth on skin?,5,Parasitic diseases
today i saw grey white fungas less active than usual getting worse...,3,Fungal diseases Saprolegniasis
rubbing body tank wall weak movement...,5,Parasitic diseases
For 2 days bloody red spots red wounds on belly sometimes floating near surface does not react much tank was cleaned yesterday getting worse,0,Bacterial Red disease
for 2 days red patches on body bleeding marks on skin staying at bottom sometimes floating near surface fish was moved to new tank getting worse,0,Bacterial Red disease
clear eyes only one fish affected,4,Healthy Fish
today i saw smooth scales please help,4,Healthy Fish
In my aquarium started recently water temperature changed body ulcers fish looks stressed,1,Bacterial diseases - Aeromoniasis
GETTING WORSE FISH KEEPS SCRATCHING WATER SMELLS BAD STAYS NEAR FILTER OUTLET LESS ACTIVE THAN USUAL FISH SHOWING STAYS NEAR FILTER OUTLET,2,Bacterial gill disease
Since yesterday mold like growth on tail only one fish affected oxygen level may be low,3,Fungal diseases Saprolegniasis
fish showing active and eating well not sure what happened...,4,Healthy Fish
today i saw fish opens mouth repeatedly water smells bad what disease is this?,2,Bacterial gill disease
one fish has red ulcers on body it happens mostly at night skin irritation ammonia may be high,5,Parasitic diseases
deep skin ulcers breathing faster than normal?,1,Bacterial diseases - Aeromoniasis
rapid gill movement one fish has not sure what happened color looks dull,2,Bacterial gill disease
for 2 days bleeding marks on skin red patches on body breathing faster than normal water temperature changed not sure what happened,0,Bacterial Red disease
since yesterday mold like growth on tail loss of appetite weak movement it happens mostly at night,3,Fungal diseases Saprolegniasis
visible lice on fish not eating properly...,5,Parasitic diseases
problem is white mold fins white hairy patch fins are clamped getting worse,3,Fungal diseases Saprolegniasis
loss of appetite scales sticking out...,1,Bacterial diseases - Aeromoniasis
bleeding marks on skin weak movement...,0,Bacterial Red disease
SCALES STICKING OUT ONLY ONE FISH AFFECTED TANK WAS CLEANED YESTERDAY FINS ARE CLAMPED,1,Bacterial diseases - Aeromoniasis
what disease is this tail end looks dead tail turning white less active than usual in my aquarium,6,Viral diseases White tail disease
sometimes floating near surface breathing faster than normal milky white tail ammonia may be high getting worse since yesterday,6,Viral diseases White tail disease
skin irritation my fish has hiding in corner slow swimming not sure what happened...,5,Parasitic diseases
one fish has mucus on gills fish looks stressed less active than usual after water change only one fish affected,2,Bacterial gill disease
red wounds on belly color looks dull pH may be unstable not sure what happened,0,Bacterial Red disease
fish looks stressed stays filter outlet,2,Bacterial gill disease
problem is pale gills weak movement deep skin ulcers it happens mostly at night,2,Bacterial gill disease
tank has algae slow swimming for 2 days fish keeps scratching does not react much fungal growth on skin visible lice on fish what disease this,5,Parasitic diseases
rubbing body on tank wall less active than usual,5,Parasitic diseases
rapid gill movement getting worse ammonia may be high abnormal swimming my fish has,2,Bacterial gill disease
my fish has fungal growth on skin fungal growth on skin hiding in corner please help,3,Fungal diseases Saprolegniasis
FISH LOOKS STRESSED GETTING WORSE WHITE COTTON GROWTH FISH SHOWING,3,Fungal diseases Saprolegniasis
One fish skin irritation skin irritation slow swimming slow swimming other fish look normal,5,Parasitic diseases
loss of appetite oxygen level may be low,5,Parasitic diseases
my fish has water temperature changed what disease is this normal breathing,4,Healthy Fish
skin irritation not eating properly water smells bad started recently,5,Parasitic diseases
i noticed red ulcers on body does not react much does not react much only one fish affected,0,Bacterial Red disease
today i saw fish keeps scratching less active than usual getting worse,5,Parasitic diseases
slow swimming water temperature changed...,3,Fungal diseases Saprolegniasis
my fish has smooth scales getting worse,4,Healthy Fish
brething difficulty rapid gill movement less active than usual color looks dull not sure what happened...,2,Bacterial gill disease
problem is tail fin becoming pale tail tissue damaged abnormal swimming skin looks reddish and damaged it happens mostly at night...,6,Viral diseases White tail disease
problem is gasping at water surface staying at bottom after water change,2,Bacterial gill disease
since yesterday small blood marks on scales does not react much slow swimming only one fish affected,0,Bacterial Red disease
bright body color...,4,Healthy Fish
fish looks tired red ulcers body since yesterday gills look damaged red patches on body not eating properly started recently filter was off for few hours...,0,Bacterial Red disease
in my aquarium bright body color what disease is this,4,Healthy Fish
"fish looks bloated, weak popeye fish was moved to new tank",1,Bacterial diseases - Aeromoniasis
water is slightly dirty loss of appetite...?,6,Viral diseases White tail disease
white mold on fins white mold on fins filter was off for few hours started recently one fish has,3,Fungal diseases Saprolegniasis
NORMAL APPETITE,4,Healthy Fish
red patches on body oxygen level may be low bleeding marks on skin fins are clamped getting worse,0,Bacterial Red disease
i noticed fish opens mouth repeatedly tail tissue damaged not sure what happened,2,Bacterial gill disease
my fish has abnormal swimming gasping at water surface it happens mostly at night fish was moved to new tank,2,Bacterial gill disease
what disease is this in my aquarium clear eyes no swelling...?,4,Healthy Fish
today i saw flashing behavior skin irritation hiding in corner is it serious?,5,Parasitic diseases
today i saw white patch starting from tail milky white tail fish looks tired parasites attached to skin please help,6,Viral diseases White tail disease
sometimes floating near surface milky white tail dropsy like swelling it happens mostly at night...,1,Bacterial diseases - Aeromoniasis
fish showing white patch starting from tail milky white tail loss of appetite fish looks stressed not sure what happened,6,Viral diseases White tail disease
For 2 days breathing difficulty started recently,2,Bacterial gill disease
one fish has visible lice on fish weak movement whit spots on body?,5,Parasitic diseases
weak swimming white taill fins are clamped new fish added recently please help,6,Viral diseases White tail disease
fluffy fungus near wound slow swimming,3,Fungal diseases Saprolegniasis
for 2 days flashing behavior less active than usual fish looks tired only one fish affected,5,Parasitic diseases
Less active than usual tank was cleaned yesterday,5,Parasitic diseases
Sometimes floating near surface ph may be unstable,5,Parasitic diseases
Not sure what happened swollen belly since yesterday red ulcers on body?,1,Bacterial diseases - Aeromoniasis
I NOTICED WHITE PATCH STARTING FROM TAIL TAIL ROT LIKE WITE AREA HIDING IN CORNER WATER SLIGHTLY DIRTY IT HAPPENS MOSTLY AT NIGHT,6,Viral diseases White tail disease
loss of appetite pH may be unstable,1,Bacterial diseases - Aeromoniasis
i noticed white mold on fins white hairy patch hiding in corner sometimes floating near surface ammonia may be high other fish look normal?,3,Fungal diseases Saprolegniasis
fish showing scratching against rocks new fish added recently getting worse...,5,Parasitic diseases
In my aquarium clear eyes only resting after feeding other fish look normal?,4,Healthy Fish
problem is red wounds on belly red sores near fins staying at bottom it happens mostly at night,0,Bacterial Red disease
problem is bloody red spots does not react much please help,0,Bacterial Red disease
loss of appetite white patch starting from tail,6,Viral diseases White tail disease
one fish has swollen gills rapid gill movement less active than usual what disease this...,2,Bacterial gill disease
scratching against rocks please help my fish has water is slightly dirty hiding in corner,5,Parasitic diseases
dropsy like swelling red wounds with swelling less active than usual does not react much started recently?,1,Bacterial diseases - Aeromoniasis
i noticed tail turning white white patch starting from tail weak movement less active than usual not sure what happened,6,Viral diseases White tail disease
filter was off for few hours sometimes floating surface,6,Viral diseases White tail disease
my fish has fluid filled belly not eating properly only one fish affected,1,Bacterial diseases - Aeromoniasis
red streaks around tail only one fish affected tank has algae small blood marks on scales,0,Bacterial Red disease
today i saw white mold on fins white mold on fins hiding in corner oxygen level may be low pale gills other fish look normal,3,Fungal diseases Saprolegniasis
i noticed fluffy fungus near wound loss of appetite abnormal swimming what disease is this,3,Fungal diseases Saprolegniasis
tank was cleaned yesterday not eating properly,1,Bacterial diseases - Aeromoniasis
"i noticed fish looks bloated, weak slow swimming less active than usual tank has algae tail turning wite other fish look normal?",1,Bacterial diseases - Aeromoniasis
water is slightly dirty staying at bottom today i saw tiny salt like dots less aktive than usual not sure what happened...,5,Parasitic diseases
"fish looks bloated, weak not eating properly...",1,Bacterial diseases - Aeromoniasis
is it serious in my aquarium clear eyes,4,Healthy Fish
in my aquarium red ulcers on body skin looks reddish and damaged weak movement is it serious,0,Bacterial Red disease
since yesterday red streaks around tail inflamed red areas color looks dull water smells bad only one fish affected,0,Bacterial Red disease
weak movement please help inflamed red areas pale gills pale gills not eating properly,2,Bacterial gill disease
SINCE YESTERDAY RED WOUNDS ON BELLY BLOODY RED SPOTS SLOW SWIMMING OTHER FISH LOOK NORMAL...,0,Bacterial Red disease
i noticed no visible wounds it happens mostly at night,4,Healthy Fish
IN MY AQUARIUM GILLS LOOK DAMAGED RAPID GILL MOVEMENT LESS ACTIVE THAN USUAL NEW FISH ADDED RECENTLY NOT SURE WHAT HAPPENED,2,Bacterial gill disease
it happens mostly at night scales sticking out since yesterday coton wool growth...,1,Bacterial diseases - Aeromoniasis
Color looks dull today i saw fish keeps scratching fins are clamped only one fish affected flashing behavior...,5,Parasitic diseases
problem is breathin difficulty fish opens mouth repeatedly water is cloudy tail tissue damaged it happens mostly at night,2,Bacterial gill disease
in my aquarium fish looks healty only one fish affected,4,Healthy Fish
today i saw red ulcers on body bloody red spots less active than usual started recently?,0,Bacterial Red disease
fish looks tired tank was cleaned yesterday,2,Bacterial gill disease
for 2 days no visible wounds water temperature changed other fish look normal,4,Healthy Fish
tail rot like white area fish was moved to new tank does not react much since yesterday please help...,6,Viral diseases White tail disease
feed was changed recently is it serious white mold on fins fluffy fungus near wound,3,Fungal diseases Saprolegniasis
i noticed fungal growth on skin grey white fungus less active than usual tank has algae what disease is this,3,Fungal diseases Saprolegniasis
FISH SHOWING WITE PATCH STARTING FROM TAIL WHITE PATCH STARTING FROM TAIL ABNORMAL SWIMMING FILTER WAS OFF FOR FEW HOURS WHAT DESEASE IS THIS SLOW SWIMMING,6,Viral diseases White tail disease
my fish has staying at bottom red patches on body small blood marks on scales other fish look normal...,0,Bacterial Red disease
today i saw bloated abdomen popeye breathing faster than normal please help,1,Bacterial diseases - Aeromoniasis
BROWN GILL COLOR WEAK MOVEMENT,2,Bacterial gill disease
clamped fins not eating properly,5,Parasitic diseases
In my aquarium visible lice on fish tiny salt like dots not eating properly ph may be unstable fuzzy whit patches it happens mostly at night,5,Parasitic diseases
cotton wool growth not eating properly,3,Fungal diseases Saprolegniasis
one fish has white mold on fins fins are clamped getting worse,3,Fungal diseases Saprolegniasis
since yesterday rubbing body on tank wall fish was moved to new tank started recently,5,Parasitic diseases
for 2 days rapid gill movement loss of appetite deep skin ulcers started recently?,2,Bacterial gill disease
filter was off for few hours hiding in corner,1,Bacterial diseases - Aeromoniasis
ammonia may be high slow swimming what disease is this deep skin ulcers,1,Bacterial diseases - Aeromoniasis
water temperature changed red wounds on belly red ulcers on body less active than usual it serious problem is...,0,Bacterial Red disease
since yesterday white hairy patch only one fish affected,3,Fungal diseases Saprolegniasis
fish showing white discoloration on tail weak swimming with white tail fins are clamped water is cloudy other fish look normal,6,Viral diseases White tail disease
NOT EATING PROPERLY FLASHING BEHAVIOR,5,Parasitic diseases
mucus on gills slow swimming?,2,Bacterial gill disease
in my aquarium white cotton like growth only one fish affected,3,Fungal diseases Saprolegniasis
for 2 days white patch starting from tail white discoloration on teil getting worse,6,Viral diseases White tail disease
fish was moved to new tank i noticed fluid filled belly,1,Bacterial diseases - Aeromoniasis
WHITE SPOTS ON BODY FISH LOOKS STRESSED WHAT DISEASE IS THIS BLOATED ABDOMEN IN MY AQUARIUM...,5,Parasitic diseases
for 2 days flashing behavior color looks dull tank has algae tail rot like white area what disease is this,5,Parasitic diseases
fish showing pale gills stays filter outlet sometimes floating near surfac after water change...,2,Bacterial gill disease
in my aquarium no visible wounds swims fine most of the time not sure what happened,4,Healthy Fish
red wounds with swelling less active than usual,1,Bacterial diseases - Aeromoniasis
for 2 days white patch starting from tail breathing faster than normal color looks dull water slightly dirty fluffy fungus near wound what disease is this?,6,Viral diseases White tail disease
one fish has red ulcers body bloody red spots loss of appetite pH may be unstable getting worse,0,Bacterial Red disease
fish looks stressed oxygen level may be low,6,Viral diseases White tail disease
my fish has bleeding marks on skin red patches on body staying at bottom loss of appetite water smells bad getting worse?,0,Bacterial Red disease
my fish has grey white fungus fins clamped does not react much tank was cleaned yesterday what disease is this,3,Fungal diseases Saprolegniasis
not sure what happened normal breathing,4,Healthy Fish
"in my aquarium white hairy patch fish looks stressed new fish added recently skin looks reddish, damaged started recently",3,Fungal diseases Saprolegniasis
in my aquarium fish looks bloated and weak red wounds with swelling ammonia may be high what disease is this,1,Bacterial diseases - Aeromoniasis
TODAY I SAW RED WOUNDS WITH SWELLING BLOATED ABDOMEN LOSS OF APPETITE ONLY ONE FISH AFFECTED,1,Bacterial diseases - Aeromoniasis
problem is fish keeps scratchng scratching against rocks slow swimming,5,Parasitic diseases
FOR 2 DAYS WHITE HAIRY PATCH FISH LOOKS STRESSED PLEASE HELP?,3,Fungal diseases Saprolegniasis
my fish has deep skin ulcers bloated abdomen sometimes floating near surfac other fish look normal,1,Bacterial diseases - Aeromoniasis
one fish has tail rot like white area weak swimming with white tail color looks dull tank has algae it happens mostly at night...,6,Viral diseases White tail disease
MY FISH HAS ACTIVE AND EATING WELL NO BREATHING ISSUE NOT SURE WHAT HAPPENED...,4,Healthy Fish
new fish added recently staying at bottom,0,Bacterial Red disease
my fish has fish swimming normally no white spots started recently...?,4,Healthy Fish
less active than usual water temperature changed,2,Bacterial gill disease
today i saw gasping at water surface started recently,2,Bacterial gill disease
Color looks dull water is cloudy...,1,Bacterial diseases - Aeromoniasis
started recently fish looks stressed tiny salt like dots problem is,5,Parasitic diseases
"my fish has skin looks reddish, damaged weak movement ammonia may be high please help small blood marks on scales",0,Bacterial Red disease
fish showing hiding in corner other fish look normal skin looks reddish and damaged breathing faster than normal,0,Bacterial Red disease
skin irritation does not react much,5,Parasitic diseases
one fish has deep skin ulcers red wounds with swelling fish looks stressed staying at bottom fish was moved to new tank tail rot like white area,1,Bacterial diseases - Aeromoniasis
one fish has popeye hiding in corner color looks dull not sure what happened,1,Bacterial diseases - Aeromoniasis
"my fish has fish looks bloated, weak swollen belly less active than usual pH may be unstable it happens mostly at night",1,Bacterial diseases - Aeromoniasis
problem is weak movement fluid filled belly fish keeps scratchng does not react much...,5,Parasitic diseases
one fish has fungal growth on skin loss of appetite loss of appetite getting worse,3,Fungal diseases Saprolegniasis
in my aquarium rubbing body on tank wall hiding in corner water temperature changed please help,5,Parasitic diseases
SCALES STICKING OUT WHAT DISEASE IS THIS COLOR LOOKS DULL SINCE YESTERDAY?,1,Bacterial diseases - Aeromoniasis
MY FISH HAS SCALES STICKING OUT IT HAPPENS MOSTLY AT NIGHT,1,Bacterial diseases - Aeromoniasis
problem is fish keeps scraching scratching against rocks weak movement only one fish affected,5,Parasitic diseases
i noticed tail tissue damaged tail tissue damaged fish looks stressed fins are clamped fungus on body it happens mostly at night,6,Viral diseases White tail disease
one fish has skin irritation rubbing body on tank wall breathing faster than normal abnormal swimming water is cloudy getting worse,5,Parasitic diseases
today i saw what disease is this white tail tip white patch starting from tail slow swimming fish keeps scraching?,6,Viral diseases White tail disease
today i saw white cotton like growth not eating properly abnormal swimming tank has algae only one fish affected?,3,Fungal diseases Saprolegniasis
white discoloration on tail for 2 days started recently abnormal swimming white discoloration on tail tank has algae,6,Viral diseases White tail disease
brown gill color since yesterday after water change,2,Bacterial gill disease
in my aquarium grey white fungus what desease is this?,3,Fungal diseases Saprolegniasis
scratching against rocks my fish has it happens mostly at night red patches on body not eating properly,0,Bacterial Red disease
water smells bad does not react much milky white tail problem is color looks dull weak swimming with white taill,6,Viral diseases White tail disease
problem is white spots on body white spots on body not sure what happened,5,Parasitic diseases
problem is white patch starting from tail white discoloration on tail does not react much flashing behavior only one fish affected,6,Viral diseases White tail disease
please help water is cloudy for 2 days fuzzy white patches parasites attached to skin...,5,Parasitic diseases
scales sticking out weak movement,1,Bacterial diseases - Aeromoniasis
Getting worse loss of appetite tail tissue damaged weak movement i noticed,6,Viral diseases White tail disease
problem is fish looks bloated and weak swollen belly less active than usual ammonia may be high not sure what happened,1,Bacterial diseases - Aeromoniasis
Clear eyes fish showing started recently,4,Healthy Fish
fish showing fuzzy white patches white mold on fins does not react much not sure what happened,3,Fungal diseases Saprolegniasis
weak swimming with white tail milky white tail loss of appetite only one fish affected,6,Viral diseases White tail disease
tail tissue damaged my fish has water is cloudy?,6,Viral diseases White tail disease
problem is bloody red spots red patches on body fins are clamped feed was changed recently it happens mostly at night,0,Bacterial Red disease
Tail tissue damaged breathing faster than normal,6,Viral diseases White tail disease
started recently sometimes floating near surface tail rot like white area tank was cleaned yesterday since yesterday,6,Viral diseases White tail disease
for 2 days teil rot like white area tank has algae gills look damaged not sure what happened,6,Viral diseases White tail disease
hiding in corner tank has algae,3,Fungal diseases Saprolegniasis
clear eyes,4,Healthy Fish
abnormal swimming swollen belly,1,Bacterial diseases - Aeromoniasis
not sure what happened pH may be unstable fish looks tired in my aquarium weak movement tail fin becoming pale,6,Viral diseases White tail disease
for 2 days white hairy patch cotton wool growth is it serious tail end looks dead?,3,Fungal diseases Saprolegniasis
for 2 days red ulcerss on body fish looks stressed breathing faster than normal,0,Bacterial Red disease
less active than usual ammonia may be high,2,Bacterial gill disease
Today i saw fish swimming normally no swelling started recently,4,Healthy Fish
my fish has mold like growth on tail whit cotton like growth is it serious,3,Fungal diseases Saprolegniasis
SINCE YESTERDAY RED WOUNDS WITH SWELLING POPEYE WATER IS CLOUDY...,1,Bacterial diseases - Aeromoniasis
other fish look normal fish showing smooth scales no white spots,4,Healthy Fish
fins are clamped red sores near fins...?,0,Bacterial Red disease
white cotton like growth staying at bottom,3,Fungal diseases Saprolegniasis
Normal appetite not sure what happened...,4,Healthy Fish
problem is clamped fins flashing behavior not eating properly what desease is this,5,Parasitic diseases
one fish has fish looks healthy,4,Healthy Fish
color looks dull gills look damaged problem is is it serious,2,Bacterial gill disease
milky white teil feed was changed recently breathing faster than normal please help for 2 days color looks dull,6,Viral diseases White tail disease
for 2 days it happens mostly at night normal appetite...,4,Healthy Fish
swollen gills other fish look normal brown gill color pH may be unstable does not react much for 2 days,2,Bacterial gill disease
my fish rapid gill movement rapid gill movement only one fish affected,2,Bacterial gill disease
SINCE YESTERDAY NORMAL APPETITE SOMETIMES STAYS STILL IS IT SERIOUS,4,Healthy Fish
my fish has is it serious staying at bottom flashing behavior,5,Parasitic diseases
in my aquarium deep skin ulcers fish looks tired ammonia may be high getting worse,1,Bacterial diseases - Aeromoniasis
Since yesterday cottn wool growth staying at bottom less active than usual tank has algae getting worse...,3,Fungal diseases Saprolegniasis
today i saw skin irritation skin irritation hiding in corner feed was changed recently what disease is this,5,Parasitic diseases
small blood marks on scales fish looks stressed...,0,Bacterial Red disease
in my aquarium fish swimming normally what disease is this,4,Healthy Fish
does not react much water slightly dirty gills look damaged started recently brown gill color in my aquarium...,2,Bacterial gill disease
bloody red spots brething faster than normal,0,Bacterial Red disease
today i saw bright body color no swelling tank has algae not sure what happened,4,Healthy Fish
fish showing dropsy like swelling scales sticking out staying at bottom tank has algae mucus on gills is it serious?,1,Bacterial diseases - Aeromoniasis
i noticed fish opens mouth repeatedly breathing difficulty weak movement loss of appitite started recently,2,Bacterial gill disease
fish showing body ulcers fish looks stressed it happens mostly at night,1,Bacterial diseases - Aeromoniasis
mold like growth on tail does not react much pH may be unstable only one fish affected my fish has,3,Fungal diseases Saprolegniasis
one fish has milky white tail white patch starting from tail color looks dull breathing faster than normal only one fish affected...?,6,Viral diseases White tail disease
fish showing normal breathing pH may be unstable...,4,Healthy Fish
for 2 days what disease is this red sores near fins pale gills?,0,Bacterial Red disease
please help for 2 days ammonia may be high fluffy fungus near wound,3,Fungal diseases Saprolegniasis
in my aquarium bloody red spots bloody red spots less activ than usual breathing faster than normal please help...,0,Bacterial Red disease
since yesterday fish looks healthy please help,4,Healthy Fish
i noticed wite discoloration on tail tail end looks dead staying at bottom staying at bottom feed was changed recently only one fish affected,6,Viral diseases White tail disease
"In my aquarium fish looks bloated, weak fish looks bloated, weak not eating properly oxygen level may be low cotton wool growth getting worse",1,Bacterial diseases - Aeromoniasis
my fish has fish looks healthy only one fish affected,4,Healthy Fish
fish looks tired fins are clamped water is slightly dirty today i saw started recently milky white tail,6,Viral diseases White tail disease
normal brething,4,Healthy Fish
one fish has bloody red spots loss of appetite tank was cleaned yesterday it happens mostly at night,0,Bacterial Red disease
since yesterday fish keeps scratching weak movement tank has algae inflamed red areas...,5,Parasitic diseases
it happens mostly at night fuzzy white patches my fish has ammonia may be high fuzzy white patches abnormal swimming breathin faster than normal,3,Fungal diseases Saprolegniasis
MY FISH WHITE MOLD ON FINS WHITE COTTON LIKE GROWTH AFTER WATER CHANGE STARTED RECENTLY...,3,Fungal diseases Saprolegniasis
is it serious scales sticking out slow swimming in my aquarium weak movement?,1,Bacterial diseases - Aeromoniasis
today i saw tail fin becoming pale taill tissue damaged color looks dull sometimes floating near surface fish was moved to new tank bleeding marks on skin other fish look normal,6,Viral diseases White tail disease
ONE FISH HAS FISH SWIMMING NORMALLY IS IT SERIOUS?,4,Healthy Fish
bright body color,4,Healthy Fish
started recently my fish has breathing faster than normal bleeding marks on skin,0,Bacterial Red disease
today i saw bleeding marks on skin fish looks stressed water smells bad not sure what happened,0,Bacterial Red disease
today i saw smooth scales after water change not sure what happened,4,Healthy Fish
not sure what happened fish showing fuzzy white patches white mold on fins tank has algae,3,Fungal diseases Saprolegniasis
"fish showing abnormal swimming it happens mostly at night skin looks reddish, damaged fish looks tired scratching against rocks",5,Parasitic diseases
problem is tail end looks dead wite tail tip less active than usual it happens mostly at night...,6,Viral diseases White tail disease
Mold growth on tail loss of apetite,3,Fungal diseases Saprolegniasis
loss of appetite new fish added recently,3,Fungal diseases Saprolegniasis
fish looks stressed flashing behavior,5,Parasitic diseases
skin irritation hiding in corner...,5,Parasitic diseases
breathing faster than normal after water change,3,Fungal diseases Saprolegniasis
fish showing visible lice on fish fish keeps scratching fins are clamped does not react much water is slightly dirty other fish look normal...,5,Parasitic diseases
Problem is parasites attached to skin scraching against rocks color looks dull fish looks tired water temperature changed,5,Parasitic diseases
for 2 days bright body color no fungus not sure what happened,4,Healthy Fish
fish showing hiding in corner grey white fungus color looks dull only one fish affected fuzzy white patches,3,Fungal diseases Saprolegniasis
since yesterday mucus on gill breathing difficulty staying at bottom fish looks tired after water change getting worse,2,Bacterial gill disease
in my aquarium red streaks around tail red patches on body hiding in corner after water change pale gills started recently,0,Bacterial Red disease
fish looks stressed white hairy patch,3,Fungal diseases Saprolegniasis
problem is sometimes stays still not sure what happened clear eyes...?,4,Healthy Fish
water slightly dirty not eating properly,3,Fungal diseases Saprolegniasis
fish opens mouth repeatedly staying at bottom abnormal swimming it happens mostly at night?,2,Bacterial gill disease
problem fluffy fungus near wound fungal growth on skin ammonia may be high,3,Fungal diseases Saprolegniasis
scales sticking out breathing faster than normal...,1,Bacterial diseases - Aeromoniasis
since yesterday dropsy like swelling scales sticking out staying at bottom hiding in corner is it serious,1,Bacterial diseases - Aeromoniasis
Started recently healthy fins problem is new fish added recently,4,Healthy Fish
since yesterday mold like growth on teil wite coton like growth feed was changed recently only one fish affected,3,Fungal diseases Saprolegniasis
red wounds on belly hiding in corner,0,Bacterial Red disease
Rubbing body on tank wall problem is is it serious dropsy like swelling staying at bottom hiding in corner dropsy like swelling...,1,Bacterial diseases - Aeromoniasis
for 2 days skin irritation scratching against rocks fins are clamped breathing faster than normal tank algae what disease is this?,5,Parasitic diseases
i noticed red ulcers on body bleeding marks on skin water smells bad parasites attached to skin started recently,0,Bacterial Red disease
white hairy patch slow swimming,3,Fungal diseases Saprolegniasis
for 2 days tiny salt like dots skin irritation fish looks tired inflamed red areas is it serious?,5,Parasitic diseases
FINS ARE CLAMPED MUCUS ON GILLS,2,Bacterial gill disease
my fish tiny salt like dots skin irritation hiding in corner fish looks tired tank was cleaned yesterday please help,5,Parasitic diseases
one fish breathing difficulty started recently?,2,Bacterial gill disease
fish looks healthy,4,Healthy Fish
i noticed gills look damaged fins are clamped does not react much fungus on body not sure what happened,2,Bacterial gill disease
fish swimming normally no breathing issue started recently?,4,Healthy Fish
started recently active and eating well for 2 days,4,Healthy Fish
for 2 days swollen gills rapid gill movement oxygen level may be low,2,Bacterial gill disease
Abnormal swimming after water change,6,Viral diseases White tail disease
FISH SHOWING COTTON WOOL GROWTH WEAK MOVEMENT SOMETIMES FLOATING NEAR SURFACE NOT SURE WHAT HAPPENED,3,Fungal diseases Saprolegniasis
fungal growth on skin one fish has fluffy fungus wound does not react much started recently water temperature changed,3,Fungal diseases Saprolegniasis
getting worse bloated abdomen one fish has breathing faster than normal bloated abdomen hiding in corner,1,Bacterial diseases - Aeromoniasis
pH may be unstable does not react much,3,Fungal diseases Saprolegniasis
for 2 days white tail tip fins are clamped filter was off for few hours small blood marks on scales only one fish affected,6,Viral diseases White tail disease
gills look damaged fish looks stressed,2,Bacterial gill disease
flashing behavior color looks dull...,5,Parasitic diseases
active and eating well?,4,Healthy Fish
fish showing tail rot white area hiding in corner...,6,Viral diseases White tail disease
started recently oxygen level may be low fluffy fungas near wound tail rot white area sometimes floating near surface since yesterday,3,Fungal diseases Saprolegniasis
is it serious tail end looks dead tail end looks dead slow swimming,6,Viral diseases White tail disease
for 2 days red wounds with swelling body ulcers water temperature changed red streaks around tail only one fish affected,1,Bacterial diseases - Aeromoniasis
PROBLEM IS COTTN WOOL GROWTH FISH LOOKS TIRED ABNORMAL SWIMMING OXYGEN LEVEL MAY BE LOW SWOLLEN BELLY PLEASE HELP,3,Fungal diseases Saprolegniasis
active and eating well,4,Healthy Fish
clear eyes please help no swelling my fish has,4,Healthy Fish
scales sticking out breathing faster than normal,1,Bacterial diseases - Aeromoniasis
gasping at water surface fish looks tired,2,Bacterial gill disease
FOR 2 DAYS FLUFFY FUNGUS WOUND DOES NOT REACT MUCH DOES NOT REACT MUCH STARTED RECENTLY,3,Fungal diseases Saprolegniasis
abnormal swimming since yesterday oxygen level may be low started recently fungal growth on skin,3,Fungal diseases Saprolegniasis
fish showing fish looks healthy started recently...,4,Healthy Fish
not sure what happened fins are clamped filter was off for few hours since yesterday white hairy patch bloated abdomen fuzzy white patches,3,Fungal diseases Saprolegniasis
fish showing tiny salt like dots fish looks stressed fish was moved to new tank other fish look normal,5,Parasitic diseases
what disease is this breathing difficulty loss of appetite fins are clamped problem is,2,Bacterial gill disease
bloody red spots weak swimming with white tail tank has algae abnormal swimming is it serious today i saw,6,Viral diseases White tail disease
i noticed bloody red spots bleeding marks on skin fish looks tired is it serious,0,Bacterial Red disease
what disease this brething faster than normal visible lice on fish white spots body today i saw,5,Parasitic diseases
red sores near fins color looks dull,0,Bacterial Red disease
in my aquarium smooth scales no swelling,4,Healthy Fish
sometimes floating near surface grey white fungus,3,Fungal diseases Saprolegniasis
fish showing fluid filled belly less active than usual breathing faster than normal other fish look normal,1,Bacterial diseases - Aeromoniasis
my fish has gills look damaged please help,2,Bacterial gill disease
mold like growth on tail skin irritation in my aquarium fish looks stressed fish looks stressed scratching against rocks,5,Parasitic diseases
mold like growth on tail staying at bottom...,3,Fungal diseases Saprolegniasis
white mold on fins slow swimming,3,Fungal diseases Saprolegniasis
Scratching against rocks today i saw hiding in corner getting worse,5,Parasitic diseases
parasites attached to skin slow swimming,5,Parasitic diseases
since yesterday gasping at water surface new fish added recently please help?,2,Bacterial gill disease
grey white fungus sometimes floating near surface,3,Fungal diseases Saprolegniasis
for 2 days smooth scales no swelling only one fish affected,4,Healthy Fish
in my aquarium fish opens mouth repeatedly color looks dull fish looks tired is it serious,2,Bacterial gill disease
FISH SWIMMING NORMALLY,4,Healthy Fish
problem is tail tissue damaged white patch starting from tail loss of appetite tank has algae please help,6,Viral diseases White tail disease
my fish has flashing behavior rubbing body on tank wall fish looks stressed staying at bottom breathing difficulty only one fish affected,5,Parasitic diseases
one fish has tail end looks dead tail rot like white area sometimes floating near surface other fish look normal,6,Viral diseases White tail disease
in my aquarium red streaks around tail red sores near fins breathing faster than normal ammonia may be high white discoloration on tail,0,Bacterial Red disease
mold like growth on tail is it serious loss of appetite fish showing,3,Fungal diseases Saprolegniasis
bloody red spots problem is red sores near fins fins are clamped is it serious water temperature changed,0,Bacterial Red disease
please help less active than usual for 2 days visible lice on fish tiny salt like dots,5,Parasitic diseases
problem is scratching against rocks less active than usual does not react much filter was off for few hours only one fish affected,5,Parasitic diseases
breathing faster than normal after water change...,3,Fungal diseases Saprolegniasis
in my aquarium pale gills gills look damaged not eating properly color looks dull please help,2,Bacterial gill disease
One fish has dropsy like swelling body ulcer fish looks tired water temperature changed started recently,1,Bacterial diseases - Aeromoniasis
tail turning white sometimes floating near surface?,6,Viral diseases White tail disease
breathing faster than normal water is slightly dirty...,3,Fungal diseases Saprolegniasis
i noticed no visible wounds eats a little slow but normal it happens mostly at night,4,Healthy Fish
for 2 days flashing behavior flashing behavior fish looks tired started recently?,5,Parasitic diseases
oxygen level may be low white discoloration on tail weak swimming with white tail not eating properly weak movement one fish has it happens mostly at night...,6,Viral diseases White tail disease
since yesterday skin irritation staying at bottom loss of appetite pH may be unstable body ulcers not sure what happened,5,Parasitic diseases
For 2 days white mold on fins white cotton like growth new fish added recently red streaks around tail not sure what happened,3,Fungal diseases Saprolegniasis
bloody red spots hiding in corner tail rot like white area please help fish showing,6,Viral diseases White tail disease
fish showing gasping at water surface pale gills slow swimming getting worse,2,Bacterial gill disease
one fish has red sores near fins red streaks around tail fish looks tired ammonia may be high please help?,0,Bacterial Red disease
FOR 2 DAYS TAIL TURNING WHITE GETTING WORSE PALE GILLS SOMETIMES FLOATING NEAR SURFACE,2,Bacterial gill disease
one fish has flashing behavior slow swimming clamped fins please help...,5,Parasitic diseases
fungus on body not eating properly,3,Fungal diseases Saprolegniasis
FISH SWIMMING NORMALLY FOR 2 DAYS IT HAPPENS MOSTLY AT NIGHT,4,Healthy Fish
fish showing fluffy fungus near wound white mold on fins does not react much water is slightly dirty...,3,Fungal diseases Saprolegniasis
gasping at water surface fins are clamped...,2,Bacterial gill disease
color looks dull fungus body,3,Fungal diseases Saprolegniasis
Bloody red spots not eating properly,0,Bacterial Red disease
does not react much is it serious fish keeps scratching for 2 days pH may be unstable?,5,Parasitic diseases
my fish has mold like growth on tail weak movement loss of appetite,3,Fungal diseases Saprolegniasis
today i saw bloated abdomen dropsy like swelling sometimes floating near surface ammonia may be high it happens mostly at night,1,Bacterial diseases - Aeromoniasis
sometimes floating near surface fungus on body for 2 days bloated abdomen fish looks stressed ammonia may be high it happens mostly at night...,1,Bacterial diseases - Aeromoniasis
fluffy fungus near wound breathing faster than normal,3,Fungal diseases Saprolegniasis
For 2 days white cotton like growth staying at bottom body ulcers is it serious,3,Fungal diseases Saprolegniasis
fish showing normal breathing no white spots filter was off for few hours,4,Healthy Fish
PROBLEM IS RED WOUNDS ON BELLY BLOODDY RED SPOTS SLOW SWIMMING WHAT DISEASE IS THIS,0,Bacterial Red disease
fungus on body getting worse not eating properly in my aquarium fluffy fungus near wound?,3,Fungal diseases Saprolegniasis
Slow swimming wite cotton like growth,3,Fungal diseases Saprolegniasis
problem is gils look damaged stays near filter outlet abnormal swimming fins are clamped is it serious...,2,Bacterial gill disease
small blood marks on scales abnormal swimming,0,Bacterial Red disease
DROPSY LIKE SWELLING FINS ARE CLAMPED,1,Bacterial diseases - Aeromoniasis
today i saw cotton wool growth fish looks tired fish was moved to new tank it happens mostly at night...,3,Fungal diseases Saprolegniasis
it serious tiny salt like dots sometimes floating near surface today i saw loss of appitite new fish added recently,5,Parasitic diseases
inflamed red areas staying at bottom,0,Bacterial Red disease
color looks dull fish was moved to new tank,3,Fungal diseases Saprolegniasis
in my aquarium inflamed red areas less active than usual slow swimming,0,Bacterial Red disease
in my aquarium bleeding marks skin sometimes floating near surface water temperature changed tiny salt like dots getting worse,0,Bacterial Red disease
ONE FISH SMALL BLOOD MARKS ON SCALES RED SORES NEAR FINS HIDING IN CORNER DEEP SKIN ULCERSS WHAT DISEASE IS THIS,0,Bacterial Red disease
Problem red wounds with swelling body ulcer does not react much is it serious,1,Bacterial diseases - Aeromoniasis
gills look damaged loss of appetite visible lice on fish hiding in corner flashing behavior my fish has other fish look normal,5,Parasitic diseases
PROBLEM IS NO VISIBLE WOUNDS SOMETIMES STAYS STILL IT HAPPENS MOSTLY AT NIGHT,4,Healthy Fish
fish looks stressed in my aquarium white patch starting from tail other fish look normal inflamed red areas,6,Viral diseases White tail disease
brown gill color is it serious abnormal swimming fish showing gasping at water surface,2,Bacterial gill disease
mold like growth on tail fins are clamped,3,Fungal diseases Saprolegniasis
i noticed skin irritation fish looks stressed fins are clamped pH may be unstable what diesase is this,5,Parasitic diseases
today i saw milky wite tail fins clamped water temperature changed not sure what happened...,6,Viral diseases White tail disease
problem is swollen gills brown gill color fish looks tired not eating properly filter was off for few hours red ulcerss on body what disease is this,2,Bacterial gill disease
fish looks tired is it serious weak swimming with white tail problem is fish looks tired,6,Viral diseases White tail disease
helthy fins one fish has water is slightly dirty sometimes stays still getting worse,4,Healthy Fish
what disease is this today i saw scales sticking out tail end looks dead fish looks stressed...,1,Bacterial diseases - Aeromoniasis
red streaks around tail blooddy red spots sometimes floating near surface breathing faster than normal is it serious,0,Bacterial Red disease
tank has algae it happens mostly at night white cotton like growth not eating properly pale gills i noticed,2,Bacterial gill disease
healthy fins is it serious today i saw new fish added recently?,4,Healthy Fish
i noticed started recently fish looks bloated and weak...,1,Bacterial diseases - Aeromoniasis
white mold on fins grey white fungus slow swimming started recently,3,Fungal diseases Saprolegniasis
normal appetite,4,Healthy Fish
what disease is this one fish has fish looks tired staying at bottom mucus on gills gasping at water surface water is cloudy...,2,Bacterial gill disease
clear eyes oxygen level may be low,4,Healthy Fish
SINCE YESTERDAY RED WOUNDS ON BELLY LOSS OF APPETITE TANK WAS CLEANED YESTERDAY GETTING WORSE,0,Bacterial Red disease
"in my aquarium fish looks bloated, weak fluid filled belly staying at bottom pH may be unstable only one fish affected",1,Bacterial diseases - Aeromoniasis
FUNGUS ON BODY MOLD LIKE GROWTH ON TAIL HIDING IN CORNER FEED WAS CHANGED RECENTLY GETTING WORSE,3,Fungal diseases Saprolegniasis
i noticed small blood marks on scales skin looks reddish and damaged weak movement bloated abdomen getting worse,0,Bacterial Red disease
"fins are clamped for 2 days only one fish affected oxygen level may be low dropsy like swelling red ulcers on body skin looks reddish, damaged",0,Bacterial Red disease
since yesterday pale gills hiding in corner please help,2,Bacterial gill disease
bleeding marks on skin i noticed other fish look normal deep skin ulcers abnormal swimming,0,Bacterial Red disease
whit hairy patch small blood marks on scales red ulcers body i noticed it happens mostly at night?,0,Bacterial Red disease
my fish has pale gils rapid gill movement tail rot like white area please help,2,Bacterial gill disease
fish showing red wounds with swelling not eating properly ammonia may be high scratching against rocks only one fish affected...,1,Bacterial diseases - Aeromoniasis
fish looks healthy only one fish affected since yesterday only resting after feeding?,4,Healthy Fish
Red wounds on belly does not react much abnormal swimming,0,Bacterial Red disease
one fish has deep skin ulcers fish looks tired ammonia may be high started recently,1,Bacterial diseases - Aeromoniasis
FISH LOOKS HEALTHY,4,Healthy Fish
Brething faster than normal red wounds on belly,0,Bacterial Red disease
Since yesterday normal appetite only one fish affected,4,Healthy Fish
fish keeps scratching dropsy like swelling water temperature changed is it serious...,5,Parasitic diseases
Sometimes floating near surface feed was changed recently,1,Bacterial diseases - Aeromoniasis
Flashing behavior only one fish affected,5,Parasitic diseases
SINCE YESTERDAY MILKY WHITE TAIL NOT EATING PROPERLY FEED WAS CHANGED RECENTLY IT HAPPENS MOSTLY AT NIGHT?,6,Viral diseases White tail disease
PARASITES ATTACHED TO SKIN PARASITES ATTACHED TO SKIN NOT EATING PROPERLY IS IT SERIOUS,5,Parasitic diseases
problem is fish swimming normally only resting after feeding please help...,4,Healthy Fish
"Problem is active, eating well is it serious",4,Healthy Fish
in my aquarium active and eating well it happens mostly at night,4,Healthy Fish
does not react much stays near filter outlet...,2,Bacterial gill disease
rapid gill movement not eating properly,2,Bacterial gill disease
i noticed taill turning white water is slightly dirty started recently,6,Viral diseases White tail disease
fungus on body weak movement,3,Fungal diseases Saprolegniasis
smooth scales,4,Healthy Fish
getting worse does not react much white spots body abnormal swimming problem...,5,Parasitic diseases
FOR 2 DAYS MILKY WITE TAIL ABNORMAL SWIMMING WHAT DISEASE IS THIS,6,Viral diseases White tail disease
fish showing fuzzy white patches new fish added recently is it serious staying at bottom,3,Fungal diseases Saprolegniasis
ONE FISH HAS SCRATCHING AGAINST ROCKS IT HAPPENS MOSTLY AT NIGHT PH MAY BE UNSTABLE...,5,Parasitic diseases
Problem white cotton like growth fish looks tired it happens mostly at night,3,Fungal diseases Saprolegniasis
since yesterday fluffy fungus near wound less active than usual water temperature changed getting worse,3,Fungal diseases Saprolegniasis
problem is gasping at water surface loss of appetite fins clamped water smells bad not sure what happened,2,Bacterial gill disease
gasping at water surface fish opens mouth repeatedly hiding in corner fins are clamped bloated abdomen not sure what happened,2,Bacterial gill disease
my fish has fish looks healthy please help,4,Healthy Fish
problem is brown gill color gills look damaged abnormal swimming oxygen level may be low started recently?,2,Bacterial gill disease
tail end looks dead loss of appetite,6,Viral diseases White tail disease
Fish showing normal appetite fish was moved to new tank only one fish affected,4,Healthy Fish
FOR 2 DAYS CLEAR EYES ONLY ONE FISH AFFECTED,4,Healthy Fish
"for 2 days activ, eating well eats a little slow but normal started recently?",4,Healthy Fish
fish looks bloated and weak loss of appetite...,1,Bacterial diseases - Aeromoniasis
one fish has flashing behavior white spots body not eating properly,5,Parasitic diseases
problem is not sure what happened tank was cleaned yesterday gasping at water surface weak movement,2,Bacterial gill disease
today i saw red patches on body bleeding marks on skin only one fish affected,0,Bacterial Red disease
mold like growth on tail loss of appetite,3,Fungal diseases Saprolegniasis
not eating properly milky white tail,6,Viral diseases White tail disease
ONE FISH HAS FLUID FILLED BELLY ABNORMAL SWIMMING BREATHING FASTER THAN NORMAL FEED WAS CHANGED RECENTLY MOLD LIKE GROWTH ON TAIL IS IT SERIOUS,1,Bacterial diseases - Aeromoniasis
Since yesterday tiny salt like dots parasites attached to skin rapid gill movement,5,Parasitic diseases
for 2 days red streaks around tail bleeding marks on skin started recently,0,Bacterial Red disease
oxygen level may be low fins clamped,0,Bacterial Red disease
my fish has white tail tip water is slightly dirty red patches on body started recently,6,Viral diseases White tail disease
Problem is cotton wool growth cotton wool growth only one fish affected,3,Fungal diseases Saprolegniasis
fluffy fungus near wound fuzzy white patches problem is tank was cleaned yesterday not sure what happened,3,Fungal diseases Saprolegniasis
Bloody red spots in my aquarium fins are clamped getting worse sometimes floating surface...,0,Bacterial Red disease
normal appetite it happens mostly at night fish showing after water change,4,Healthy Fish
problem is bloody red spots bleeding marks on skin not eating properly after water change stays near filter outlet getting worse,0,Bacterial Red disease
white hairy patch fish looks tired,3,Fungal diseases Saprolegniasis
today i saw it happens mostly at night cotton wool growth mucus on gills filter was off for few hours,2,Bacterial gill disease
today i saw flashing behavior tiny salt like dots fins are clamped not eating properly filter was off for few hours it happens mostly at night,5,Parasitic diseases
fish showing mold like growth on tail mold like growth on tail staying at bottom hiding in corner red wounds belly not sure what happened,3,Fungal diseases Saprolegniasis
fish looks tired only one fish affected scratching against rocks i noticed slow swimming water temperature changed,5,Parasitic diseases
fins are clamped parasites attached to skin other fish look normal since yesterday,5,Parasitic diseases
one fish has white mold on fins mold like growth on tail hiding in corner not sure what happened,3,Fungal diseases Saprolegniasis
In my aquarium red patches body inflamed red areas sometimes floating near surfac,0,Bacterial Red disease
my fish has fish opens mouth repeatedly breathing difficulty sometimes floating near surface staying at bottom please help,2,Bacterial gill disease
problem is tail rot like white area tail rot like white area fish looks stressed loss of appetite after water change dropsy like swelling getting worse,6,Viral diseases White tail disease
I noticed parasites attached to skin tiny salt like dots new fish added recently not sure what happened...,5,Parasitic diseases
slow swimming after water change,5,Parasitic diseases
i noticed new fish added recently skin irritation other fish look normal staying at bottom loss of appetite,5,Parasitic diseases
fish showing rubbing body on tank wall color looks dull not sure what happened...,5,Parasitic diseases
One fish has bloated abdomen tail fin becoming pale not sure what happened white patch starting from tail...?,6,Viral diseases White tail disease
abnormal swimming water is slightly dirty?,2,Bacterial gill disease
normal appetite only one fish affected for 2 days,4,Healthy Fish
getting worse for 2 days weak swimming with white tail bloated abdomen,6,Viral diseases White tail disease
in my aquarium dropsy like swelling popeye sometimes floating near surface pH may be unstable red streaks around tail,1,Bacterial diseases - Aeromoniasis
breathin difficulty please help for 2 days fish looks stressed hiding in corner,2,Bacterial gill disease
since yesterday scales sticking out fins are clamped tank has algae it happens mostly at night?,1,Bacterial diseases - Aeromoniasis
Problem is body ulcer fish looks tired breathin faster than normal please help,1,Bacterial diseases - Aeromoniasis
it happens mostly at night pH may be unstable abnormal swimming my fish has fish looks bloated and weak,1,Bacterial diseases - Aeromoniasis
Hiding in corner gills look damaged,2,Bacterial gill disease
since yesterday no visible wounds not sure what happened,4,Healthy Fish
my fish rubbing body on tank wall not eating properly fins are clamped after water change other fish look normal...?,5,Parasitic diseases
i noticed fish looks helthy is it serious,4,Healthy Fish
water is cloudy my fish has is it serious red wounds on belly inflamed red areas,0,Bacterial Red disease
since yesterday fluffy fungus near wound white hairy patch filter was off for few hours what disease is this,3,Fungal diseases Saprolegniasis
bleeding marks on skin for 2 days not eating properly breathing faster than normal only one fish affected,0,Bacterial Red disease
in my aquarium small blood marks on scales red streaks around tail less active than usual other fish look normal...,0,Bacterial Red disease
blooddy red spots not eating properly,0,Bacterial Red disease
fluid filled belly not eating properly,1,Bacterial diseases - Aeromoniasis
bloody red spots staying at bottom?,0,Bacterial Red disease
dropsy like swelling one fish has does not react much scales sticking out,1,Bacterial diseases - Aeromoniasis
fish showing red patches on body red sores near fins less active than usual what disease is this,0,Bacterial Red disease
In my aquarium bright body color not sure what happened,4,Healthy Fish
i noticed white patch starting from tail tail turning white weak movement white spots on body,6,Viral diseases White tail disease
Hiding in corner it happens mostly at night rapid gill movement white tail tip today i saw less active than usual...,2,Bacterial gill disease
feed was changed recently white patch starting from tail hiding in corner it happens mostly at night milky white tail,6,Viral diseases White tail disease
body ulcers hiding in corner,1,Bacterial diseases - Aeromoniasis
Slow swimming water is slightly dirty,3,Fungal diseases Saprolegniasis
in my aquarium mucus on gils hiding in corner hiding in corner water is slightly dirty only one fish affected,2,Bacterial gill disease
Smooth scales i noticed water smells bad,4,Healthy Fish
filter was off for few hours please help fish showing body ulcers red wounds with swelling hiding in corner,1,Bacterial diseases - Aeromoniasis
for 2 days red streaks around teil small blood marks on scales less active than usual fish looks stressed tank has algae popeye other fish look normal,0,Bacterial Red disease
weak movement slow swimming it happens mostly at night fish showing milky white tail red wounds on belly,0,Bacterial Red disease
only one fish affected my fish has clear eyes swims fine most of the time...,4,Healthy Fish
other fish look normal i noticed water cloudy red wounds on belly stays near filter outlet fins are clamped red streaks around tail,0,Bacterial Red disease
cotton wool growth color looks dull,3,Fungal diseases Saprolegniasis
today i saw fish looks bloated and weak deep skin ulcers weak movement,1,Bacterial diseases - Aeromoniasis
WHITE HAIRY PATCH SLOW SWIMMING ABNORMAL SWIMMING MILKY WHITE TEIL NEW FISH ADDED RECENTLY PROBLEM,3,Fungal diseases Saprolegniasis
fish showing white mold on fins color looks dull fish was moved to new tank is it serious,3,Fungal diseases Saprolegniasis
fish looks bloated and weak weak movement water is slightly dirty only one fish affected,1,Bacterial diseases - Aeromoniasis
filter was off for few hours not sure what happened one fish has white spots on body,5,Parasitic diseases
for 2 days white hairy patch weak movement fish looks stressed is it serious,3,Fungal diseases Saprolegniasis
fish showing active and eating well started recently,4,Healthy Fish
my fish has parasites attached to skin tiny salt like dots weak movement tank has algae is it serious,5,Parasitic diseases
one fish has white mold on fins breathin faster than normal less active than usual other fish look normal,3,Fungal diseases Saprolegniasis
gasping at water surface loss of appetite what diesase is this,2,Bacterial gill disease
one fish has fish looks bloated and weak less active than usual water is cloudy what disease is this,1,Bacterial diseases - Aeromoniasis
white mold on fins not eating properly is it serious,3,Fungal diseases Saprolegniasis
fish showing clamped fins white spots on body does not react much fish looks tired other fish look normal,5,Parasitic diseases
Fish showing rubbing body on tank wall fish keeps scratching hiding in corner tank was cleaned yesterday is it serious,5,Parasitic diseases
rubbing body on tank wall one fish has started recently water is cloudy white discoloration on tail fish looks tired tail turning white,6,Viral diseases White tail disease
slow swimming bleeding marks skin,0,Bacterial Red disease
i noticed cotton wool growth fluffy fungus near wound staying at bottom tank was cleaned yesterday is it serious,3,Fungal diseases Saprolegniasis
since yesterday fish looks healthy tank was cleaned yesterday other fish look normal?,4,Healthy Fish
for 2 days bright body color fish was moved to new tank other fish look normal,4,Healthy Fish
one fish has pale gills fish looks tired slow swimming please help?,2,Bacterial gill disease
Since yesterday fish swimming normally is it serious...,4,Healthy Fish
problem is taill fin becoming pale hiding in corner fish looks stressed filter was off for few hours other fish look normal,6,Viral diseases White tail disease
popeye does not react much,1,Bacterial diseases - Aeromoniasis
does not react much brown gill color,2,Bacterial gill disease
today i saw rubbing body on tank wall skin irritation fish looks stressed loss of appetite tank has algae only one fish affected,5,Parasitic diseases
I NOTICED SCRATCHING AGAINST ROCKS TINY SALT LIKE DOTS DOES NOT REACT MUCH FILTER WAS OFF FOR FEW HOURS MOLD LIKE GROWTH ON TAIL WHAT DISEASE IS THIS,5,Parasitic diseases
not eating properly tank has algae,5,Parasitic diseases
"since yesterday skin looks reddish, damaged inflamed red areas staying at bottom fins are clamped swollen gills what disease is this",0,Bacterial Red disease
For 2 days milky white tail tail tissue damaged weak movement breathing faster than normal it happens mostly at night,6,Viral diseases White tail disease
problem dropsy like swelling sometimes floating near surface,1,Bacterial diseases - Aeromoniasis
weak movement tank has algae,0,Bacterial Red disease
deep skin ulcers loss of appetite,1,Bacterial diseases - Aeromoniasis
white cotton growth started recently abnormal swimming for 2 days,3,Fungal diseases Saprolegniasis
RED SORES NEAR FINS LESS ACTIVE THAN USUAL TODAY I SAW BREATHING FASTER THAN NORMAL OTHER FISH LOOK NORMAL,0,Bacterial Red disease
FISH SHOWING FISH OPENS MOUTH REPEATEDLY WHAT DISEASE IS THIS COLOR LOOKS DULL,2,Bacterial gill disease
does not react much not sure what happened clamped fins flashing behavior grey white fungas,5,Parasitic diseases
PH MAY BE UNSTABLE WEAK MOVEMENT,0,Bacterial Red disease
fish showing popeye swollen belly fish looks tired water temperature changed what diesase is this...,1,Bacterial diseases - Aeromoniasis
feed was changed recently staying at bottom,3,Fungal diseases Saprolegniasis
today i saw fungas on body white hairy patch abnormal swimming,3,Fungal diseases Saprolegniasis
FOR 2 DAYS FLASHING BEHAVIOR IS IT SERIOUS...,5,Parasitic diseases
fish swimming normally it happens mostly at night,4,Healthy Fish
my fish has swollen belly swollen belly fins are clamped pale gills only one fish affected...,1,Bacterial diseases - Aeromoniasis
fish showing white cotton like growth hiding in corner slow swimming new fish added recently white spots on body other fish look normal,3,Fungal diseases Saprolegniasis
Tail rot like white area milky white tail hiding in corner after water change it happens mostly at night,6,Viral diseases White tail disease
red streaks around tail red wounds on belly only one fish affected,0,Bacterial Red disease
mold growth on taill not eating properly,3,Fungal diseases Saprolegniasis
i noticed skin looks reddish and damaged loss of appetite getting worse,0,Bacterial Red disease
in my aquarium stays near filter outlet abnormal swimming feed was changed recently started recently,2,Bacterial gill disease
fungal growth on skin slow swimming,3,Fungal diseases Saprolegniasis
started recently bright body color fish showing fish was moved to new tank,4,Healthy Fish
fish looks tired new fish added recently...,0,Bacterial Red disease
does not react much water temperature changed,5,Parasitic diseases
fish showing white hairy patch white hairy patch not eating properly water is slightly dirty not sure what happened...,3,Fungal diseases Saprolegniasis
bright body color,4,Healthy Fish
It happens mostly at night fish looks stressed skin irritation flashing behavior,5,Parasitic diseases
staying at bottom white hairy patch,3,Fungal diseases Saprolegniasis
in my aquarium small blood marks scales breathing faster than normal does not react much water is cloudy rapid gill movement getting worse,0,Bacterial Red disease
one fish has normal appetite filter was off for few hours started recently,4,Healthy Fish
i noticed dropsy like swelling not eating properly fish looks tired started recently?,1,Bacterial diseases - Aeromoniasis
one fish has fluffy fungus near wound visible lice on fish started recently fish looks stressed mold like growth on tail fish looks stressed water smells bad,3,Fungal diseases Saprolegniasis
one fish has fungal growth on skin white mold on fins hiding in corner weak movement after water change what disease is this,3,Fungal diseases Saprolegniasis
WHITE SPOTS BODY IT HAPPENS MOSTLY AT NIGHT SLOW SWIMMING FUNGAL GROWTH ON SKIN FISH LOOKS TIRED IN MY AQUARIUM AFTER WATER CHANGE SCRATCHING AGAINST ROCKS...,5,Parasitic diseases
today i saw scales sticking out fish looks tired small blood marks on scales what disease is this,1,Bacterial diseases - Aeromoniasis
i noticed red patches on body red patches on body fish was moved to new tank it happens mostly at night,0,Bacterial Red disease
problem is bloated abdomen fish looks tired loss of appetite it happens mostly at night,1,Bacterial diseases - Aeromoniasis
slow swimming skin irritation,5,Parasitic diseases
tiny salt like dots weak movement,5,Parasitic diseases
loss of appetite white discoloration on tail after water change i noticed less active than usual red sores near fins bloody red spots?,0,Bacterial Red disease
in my aquarium bloody red spots fish looks stressed brown gill color started recently,0,Bacterial Red disease
Filter was off for few hours since yesterday fish opens mouth repeatedly only one fish affected breathing faster than normal fish looks tired,2,Bacterial gill disease
sometimes floating surface weak movement since yesterday what disease is this fungal growth on skin,3,Fungal diseases Saprolegniasis
in my aquarium bleeding marks on skin water is cloudy what desease is this,0,Bacterial Red disease
bright body color,4,Healthy Fish
for 2 days fish swimming normally no red spots,4,Healthy Fish
swollen gills color looks dull,2,Bacterial gill disease
active and eating well pH may be unstable problem is other fish look normal,4,Healthy Fish
In my aquarium fungus on body slow swimming brething faster than normal oxygen level may be low is it serious,3,Fungal diseases Saprolegniasis
today i saw fish opens mouth repeatedly mucus on gills fish looks tired tank was cleaned yesterday...,2,Bacterial gill disease
is it serious in my aquarium active and eating well,4,Healthy Fish
healthy fins it happens mostly at night i noticed,4,Healthy Fish
only one fish affected brething faster than normal water temperature changed popeye body ulcers today i saw blooddy red spots,1,Bacterial diseases - Aeromoniasis
fungus on body sometimes floating near surface,3,Fungal diseases Saprolegniasis
one fish has skin looks reddish and damaged bloody red spots slow swimming water smells bad not sure what happened,0,Bacterial Red disease
fish showing fuzzy wite patches is it serious water is slightly dirty cotton wool growth?,3,Fungal diseases Saprolegniasis
Flashing behavior red ulcers on body staying at bottom my fish has,0,Bacterial Red disease
clear eyes eats a little slow but normal only one fish affected,4,Healthy Fish
White spots on body loss of appetite,5,Parasitic diseases
scratching against rocks sometimes floating surface weak movement new fish added recently body ulcers other fish look normal...,5,Parasitic diseases
bright body color,4,Healthy Fish
NORMAL BREATHING,4,Healthy Fish
problem is weak swimming with white tail white discoloration on tail not eating properly started recently,6,Viral diseases White tail disease
since yesterday fish swimming normally sometimes stays still is it serious,4,Healthy Fish
getting worse fish looks tired white hairy patch loss of appetite my fish has,3,Fungal diseases Saprolegniasis
bloated abdomen deep skin ulcers only one fish affected,1,Bacterial diseases - Aeromoniasis
abnormal swimming today i saw slow swimming other fish look normal parasites attached to skin,5,Parasitic diseases
"skin looks reddish, damaged skin looks reddish, damaged fish looks tired color looks dull tank was cleaned yesterday red wounds with swelling is it serious...",0,Bacterial Red disease
Today i saw red streaks around teil red streaks around tail breathing faster than normal slow swimming filter was off for few hours started recently,0,Bacterial Red disease
tail end looks dead not eating properly,6,Viral diseases White tail disease
fuzzy white patches color looks dull...,3,Fungal diseases Saprolegniasis
i noticed bloody red spots weak movement not sure what happened,0,Bacterial Red disease
water is slightly dirty color looks dull,1,Bacterial diseases - Aeromoniasis
fish looks stressed oxygen level may be low,3,Fungal diseases Saprolegniasis
problem is bloody red spots bloody red spots what disease is this,0,Bacterial Red disease
"in my aquarium fish looks bloated, weak swollen belly fish looks tired water is slightly dirty please help",1,Bacterial diseases - Aeromoniasis
blooddy red spots fins clamped,0,Bacterial Red disease
i noticed grey white fungis staying at bottom fins are clamped water temperature changed deep skin ulcerss it happens mostly at night,3,Fungal diseases Saprolegniasis
today i saw swollen gills swollen gills it happens mostly at night,2,Bacterial gill disease
scales sticking out getting worse parasite attached to skin water temperature changed weak movement one fish,5,Parasitic diseases
problem is cotton wool growth white cotton like growth abnormal swimming brown gill color started recently,3,Fungal diseases Saprolegniasis
cotton wool growth grey white fungus sometimes floating near surface is it serious,3,Fungal diseases Saprolegniasis
for 2 days white patch starting from tail white tail tip fins are clamped water smells bad skin irritation other fish look normal,6,Viral diseases White tail disease
since yesterday taill turning white tail fin becoming pale color looks dull tank has algae dropsy like swelling is it serious?,6,Viral diseases White tail disease
problem is taill end looks dead milky white tail sometimes floating near surface please help...,6,Viral diseases White tail disease
fins are clamped filter was off for few hours,0,Bacterial Red disease
water is slightly dirty sometimes floating near surface i noticed fish opens mouth repeatedly gasping at water surface color looks dull what desease is this dropsy like swelling,2,Bacterial gill disease
in my aquarium fluid filled belly red wounds with swelling feed was changed recently not sure what happened,1,Bacterial diseases - Aeromoniasis
white spots on body for 2 days scratching against rocks weak movement other fish look normal red wounds with swelling...,5,Parasitic diseases
since yesterday tail fin becoming pale white patch starting from tail loss of appitite water temperature changed fungus on body is it serious,6,Viral diseases White tail disease
fluffy fungis near wound breathing faster than normal,3,Fungal diseases Saprolegniasis
fish looks tired water is slightly dirty...,3,Fungal diseases Saprolegniasis
one fish has milky white tail fish looks stressed not sure what happened,6,Viral diseases White tail disease
today i saw clamped fins tank has algae,5,Parasitic diseases
FOR 2 DAYS SKIN IRRITATION OXYGEN LEVEL MAY BE LOW IS IT SERIOUS,5,Parasitic diseases
HIDING IN CORNER RED WOUNDS WITH SWELLING IS IT SERIOUS FINS ARE CLAMPED TANK WAS CLEANED YESTERDAY,1,Bacterial diseases - Aeromoniasis
inflamed red areas color looks dull,0,Bacterial Red disease
today i saw visible lice on fish clamped fins hiding in corner getting worse,5,Parasitic diseases
normal breathing,4,Healthy Fish
fish was moved to new tank flashing behavior my fish has other fish look normal,5,Parasitic diseases
one fish wite spots on body clamped fins please help,5,Parasitic diseases
fish looks stressed gills look damaged fish showing stays near filter outlet,2,Bacterial gill disease
problem is fish swimming normally not sure what happened,4,Healthy Fish
fish showing grey white fungus sometimes floating near surface only one fish affected,3,Fungal diseases Saprolegniasis
for 2 days swollen gills breathing difficulty color looks dull only one fish affected,2,Bacterial gill disease
My fish has fish looks healthy what disease is this,4,Healthy Fish
problem is white mold on fins fungis on body abnormal swimming fish looks stressed water smells bad started recently,3,Fungal diseases Saprolegniasis
since yesterday red patches body bleeding marks skin is it serious,0,Bacterial Red disease
PROBLEM IS RED PATCHES ON BODY BLOODY RED SPOTS STARTED RECENTLY,0,Bacterial Red disease
sometimes floating near surface filter was off for few hours,6,Viral diseases White tail disease
what disease is this pH may be unstable my fish has red sores near fins not eating properly,0,Bacterial Red disease
fish showing bleeding marks on skin small blood marks on scales less aktive than usual after water change started recently,0,Bacterial Red disease
loss of appetite rubbing body on tank wall,5,Parasitic diseases
it happens mostly at night after water change fish looks stressed weak swimming with white tail breathing faster than normal for 2 days flashing behavior,5,Parasitic diseases
for 2 days cotton wool growth mold like growth on tail hiding in corner hiding in corner getting worse...,3,Fungal diseases Saprolegniasis
one fish has fish opens mouth repeatedly pale gill does not react much pH may be unstable started recently?,2,Bacterial gill disease
my fish has tail rot like white area tail tissue damaged does not react much does not react much started recently,6,Viral diseases White tail disease
Fluid filled belly fins clamped not eating properly started recently,1,Bacterial diseases - Aeromoniasis
i noticed fish keeps scratching abnormal swimming it happens mostly at night,5,Parasitic diseases
smooth scales,4,Healthy Fish
brown gill color loss of appetite,2,Bacterial gill disease
what desease is this hiding in corner fish looks stressed bleeding marks on skin i noticed,0,Bacterial Red disease
in my aquarium dropsy like swelling sometimes floating near surface weak movement pH may be unstable getting worse,1,Bacterial diseases - Aeromoniasis
problem is milky white teil does not react much less active than usual after water change brown gill color please help,6,Viral diseases White tail disease
white spots on body what disease is this fish showing tail tissue damaged,5,Parasitic diseases
fish showing gills look damaged gills look damaged fish looks stressed getting worse,2,Bacterial gill disease
my fish has red ulcers on body red streaks around tail color looks dull not eating properly feed was changed recently other fish look normal,0,Bacterial Red disease
problem is fluffy fungus near wound grey white fungus hiding in corner not eating properly mucus on gills please help,3,Fungal diseases Saprolegniasis
for 2 days flashing behavior fish looks tired water smells bad only one fish affected,5,Parasitic diseases
inflamed red areas ammonia may be high getting worse fish showing abnormal swimming...,0,Bacterial Red disease
white mold on fins weak movement bleeding marks on skin getting worse,3,Fungal diseases Saprolegniasis
what disease is this tail end looks dead does not react much less active than usual since yesterday,6,Viral diseases White tail disease
WHAT DISEASE IS THIS MY FISH HAS NEW FISH ADDED RECENTLY TINY SALT LIKE DOTS DOES NOT REACT MUCH,5,Parasitic diseases
since yesterday tail tissue damaged abnormal swimming cotton wool growth getting worse,6,Viral diseases White tail disease
for 2 days tail fin becoming pale white patch starting from tail fish looks stressed please help,6,Viral diseases White tail disease
white spots body abnormal swimming,5,Parasitic diseases
please help visible lice on fish water is cloudy fish looks stressed scratching against rocks since yesterday fins are clamped,5,Parasitic diseases
problem is white patch starting from tail tail turning white abnormal swimming started recently,6,Viral diseases White tail disease
i noticed bright body color sometimes stays still started recently,4,Healthy Fish
Bleeding marks on skin small blood marks on scales my fish has fish looks tired not eating properly not sure what happened water cloudy,0,Bacterial Red disease
my fish has normal breathing only resting after feeding tank has algae started recently,4,Healthy Fish
started recently loss of appetite water is slightly dirty white mold on fins today i saw,3,Fungal diseases Saprolegniasis
today i saw white mold on fins fluffy fungus near wound does not react much fins are clamped ammonia may be high is it serious...,3,Fungal diseases Saprolegniasis
dropsy like swelling not eating properly,1,Bacterial diseases - Aeromoniasis
red ulcerss on body slow swimming,0,Bacterial Red disease
"in my aquarium active, eating well started recently",4,Healthy Fish
stays near filter outlet abnormal swimming,2,Bacterial gill disease
"today i saw inflamed red areas skin looks reddish, damaged slow swimming sometimes floating near surface water is cloudy",0,Bacterial Red disease
other fish look normal weak movement for 2 days tail fin becoming pale loss of apetite,6,Viral diseases White tail disease
fish opens mouth repeatedly stays near filter outlet fish looks stressed not sure what happened,2,Bacterial gill disease
active and eating well,4,Healthy Fish
fish showing deep skin ulcers red wounds with swelling staying at bottom filter was off for few hours clamped fins getting worse?,1,Bacterial diseases - Aeromoniasis
today i saw milky white tail milky white tail less active than usual not eating properly water is slightly dirty is it serious,6,Viral diseases White tail disease
for 2 days tail tissue damaged white discoloration on tail less active than usual abnormal swimming water is cloudy small blood marks on scales what disease is this,6,Viral diseases White tail disease
my fish has clear eyes feed was changed recently started recently?,4,Healthy Fish
fuzzy white patches for 2 days other fish look normal breathing faster than normal,3,Fungal diseases Saprolegniasis
TANK HAS ALGAE DOES NOT REACT MUCH,5,Parasitic diseases
my fish has stays near filter outlet swollen gills less active than usual what disease is this,2,Bacterial gill disease
fish looks tired water is slightly dirty?,5,Parasitic diseases
clamped fins flashing behavior weak movement abnormal swimming pH may be unstable please help...,5,Parasitic diseases
in my aquarium fish looks healthy what disease is this,4,Healthy Fish
tank was cleaned yesterday fish showing inflamed red areas fungal growth on skin fungus on body getting worse,3,Fungal diseases Saprolegniasis
today i saw fish looks bloated and weak please help,1,Bacterial diseases - Aeromoniasis
for 2 days red sores near fins fins are clamped new fish added recently please help,0,Bacterial Red disease
loss of appetite body ulcers,1,Bacterial diseases - Aeromoniasis
no breathing issue since yesterday fish swimming normally is it serious,4,Healthy Fish
Loss of appetite tank was cleaned yesterday,0,Bacterial Red disease
Skin irritation tiny salt like dots abnormal swimming is it serious,5,Parasitic diseases
Fish keeps scratching getting worse since yesterday loss of appetite ph may be unstable,5,Parasitic diseases
since yesterday healthy fins not sure what happened?,4,Healthy Fish
tail rot like white area slow swimming,6,Viral diseases White tail disease
one fish has smooth scales swims fine most of the time new fish added recently other fish look normal,4,Healthy Fish
for 2 days swollen gills water is slightly dirty popeye it serious,2,Bacterial gill disease
i noticed fluid filled belly water is cloudy what disease is this?,1,Bacterial diseases - Aeromoniasis
abnormal swimming dropsy like swelling,1,Bacterial diseases - Aeromoniasis
it happens mostly at night red wounds on belly bleeding marks on skin today i saw breathing faster than normal water temperature changed swollen gills,0,Bacterial Red disease
abnormal swimming body ulcers not sure what happened in my aquarium water temperature changed deep skin ulcers,1,Bacterial diseases - Aeromoniasis
does not react much water temperature changed?,5,Parasitic diseases
today i saw red sores near fins slow swimming water smells bad please help,0,Bacterial Red disease
rapid gill movement fish looks stressed slow swimming for 2 days other fish look normal fluid filled belly,1,Bacterial diseases - Aeromoniasis
what disease is this in my aquarium active and eating well,4,Healthy Fish
i noticed smooth scales swims fine most of the time?,4,Healthy Fish
does not react much oxygen level may be low,2,Bacterial gill disease
one fish has swollen belly red wounds with swelling does not react much water temperature changed only one fish affected,1,Bacterial diseases - Aeromoniasis
white spots on body flashing behavior weak movement is it serious,5,Parasitic diseases
skin looks reddish and damaged not eating properly,0,Bacterial Red disease
tail tissue damaged red streaks around tail slow swimming whit discoloration on tail my fish has only one fish affected,6,Viral diseases White tail disease
only one fish affected visible lice on fish skin irritation for 2 days weak movement,5,Parasitic diseases
white mold on fins gasping at water surface sometimes floating near serface since yesterday breathin difficulty...,2,Bacterial gill disease
abnormal swimming tail rot like white area...,6,Viral diseases White tail disease
since yesterday gils look damaged color looks dull sometimes floating near surfac new fish added recently only one fish affected...,2,Bacterial gill disease
only one fish affected inflamed red areas breathing faster than normal skin irritation my fish has,5,Parasitic diseases
breathing difficulty sometimes floating near surfac,2,Bacterial gill disease
please help breathing faster than normal fuzzy white patches whit mold fins i noticed,3,Fungal diseases Saprolegniasis
MY FISH HAS SWOLLEN BELLY WATER TEMPERATURE CHANGED GILS LOOK DAMAGED PALE GILLS OTHER FISH LOOK NORMAL,2,Bacterial gill disease
i noticed taill fin becoming pale water temperature changed does not react much not sure what happened weak movement...,6,Viral diseases White tail disease
fish looks stressed staying at bottom fish showing other fish look normal gasping at water surface ammonia may be high brown gill color,2,Bacterial gill disease
since yesterday rapid gill movement mucus on gills breathing faster than normal ammonia may be high other fish look normal,2,Bacterial gill disease
breathing difficulty color looks dull,2,Bacterial gill disease
white discoloration on tail i noticed it happens mostly at night tiny salt like dots fish looks tired fish was moved to new tank loss of appetite,6,Viral diseases White tail disease
WEAK SWIMMING WITH WHITE TAIL PROBLEM IS HIDING IN CORNER PLEASE HELP,6,Viral diseases White tail disease
since yesterday visible lice on fish less active than usual feed was changed recently started recently,5,Parasitic diseases
since yesterday healthy fins what disease is this?,4,Healthy Fish
in my aquarium red streaks around teil bleeding marks on skin color looks dull not eating properly filter was off for few hours brown gill color other fish look normal,0,Bacterial Red disease
staying at bottom today i saw dropsy like swelling not sure what happened?,1,Bacterial diseases - Aeromoniasis
I noticed scales sticking out hiding in corner water is cloudy gasping at water surface please help,1,Bacterial diseases - Aeromoniasis
white hairy patch sometimes floating near surfac loss of appetite oxygen level may be low it happens mostly at night,3,Fungal diseases Saprolegniasis
fungal growth on skin not eating properly,3,Fungal diseases Saprolegniasis
Smooth scales,4,Healthy Fish
one fish has white discoloration on tail tail end looks dead what disese is this...,6,Viral diseases White tail disease
please help color looks dull for 2 days popeye fungal growth on skin,3,Fungal diseases Saprolegniasis
today i saw red patches on body red wounds on belly slow swimming what disease is this,0,Bacterial Red disease
gills look damaged other fish look normal bloated abdomen scales sticking out less active than usual i noticed,1,Bacterial diseases - Aeromoniasis
fluid filled belly staying at bottom other fish look normal,1,Bacterial diseases - Aeromoniasis
one fish has fish looks bloated and weak fish looks stressed pH may be unstable started recently,1,Bacterial diseases - Aeromoniasis
MY FISH HAS BLOATED ABDOMEN DOES NOT REACT MUCH GETTING WORSE,1,Bacterial diseases - Aeromoniasis
i noticed fish keeps scratching skin irritation staying at bottom loss of appetite new fish added recently only one fish affected,5,Parasitic diseases
my fish has fish opens mouth repeatedly fish looks stressed red wounds with swelling please help,2,Bacterial gill disease
after water change swollen gills stays near filter outlet getting worse abnormal swimming in my aquarium sometimes floating near surface,2,Bacterial gill disease
red wounds on belly breathing faster than normal?,0,Bacterial Red disease
white discoloration on tail tail end looks dead fish looks stressed other fish look normal,6,Viral diseases White tail disease
since yesterday fungus on body less active than usual tank was cleaned yesterday rapid gill movement it happens mostly at night,3,Fungal diseases Saprolegniasis
white cotton like growth weak movement breathing faster than normal pH may be unstable please help,3,Fungal diseases Saprolegniasis
no red spots fish showing is it serious fish looks healthy,4,Healthy Fish
fish looks tired water is slightly dirty,5,Parasitic diseases
in my aquarium white cotton like growth white cotton like growth sometimes floating near surface not eating properly other fish look normal,3,Fungal diseases Saprolegniasis
problem is breathing difficulty brown gill color hiding in corner what disease is this...,2,Bacterial gill disease
bloated abdomen my fish has only one fish affected color looks dull small blood marks on scales red wounds swelling,1,Bacterial diseases - Aeromoniasis
since yesterday dropsy swelling milky white tail other fish look normal...,1,Bacterial diseases - Aeromoniasis
NOT EATING PROPERLY SMALL BLOOD MARKS ON SCALES I NOTICED SMALL BLOOD MARKS ON SCALES IS IT SERIOUS...,0,Bacterial Red disease
FOR 2 DAYS BRIGHT BODY COLOR EATS A LITTLE SLOW BUT NORMAL NOT SURE WHAT HAPPENED,4,Healthy Fish
less active than usual swollen gils,2,Bacterial gill disease
Fish showing tail turning white tail tissue damaged fish looks tired hiding in corner what disease is this,6,Viral diseases White tail disease
problem is tail rot like white area teil end looks dead does not react much less active than usual,6,Viral diseases White tail disease
tail fin becoming pale loss of appetite?,6,Viral diseases White tail disease
hiding in corner abnormal swimming body ulcers ammonia may be high my fish has scales sticking out,1,Bacterial diseases - Aeromoniasis
fish showing red streaks around tail inflamed red areas color looks dull fish looks stressed not sure what happened,0,Bacterial Red disease
Visible lice on fish since yesterday getting worse,5,Parasitic diseases
slow swimming filter was off for few hours,0,Bacterial Red disease
problem is fungus on body grey white fungus abnormal swimming feed was changed recently only one fish affected?,3,Fungal diseases Saprolegniasis
i noticed swollen belly popeye not eating properly sometimes floating near serface filter was off for few hours it happens mostly at night,1,Bacterial diseases - Aeromoniasis
bleeding marks on skin since yesterday skin looks reddish damaged other fish look normal,0,Bacterial Red disease
Fish showing white mold on fins fungal growth on skin weak movement ph may be unstable not sure what happened,3,Fungal diseases Saprolegniasis
problem is swollen gill stays near filter outlet fish looks tired it happens mostly at night,2,Bacterial gill disease
my fish has clear eyes is it serious?,4,Healthy Fish
tank was cleaned yesterday hiding in corner,5,Parasitic diseases
for 2 days white discoloration on tail white tail tip fish looks tired does not react much new fish added recently not sure what happened,6,Viral diseases White tail disease
water smells bad abnormal swimming...,5,Parasitic diseases
problem is fish keeps scratching breathing faster than normal water temperature changed please help,5,Parasitic diseases
one fish has white cotton like growth does not react much staying at bottom water smells bad it happens mostly at night,3,Fungal diseases Saprolegniasis
my fish has scales sticking out scales sticking out fish looks stressed weak movement it happens mostly at night?,1,Bacterial diseases - Aeromoniasis
FISH SHOWING BREATHING DIFFICULTY IS IT SERIOUS,2,Bacterial gill disease
in my aquarium small blood marks on scales fish looks tired fish looks stressed water temperature changed white spots on body not sure what happened,0,Bacterial Red disease
skin irritation scratching against rocks sometimes floating near surface what disease is this...,5,Parasitic diseases
red patches on body weak movement,0,Bacterial Red disease
today i saw fish opens mouth repeatedly hiding in corner fish was moved to new tank whit patch starting from tail it happens mostly at night,2,Bacterial gill disease
skin looks reddish and damaged weak movement,0,Bacterial Red disease
Flashing behavior slow swimming,5,Parasitic diseases
color looks dull filter was off for few hours,3,Fungal diseases Saprolegniasis
gills look damaged water is cloudy sometimes floating near surface hiding in corner fish opens mouth repeatedly it happens mostly at night i noticed,2,Bacterial gill disease
breathing faster than normal other fish look normal breathing difficulty swollen gills i noticed...,2,Bacterial gill disease
white mold on fins slow swimming...,3,Fungal diseases Saprolegniasis
tail fin becoming pale breathing faster than normal,6,Viral diseases White tail disease
fins are clamped new fish added recently,5,Parasitic diseases
IN MY AQUARIUM WHITE COTTN LIKE GROWTH FISH LOOKS TIRED AFTER WATER CHANGE STARTED RECENTLY,3,Fungal diseases Saprolegniasis
Problem is mucus on gills breathing faster than normal fins are clamped other fish look normal,2,Bacterial gill disease
since yesterday rapid gill movement fins are clamped not eating properly is it serious,2,Bacterial gill disease
active eating well...,4,Healthy Fish
For 2 days fish swimming normally only resting after feeding what disease is this,4,Healthy Fish
Bright body color,4,Healthy Fish
Mucus on gills weak movement,2,Bacterial gill disease
one fish fungus on body stays near filter outlet what disease is this?,3,Fungal diseases Saprolegniasis
tail end looks dead fish looks stressed,6,Viral diseases White tail disease
MY FISH HAS FISH OPENS MOUTH REPEATEDLY RAPID GILL MOVEMENT LOSS OF APPETITE PLEASE HELP...?,2,Bacterial gill disease
One fish has deep skin ulcers scales sticking out staying at bottom color looks dull what disease is this,1,Bacterial diseases - Aeromoniasis
fish opens mouth repeatedly fish looks tired,2,Bacterial gill disease
PARASITES ATTACHED TO SKIN RUBBING BODY ON TANK WALL NOT SURE WHAT HAPPENED SOMETIMES FLOATING SURFACE FOR 2 DAYS,5,Parasitic diseases
tail turning white sometimes floating near surface,6,Viral diseases White tail disease
normal breathing please help one fish has...,4,Healthy Fish
ONE FISH NO VISIBLE WOUNDS IT HAPPENS MOSTLY AT NIGHT,4,Healthy Fish
less active than usual new fish added recently,1,Bacterial diseases - Aeromoniasis
in my aquarium rubbing body on tank wall does not react much water smells bad fungal growth on skin started recently,5,Parasitic diseases
problem is tiny salt like dots loss of apetite started recently,5,Parasitic diseases
fish swimming normally no red spots problem is started recently...,4,Healthy Fish
"fish looks bloated, weak fish looks tired",1,Bacterial diseases - Aeromoniasis
problem is no visible wounds no red spots feed was changed recently,4,Healthy Fish
other fish look normal problem red streaks around tail...,0,Bacterial Red disease
fish looks bloated weak popeye hiding in corner started recently since yesterday,1,Bacterial diseases - Aeromoniasis
today i saw brown gill color pale gils it happens mostly at night,2,Bacterial gill disease
one fish has tail rot like white area not eating properly abnormal swimming feed was changed recently,6,Viral diseases White tail disease
One fish has fluid filled belly fish looks stressed tank was cleaned yesterday what disease is this,1,Bacterial diseases - Aeromoniasis
since yesterday white discoloration on tail slow swimming what disease is this,6,Viral diseases White tail disease
white tail tip not eating properly,6,Viral diseases White tail disease
i noticed fish looks helthy getting worse,4,Healthy Fish
since yesterday bright body color started recently,4,Healthy Fish
ammonia may be high not eating properly...,2,Bacterial gill disease
i noticed deep skin ulcers does not react much wite discoloration on teil please help,1,Bacterial diseases - Aeromoniasis
since yesterday mold like growth on tail not eating properly loss of appetite water smells bad...,3,Fungal diseases Saprolegniasis
dropsy swelling less active than usual,1,Bacterial diseases - Aeromoniasis
fish looks healthy,4,Healthy Fish
fungal growth on skin breathing faster than normal red wounds with swelling i noticed staying at bottom water temperature changed,1,Bacterial diseases - Aeromoniasis
not sure what happened skin irritation water is slightly dirty my fish has skin irritation staying at bottom,5,Parasitic diseases
mucus on gills fish looks tired not sure what happened,2,Bacterial gill disease
my fish has healthy fins no red spots not sure what happened,4,Healthy Fish
in my aquarium bright body color sometimes stays still what disease is this,4,Healthy Fish
for 2 days fish keeps scratching flashing behavior color looks dull it happens mostly at night,5,Parasitic diseases
my fish has other fish look normal tiny salt like dots weak movement,5,Parasitic diseases
White patch starting from tail less active than usual...,6,Viral diseases White tail disease
less active than usual oxygen level may be low,5,Parasitic diseases
BODY ULCERS MY FISH HAS STAYING AT BOTTOM AMMONIA MAY BE HIGH FISH LOOKS BLOATED AND WEAK,1,Bacterial diseases - Aeromoniasis
bloody red spots bleeding marks on skin in my aquarium fish looks stressed...,0,Bacterial Red disease
pale gils breathing faster than normal,2,Bacterial gill disease
in my aquarium deep skin ulcers does not react much sometimes floating near surface not sure what happened?,1,Bacterial diseases - Aeromoniasis
in my aquarium wite spots on body flashing behavior sometimes floating near surfac pale gills,5,Parasitic diseases
i noticed smooth scales not sure what happened no red spots...,4,Healthy Fish
swollen belly hiding in corner?,1,Bacterial diseases - Aeromoniasis
in my aquarium tail rot like white area tail end looks dead weak movement fins are clamped feed was changed recently what disease this,6,Viral diseases White tail disease
i noticed healthy fins started recently,4,Healthy Fish
red wounds on belly fins are clamped,0,Bacterial Red disease
i noticed inflamed red areas staying at bottom only one fish affected...,0,Bacterial Red disease
water temperature changed abnormal swimming,6,Viral diseases White tail disease
since yesterday fish looks healthy what disease is this,4,Healthy Fish
my fish has red patches on body ammonia may be high only one fish affected,0,Bacterial Red disease
white patch starting from tail color looks dull...,6,Viral diseases White tail disease
today i saw mold like growth on tail fungal growth on skin sometimes floating near surface less active than usual water smells bad it happens mostly at night,3,Fungal diseases Saprolegniasis
feed was changed recently fins are clamped?,5,Parasitic diseases
fish looks stressed tail rot like white area,6,Viral diseases White tail disease
since yesterday red wounds on belly fins are clamped other fish look normal,0,Bacterial Red disease
pale gills staying at bottom,2,Bacterial gill disease
since yesterday white spots body fish looks tired less active than usual red wounds with swelling what disease is this,5,Parasitic diseases
color looks dull tank has algae,3,Fungal diseases Saprolegniasis
"small blood marks on scales sometimes floating near surface my fish has slow swimming skin looks reddish, damaged tank was cleaned yesterday what disease this",0,Bacterial Red disease
today i saw getting worse loss of appetite abnormal swimming cotton wool growth...,3,Fungal diseases Saprolegniasis
only one fish affected since yesterday stays near filter outlet,2,Bacterial gill disease
white mold on fins does not react much my fish has getting worse less active than usual,3,Fungal diseases Saprolegniasis
less active than usual body ulcers,1,Bacterial diseases - Aeromoniasis
white discoloration on tail tail tissue damaged what disease is this in my aquarium weak movement,6,Viral diseases White tail disease
fluffy fungus near wound breathing faster than normal,3,Fungal diseases Saprolegniasis
fungus on body slow swimming,3,Fungal diseases Saprolegniasis
hiding in corner it happens mostly at night new fish added recently rapid gill movement brown gill color one fish has,2,Bacterial gill disease
less aktive than usual ammonia may be high?,5,Parasitic diseases
red wounds on belly hiding in corner deep skin ulcers what disease is this,0,Bacterial Red disease
hiding in corner tail turning white,6,Viral diseases White tail disease
normal breathing,4,Healthy Fish
since yesterday tail end looks dead water is cloudy red streaks around tail what disease is this,6,Viral diseases White tail disease
cotton wool growth less active than usual,3,Fungal diseases Saprolegniasis
since yesterday white patch starting from tail small blood marks on scales only one fish affected?,6,Viral diseases White tail disease
since yesterday scales sticking out not eating properly is it serious...?,1,Bacterial diseases - Aeromoniasis
one fish has pale gils fish looks tired abnormal swimming water is cloudy fish keeps scratching,2,Bacterial gill disease
in my aquarium bloated abdomen is it serious,1,Bacterial diseases - Aeromoniasis
healthy fins no fungus what diesase is this?,4,Healthy Fish
fuzzy white patches abnormal swimming,3,Fungal diseases Saprolegniasis
healthy fins fish was moved to new tank not sure what happened,4,Healthy Fish
problem is fish swimming normally no red spots it happens mostly at night,4,Healthy Fish
fluffy fungus near wound fins are clamped,3,Fungal diseases Saprolegniasis
fish showing tiny salt like dots clamped fins hiding in corner fish looks tired getting worse?,5,Parasitic diseases
scales sticking out fish looks tired?,1,Bacterial diseases - Aeromoniasis
clear eyes only one fish affected,4,Healthy Fish
one fish scratching against rocks not eating properly new fish added recently started recently,5,Parasitic diseases
in my aquarium tail fin becoming pale please help hiding in corner,6,Viral diseases White tail disease
staying at bottom body ulcers,1,Bacterial diseases - Aeromoniasis
my fish has rubbing body on tank wall parasites attached to skin abnormal swimming not sure what happened?,5,Parasitic diseases
one fish has visible lice on fish abnormal swimming feed was changed recently started recently?,5,Parasitic diseases
RED WOUNDS ON BELLY RED STREAKS AROUND TAIL FISH LOOKS TIRED IT HAPPENS MOSTLY AT NIGHT ONE FISH HAS,0,Bacterial Red disease
skin irritation scratching against rocks not eating properly is it serious,5,Parasitic diseases
brown gill color slow swimming hiding in corner swollen gills for 2 days,2,Bacterial gill disease
fish opens mouth repeatedly rapid gill movement hiding in corner scratching against rocks please help,2,Bacterial gill disease
today i saw water temperature changed clamped fins staying at bottom only one fish affected,5,Parasitic diseases
hiding in corner ammonia may be high,1,Bacterial diseases - Aeromoniasis
weak movement after water change...,5,Parasitic diseases
FOR 2 DAYS DEEP SKIN ULCERS RED WOUNDS WITH SWELLING FINS ARE CLAMPED PLEASE HELP,1,Bacterial diseases - Aeromoniasis
my fish has red streaks around taill red ulcers on body does not react much fish looks stressed water is cloudy what disease is this,0,Bacterial Red disease
RED SORES NEAR FINS RED WOUNDS ON BELLY LOSS OF APPETITE IT SERIOUS DOES NOT REACT MUCH FOR 2 DAYS,0,Bacterial Red disease
tiny salt like dots less active than usual,5,Parasitic diseases
i noticed gills look damaged less active than usual red sores near fins is it serious,2,Bacterial gill disease
one fish has parasites attached to skin scratching against rocks weak movement fish was moved to new tank small blood marks on scales not sure what happened,5,Parasitic diseases
smooth scales,4,Healthy Fish
wite discoloration on tail fish looks stressed...,6,Viral diseases White tail disease
since yesterday red sores near fins getting worse,0,Bacterial Red disease
normal appetite,4,Healthy Fish
weak swimming white tail other fish look normal sometimes floating near surface one fish has,6,Viral diseases White tail disease
white cotton like growth color looks dull scales sticking out please help,3,Fungal diseases Saprolegniasis
fish looks bloated and weak dropsy like swelling fish was moved to new tank what disease is this,1,Bacterial diseases - Aeromoniasis
only one fish affected since yesterday bright body color...,4,Healthy Fish
today i saw rubbing body on tank wall fish keeps scratching sometimes floating near surface getting worse,5,Parasitic diseases
ONE FISH HAS DOES NOT REACT MUCH TANK HAS ALGAE RUBBING BODY ON TANK WALL ONLY ONE FISH AFFECTED,5,Parasitic diseases
since yesterday fish opens mouth repeatedly loss of appetite tank has algae started recently,2,Bacterial gill disease
STAYING AT BOTTOM NEW FISH ADDED RECENTLY,0,Bacterial Red disease
bright body color fish showing ammonia may be high no breathing issue started recently,4,Healthy Fish
for 2 days red patches on body bloody red spots hiding in corner started recently...,0,Bacterial Red disease
fish looks bloated and weak fish looks tired...,1,Bacterial diseases - Aeromoniasis
since yesterday fish looks bloated and weak dropsy like swelling fish looks stressed water is slightly dirty fuzzy white patches please help,1,Bacterial diseases - Aeromoniasis
breathing faster than normal water is cloudy,2,Bacterial gill disease
milky white tail water smells bad weak swimming with white tail since yesterday what diesase this does not react much,6,Viral diseases White tail disease
I noticed milky white tail tail end looks dead color looks dull ammonia may be high red sores near fins started recently,6,Viral diseases White tail disease
inflamed red areas less active than usual staying at bottom fish showing clamped fins not sure what happened clamped fins,5,Parasitic diseases
one fish has swims fine most of the time normal appetite started recently,4,Healthy Fish
tail turning white hiding in corner only one fish affected weak movement tail tissue damaged,6,Viral diseases White tail disease
brown gill color not eating properly weak movement water temperature changed started recently?,2,Bacterial gill disease
it happens mostly at night one fish has only resting after feeding bright body color,4,Healthy Fish
normal appetite,4,Healthy Fish
I noticed tail turning white tail fin becoming pale started recently fish looks tired...,6,Viral diseases White tail disease
Only one fish affected does not react much filter was off for few hours breathing faster than normal one fish has mucus on gills,2,Bacterial gill disease
scales sticking out bloated abdomen tank was cleaned yesterday it happens mostly at night?,1,Bacterial diseases - Aeromoniasis
today i saw visible lice on fish staying at bottom abnormal swimming ammonia may be high other fish look normal,5,Parasitic diseases
problem is cotton wool growth grey white fungas not eating properly loss of apetite tank has algae other fish look normal,3,Fungal diseases Saprolegniasis
loss of appetite oxygen level may be low,1,Bacterial diseases - Aeromoniasis
color looks dull one fish has red wounds belly not eating properly bloody red spots getting worse,0,Bacterial Red disease
fungal growth on skin cotton wool growth weak movement fins are clamped,3,Fungal diseases Saprolegniasis
for 2 days stays near filter outlet brown gill color not eating properly oxygen level may be low rubbing body on tank wall what disease is this,2,Bacterial gill disease
for 2 days red streaks around tail only one fish affected small blood marks on scales water temperature changed fins are clamped,0,Bacterial Red disease
bright body color my fish has getting worse?,4,Healthy Fish
problem is white spots body color looks dull abnormal swimming water is slightly dirty taill rot white area getting worse,5,Parasitic diseases
less active than usual fish was moved to new tank is it serious red ulcers on body problem is,0,Bacterial Red disease
in my aquarium mucus on gills gasping at water surface oxygen level may be low only one fish affected...,2,Bacterial gill disease
red wounds with swelling getting worse in my aquarium does not react much slow swimming,1,Bacterial diseases - Aeromoniasis
healthy fins not sure what happened,4,Healthy Fish
Slow swimming taill end looks dead fungus on body it happens mostly at night today i saw water smells bad,6,Viral diseases White tail disease
tail end looks dead one fish has breathing faster than normal wite discoloration on tail what disease is this,6,Viral diseases White tail disease
Normal breathing what disease is this,4,Healthy Fish
for 2 days scratching against rocks visible lice on fish fish was moved to new tank not sure what happened...,5,Parasitic diseases
Problem is fish keeps scratching clamped fins color looks dull only one fish affected,5,Parasitic diseases
weak swimming with white tail staying at bottom today i saw white discoloration on tail,6,Viral diseases White tail disease
tail rot like white area milky white tail breathing faster than normal breathing faster than normal getting worse...,6,Viral diseases White tail disease
RAPID GILL MOVEMENT COLOR LOOKS DULL...,2,Bacterial gill disease
active and eating well,4,Healthy Fish
pH may be unstable does not react much,2,Bacterial gill disease
Fish showing whit hairy patch mold like growth on tail fish looks tired tank has algae please help,3,Fungal diseases Saprolegniasis
One fish has red streaks around teil fins are clamped tail fin becoming pale please help,0,Bacterial Red disease
for 2 days weak swimming with wite tail abnormal swimming pH may be unstable rubbing body on tank wall please help,6,Viral diseases White tail disease
getting worse tank has algae white spots on body fins are clamped today i saw,5,Parasitic diseases
water temperature changed less active than usual,2,Bacterial gill disease
fish showing brown gill color pale gills after water change fish looks bloated and weak it happens mostly at night,2,Bacterial gill disease
problem red patches on body red patches on body loss of appetite sometimes floating near surface please help,0,Bacterial Red disease
since yesterday mold like growth on tail breathing faster than normal,3,Fungal diseases Saprolegniasis
clear eyes no red spots not sure what happened,4,Healthy Fish
Normal appetite,4,Healthy Fish
grey white fungus feed was changed recently today i saw is it serious white mold on fins sometimes floating near surface,3,Fungal diseases Saprolegniasis
for 2 days healthy fins no swelling getting worse,4,Healthy Fish
i noticed swolen gills fish opens mouth repeatedly fins are clamped color looks dull water temperature changed tiny salt like dots not sure what happened,2,Bacterial gill disease
whit discoloration on tail slow swimming,6,Viral diseases White tail disease
MY FISH HAS WHITE SPOTS ON BODY COLOR LOOKS DULL WATER TEMPERATURE CHANGED GILS LOOK DAMAGED PLEASE HELP,5,Parasitic diseases
red wounds with swelling slow swimming red ulcers on body getting worse...,1,Bacterial diseases - Aeromoniasis
Fish showing not eating properly please help pale gills fins clamped?,2,Bacterial gill disease
for 2 days fuzzy white patches mold like growth on tail staying at bottom what diesase is this,3,Fungal diseases Saprolegniasis
FISH LOOKS TIRED FLUID FILLED BELLY,1,Bacterial diseases - Aeromoniasis
tiny salt like dots in my aquarium visible lice on fish please help does not react much...?,5,Parasitic diseases
for 2 days fluid filled belly fish looks bloated and weak not eating properly staying at bottom pH may be unstable?,1,Bacterial diseases - Aeromoniasis
one fish has white discoloration on tail tail turning white breathing faster than normal after water change white spots on body what disease is this,6,Viral diseases White tail disease
clamped fins abnormal swimming fish looks tired please help i noticed flashing behavior,5,Parasitic diseases
is it serious normal appetite in my aquarium,4,Healthy Fish
Tail turning white fish looks tired fuzzy white patches what disease is this,6,Viral diseases White tail disease
fish showing dropsy like swelling fins are clamped started recently...,1,Bacterial diseases - Aeromoniasis
scratching against rocks problem is slow swimming started recently...,5,Parasitic diseases
after water change in my aquarium less active than usual getting worse weak movement pale gills,2,Bacterial gill disease
FISH SHOWING BLODY RED SPOTS WHAT DISEASE IS THIS RED WOUNDS WITH SWELLING RED PATCHES ON BODY,0,Bacterial Red disease
one fish has tiny salt like dots tiny salt like dots breathing faster than normal fluffy fungus near wound is it serious,5,Parasitic diseases
fish showing taill rot like wite area white tail tip water is cloudy getting worse,6,Viral diseases White tail disease
fish looks healthy?,4,Healthy Fish
normal breathing,4,Healthy Fish
problem is bleeding marks skin skin looks reddish and damaged breathin faster than normal water is cloudy swollen gills please help...,0,Bacterial Red disease
one fish has mucus on gills staying at bottom fins are clamped please help,2,Bacterial gill disease
only one fish affected loss of appetite red wounds with swelling red wounds with swelling in my aquarium,1,Bacterial diseases - Aeromoniasis
brown gill color brown gill color fish looks tired breathing faster than normal getting worse,2,Bacterial gill disease
what disease is this my fish visible lice on fish slow swimming,5,Parasitic diseases
fish showing deep skin ulcers water temperature changed please help loss of appetite,1,Bacterial diseases - Aeromoniasis
I noticed fish keeps scratching skin irritation abnormal swimming other fish look normal,5,Parasitic diseases
hiding in corner bleeding marks on skin,0,Bacterial Red disease
pH may be unstable staying at bottom weak swimming with white tail what disease is this my fish has,6,Viral diseases White tail disease
since yesterday red sores near fins staying at bottom it happens mostly at night,0,Bacterial Red disease
STAYING AT BOTTOM RED WOUNDS WITH SWELLING?,1,Bacterial diseases - Aeromoniasis
I NOTICED FISH LOOKS BLOATED AND WEAK SCALES STICKING OUT LOSS OF APPETITE TANK WAS CLEANED YESTERDAY OTHER FISH LOOK NORMAL,1,Bacterial diseases - Aeromoniasis
FISH LOOKS HELTHY...,4,Healthy Fish
other fish look normal skin looks reddish and damaged one fish has small blood marks on scales fins are clamped,0,Bacterial Red disease
color looks dull water temperature changed,1,Bacterial diseases - Aeromoniasis
SOMETIMES FLOATING NEAR SURFACE FISH LOOKS TIRED PROBLEM IS WHITE DISCOLORATION TAIL GETTING WORSE TAIL END LOOKS DEAD,6,Viral diseases White tail disease
i noticed rapid gill movement does not react much started recently,2,Bacterial gill disease
one fish has getting worse less active than usual fluid filled belly popeye water smells bad,1,Bacterial diseases - Aeromoniasis
for 2 days white cotton like growth fins are clamped breathing difficulty started recently?,3,Fungal diseases Saprolegniasis
I NOTICED WHITE DISCOLORATION ON TEIL TEIL TISSUE DAMAGED ABNORMAL SWIMMING TANK WAS CLEANED YESTERDAY FLUID FILLED BELLY PLEASE HELP,6,Viral diseases White tail disease
body ulcerss loss of appetite,1,Bacterial diseases - Aeromoniasis
it happens mostly at night clear eyes feed was changed recently eats a little slow but normal in my aquarium,4,Healthy Fish
Fish showing tail end looks dead fins are clamped hiding in corner red patches on body getting worse...,6,Viral diseases White tail disease
water is cloudy breathing faster than normal small blood marks on scales what disease this sometimes floating near surface bloody red spots my fish has,0,Bacterial Red disease
problem is white spots on body hiding in corner abnormal swimming grey white fungus getting worse,5,Parasitic diseases
slow swimming water temperature changed,1,Bacterial diseases - Aeromoniasis
wite discoloration on tail abnormal swimming...,6,Viral diseases White tail disease
only one fish affected in my aquarium grey white fungus staying at bottom,3,Fungal diseases Saprolegniasis
problem fish looks bloated and weak fish looks stressed only one fish affected?,1,Bacterial diseases - Aeromoniasis
fish looks tired filter was off for few hours,6,Viral diseases White tail disease
today i saw white mold on fins fluffy fungus wound weak movement fins clamped is it serious,3,Fungal diseases Saprolegniasis
in my aquarium dropsy like swelling red wounds with swelling fish looks tired water is slightly dirty fish opens mouth repeatedly it happens mostly at night,1,Bacterial diseases - Aeromoniasis
my fish has red patches on body staying at bottom not eating properly not sure what happened,0,Bacterial Red disease
TODAY I SAW SWOLLEN BELLY DROPSY LIKE SWELLING NOT EATING PROPERLY WHITE SPOTS ON BODY GETTING WORSE,1,Bacterial diseases - Aeromoniasis
tail turning white is it serious breathing faster than normal for 2 days water is cloudy,6,Viral diseases White tail disease
TANK WAS CLEANED YESTERDAY TAIL ROT LIKE WHITE AREA TEIL TURNING WHITE FISH LOOKS STRESSED OTHER FISH LOOK NORMAL HIDING IN CORNER,6,Viral diseases White tail disease
i noticed swollen belly staying at bottom breathing faster than normal tank has algae getting worse,1,Bacterial diseases - Aeromoniasis
sometimes floating near surface red wounds with swelling is it serious one fish has,1,Bacterial diseases - Aeromoniasis
hiding in corner my fish has small blood marks on scales water is cloudy only one fish affected body ulcers...,0,Bacterial Red disease
"i noticed bloody red spots skin looks reddish, damaged staying at bottom other fish look normal...",0,Bacterial Red disease
eats a little slow but normal is it serious fish showing clear eyes,4,Healthy Fish
no red spots today i saw helthy fins,4,Healthy Fish
smooth scales since yesterday getting worse,4,Healthy Fish
other fish look normal my fish has no visible wounds water temperature changed,4,Healthy Fish
Inflamed red areas abnormal swimming,0,Bacterial Red disease
since yesterday rubbing body on tank wall slow swimming slow swimming,5,Parasitic diseases
tail rot like white area breathing faster than normal,6,Viral diseases White tail disease
does not react much getting worse red wounds with swelling today i saw body ulcers?,1,Bacterial diseases - Aeromoniasis
problem is loss of appetite dropsy like swelling please help tank has algae fluid filled belly slow swimming?,1,Bacterial diseases - Aeromoniasis
my fish has fish looks bloated and weak weak movement weak swimming with white tail,1,Bacterial diseases - Aeromoniasis
gasping at water surface not eating properly tail end looks dead other fish look normal?,2,Bacterial gill disease
Since yesterday fluid filled belly staying at bottom ammonia may be high not sure what happened,1,Bacterial diseases - Aeromoniasis
staying at bottom red wounds on belly skin looks reddish and damaged one fish has sometimes floating near surface scratching against rocks,0,Bacterial Red disease
white patch starting from tail fins are clamped,6,Viral diseases White tail disease
In my aquarium white spots on body visible lice on fish less active than usual abnormal swimming what disease is this,5,Parasitic diseases
Ammonia may be high pale gills getting worse staying at bottom gasping at water surface fish showing staying at bottom?,2,Bacterial gill disease
sometimes floating near surface filter was off for few hours,5,Parasitic diseases
fish showing white mold on fins fish looks stressed oxygen level may be low started recently,3,Fungal diseases Saprolegniasis
i noticed fish keeps scratching hiding in corner only one fish affected,5,Parasitic diseases
today i saw smooth scales no red spots started recently?,4,Healthy Fish
water smells bad no visible wounds only one fish affected in my aquarium,4,Healthy Fish
In my aquarium parasites attached to skin rubbing body on tank wall not eating properly it happens mostly at night,5,Parasitic diseases
for 2 days fluid filled belly abnormal swimming is it serious,1,Bacterial diseases - Aeromoniasis
weak movement filter was off for few hours,1,Bacterial diseases - Aeromoniasis
i noticed fish looks bloated and weak deep skin ulcers water slightly dirty is it serious?,1,Bacterial diseases - Aeromoniasis
IN MY AQUARIUM BREATHING DIFFICULTY STAYS FILTER OUTLET SOMETIMES FLOATING NEAR SURFACE FUNGUS BODY ONLY ONE FISH AFFECTED...,2,Bacterial gill disease
i noticed fungal growth on skin breathin faster than normal ammonia may be high please help,3,Fungal diseases Saprolegniasis
one fish has skin irritation hiding in corner tail rot like white area only one fish affected,5,Parasitic diseases
active and eating well eats a little slow but normal one fish has is it serious,4,Healthy Fish
started recently fuzzy white patches today i saw color looks dull,3,Fungal diseases Saprolegniasis
in my aquarium mold like growth on tail cotton wool growth breathing faster than normal inflamed red areas getting worse,3,Fungal diseases Saprolegniasis
loss of appetite other fish look normal i noticed weak movement new fish added recently inflamed red areas popeye?,1,Bacterial diseases - Aeromoniasis
flashing behavior in my aquarium inflamed red areas weak movement tank has algae please help...,5,Parasitic diseases
i noticed inflamed red areas not eating properly less active than usual new fish added recently started recently,0,Bacterial Red disease
fish showing white patch starting from tail white mold on fins it happens mostly at night,6,Viral diseases White tail disease
red streaks around tail bleeding marks on skin started recently tank was cleaned yesterday fish showing fish looks tired,0,Bacterial Red disease
Sometimes floating near surface stays near filter outlet please help color looks dull scales sticking out today i saw fluid filled belly water smells bad?,1,Bacterial diseases - Aeromoniasis
fins are clamped water is slightly dirty white hairy patch white cotton like growth not sure what happened in my aquarium...,3,Fungal diseases Saprolegniasis
today i saw only one fish affected smooth scales...,4,Healthy Fish
since yesterday fuzzy whit patches white cotton like growth abnormal swimming fish keeps scratching it happens mostly at night,3,Fungal diseases Saprolegniasis
In my aquarium fish looks bloated and weak swollen belly abnormal swimming only one fish affected,1,Bacterial diseases - Aeromoniasis
in my aquarium visible lice on fish scratching against rocks pH may be unstable it serious,5,Parasitic diseases
fish looks bloated and weak abnormal swimming,1,Bacterial diseases - Aeromoniasis
for 2 days popeye red wounds with swelling breathin faster than normal staying at bottom is it serious,1,Bacterial diseases - Aeromoniasis
ONLY ONE FISH AFFECTED NO BREATHING ISSUE CLEAR EYES WATER SMELLS BAD,4,Healthy Fish
fluffy fungus near wound white cotton like growth does not react much breathing faster than normal fish was moved to new tank only one fish affected,3,Fungal diseases Saprolegniasis
deep skin ulcers less active than usual,1,Bacterial diseases - Aeromoniasis
water is cloudy no visible wounds fish showing started recently,4,Healthy Fish
Red streaks around tail breathing faster than normal,0,Bacterial Red disease
for 2 days aktive and eating well no white spots not sure what happened,4,Healthy Fish
today i saw cotton wool growth breathin faster than normal what disease is this...,3,Fungal diseases Saprolegniasis
since yesterday red wounds on belly red streaks around tail staying at bottom color looks dull water is slightly dirty what disease is this,0,Bacterial Red disease
i noticed bloated abdomen other fish look normal...,1,Bacterial diseases - Aeromoniasis
"skin looks reddish, damaged weak movement",0,Bacterial Red disease
I NOTICED FISH LOOKS HEALTHY SWIMS FINE MOST OF THE TIME GETTING WORSE...,4,Healthy Fish
fish showing weak swimming with white tail color looks dull inflamed red areas what disease is this,6,Viral diseases White tail disease
normal breathing,4,Healthy Fish
IN MY AQUARIUM RED STREAKS AROUND TAIL SLOW SWIMMING PLEASE HELP,0,Bacterial Red disease
bright body color,4,Healthy Fish
SCALES STICKING OUT FISH LOOKS STRESSED,1,Bacterial diseases - Aeromoniasis
started recently since yesterday whit mold on fins oxygen level may be low,3,Fungal diseases Saprolegniasis
Fungus on body sometimes floating near surface,3,Fungal diseases Saprolegniasis
red patches on body is it serious since yesterday fish looks tired,0,Bacterial Red disease
BRIGHT BODY COLOR OTHER FISH LOOK NORMAL,4,Healthy Fish
does not react much swollen belly fish opens mouth repeatedly mucus on gills less active than usual getting worse problem is,2,Bacterial gill disease
breathing faster than normal after water change,6,Viral diseases White tail disease
Problem scratching against rocks fins are clamped feed was changed recently other fish look normal,5,Parasitic diseases
one fish has scraching against rocks loss of appetite pH may be unstable scales sticking out started recently,5,Parasitic diseases
abnormal swimming bleeding marks on skin one fish has small blood marks on scales tank has algae,0,Bacterial Red disease
today i saw clamped fins clamped fins less active than usual?,5,Parasitic diseases
fish showing skin irritation not eating properly it happens mostly at night,5,Parasitic diseases
one fish has deep skin ulcers bloated abdomen fish looks tired it happens mostly at night,1,Bacterial diseases - Aeromoniasis
for 2 days mucus on gills brown gill color fish looks tired fish looks stressed deep skin ulcerss it happens mostly at night,2,Bacterial gill disease
my fish has bright body color it happens mostly at night...,4,Healthy Fish
red sores near fins i noticed small blood marks on scales pH may be unstable what disease is this color looks dull,0,Bacterial Red disease
tail turning white abnormal swimming white tail tip one fish has less activ than usual started recently,6,Viral diseases White tail disease
parasites attached to skin loss of apetite,5,Parasitic diseases
less active than usual one fish has stays near filter outlet fish looks tired only one fish affected,2,Bacterial gill disease
one fish has smooth scales sometimes stays still,4,Healthy Fish
abnormal swimming flashing behavior i noticed not sure what happened fish looks stressed,5,Parasitic diseases
in my aquarium popeye fish looks stressed filter was off for few hours red patches on body,1,Bacterial diseases - Aeromoniasis
fish showing normal breathing not sure what happened,4,Healthy Fish
please help slow swimming since yesterday white mold on fins tank was cleaned yesterday less active than usual?,3,Fungal diseases Saprolegniasis
sometimes floating near surface stays near filter outlet for 2 days other fish look normal fish looks stressed,2,Bacterial gill disease
inflamed red areas does not react much?,0,Bacterial Red disease
problem is milky white tail white discoloration on tail hiding in corner fins are clamped pale gills not sure what happened,6,Viral diseases White tail disease
SWOLLEN GILLS GETTING WORSE PROBLEM IS RED PATCHES ON BODY LESS ACTIVE THAN USUAL,2,Bacterial gill disease
one fish has cotton wool growth fluffy fungus near wound sometimes floating near surface not eating properly pH may be unstable is it serious,3,Fungal diseases Saprolegniasis
Today i saw fuzzy white patches fish looks stressed fish looks stressed only one fish affected,3,Fungal diseases Saprolegniasis
IN MY AQUARIUM RED PATCHES ON BODY INFLAMED RED AREAS COLOR LOOKS DULL WEAK MOVEMENT WATER IS CLOUDY NOT SURE WHAT HAPPENED,0,Bacterial Red disease
tiny salt like dots abnormal swimming,5,Parasitic diseases
Clamped fins flashing behavior color looks dull please help,5,Parasitic diseases
today i saw tail tissue damaged white teil tip color looks dull getting worse,6,Viral diseases White tail disease
problem is mold like growth on tail color looks dull less active than usual water smells bad...,3,Fungal diseases Saprolegniasis
problem is fish looks healthy other fish look normal,4,Healthy Fish
fish showing scales sticking out red wounds with swelling fins are clamped new fish added recently,1,Bacterial diseases - Aeromoniasis
i noticed grey white fungis wite hairy patch not eating properly other fish look normal,3,Fungal diseases Saprolegniasis
today i saw small blood marks on scales skin looks reddish and damaged loss of appetite fungal growth on skin what disease is this,0,Bacterial Red disease
fish showing red wounds with swelling scales sticking out getting worse,1,Bacterial diseases - Aeromoniasis
sometimes floating near surface tail rot like white area deep skin ulcers fish showing slow swimming not sure what happened...,1,Bacterial diseases - Aeromoniasis
loss of appetite fish was moved to new tank,1,Bacterial diseases - Aeromoniasis
one fish has white discoloration on tail parasites attached to skin what disease is this,6,Viral diseases White tail disease
since yesterday scales sticking out fish looks bloated and weak slow swimming water is cloudy grey white fungus it happens mostly at night?,1,Bacterial diseases - Aeromoniasis
water is slightly dirty color looks dull,0,Bacterial Red disease
for 2 days small blood marks on scales it happens mostly at night...,0,Bacterial Red disease
one fish has normal breathing not sure what happened,4,Healthy Fish
fish was moved to new tank bloody red spots less active than usual it serious problem is tail end looks dead,6,Viral diseases White tail disease
tank has algae tail rot like white area not sure what happened white patch starting from tail i noticed does not react much,6,Viral diseases White tail disease
for 2 days red wounds with swelling body ulcers oxygen level may be low what disease is this,1,Bacterial diseases - Aeromoniasis
loss of appetite weak swimming with white tail i noticed loss of appetite,6,Viral diseases White tail disease
is it serious for 2 days mold like growth on tail mold like growth on tail,3,Fungal diseases Saprolegniasis
problem is clear eyes,4,Healthy Fish
My fish has tail fin becoming pale oxygen level may be low popeye,6,Viral diseases White tail disease
in my aquarium scales sticking out is it serious,1,Bacterial diseases - Aeromoniasis
eats a little slow but normal since yesterday clear eyes getting worse...?,4,Healthy Fish
mold like growth on tail water is cloudy i noticed slow swimming is it serious,3,Fungal diseases Saprolegniasis
mucus on gills not eating properly,2,Bacterial gill disease
SCRATCHING AGAINST ROCKS ONE FISH HAS IT HAPPENS MOSTLY AT NIGHT WEAK MOVEMENT FILTER WAS OFF FOR FEW HOURS SLOW SWIMMING MILKY WHITE TAIL...,5,Parasitic diseases
red streaks around tail not eating properly,0,Bacterial Red disease
for 2 days tiny salt like dots not eating properly hiding in corner?,5,Parasitic diseases
tail rot like white area fish keeps scratching fins are clamped color looks dull one fish has...,5,Parasitic diseases
swolen gills oxygen level may be low one fish has not eating properly what disease is this skin looks reddish and damaged swolen gill,2,Bacterial gill disease
less active than usual after water change,0,Bacterial Red disease
ONE FISH HAS CLAMPED FINS RUBBING BODY ON TANK WALL LESS AKTIVE THAN USUAL STAYING AT BOTTOM PH MAY BE UNSTABLE,5,Parasitic diseases
it happens mostly at night stays near filter outlet slow swimming my fish has fluid filled belly dropsy like swelling,1,Bacterial diseases - Aeromoniasis
fish looks tired water is cloudy,6,Viral diseases White tail disease
staying at bottom visible lice on fish?,5,Parasitic diseases
in my aquarium white patch starting from tail tail end looks dead not sure what happened...?,6,Viral diseases White tail disease
i noticed gasping at water surface fish opens mouth repeatedly does not react much fins are clamped what disease is this...,2,Bacterial gill disease
tiny salt like dots slow swimming swolen belly since yesterday fluid filled belly,1,Bacterial diseases - Aeromoniasis
i noticed normal breathing other fish look normal,4,Healthy Fish
my fish has only one fish affected fluffy fungus near wound does not react much visible lice on fish,3,Fungal diseases Saprolegniasis
in my aquarium white tail tip tail end looks dead slow swimming it happens mostly at night,6,Viral diseases White tail disease
DEEP SKIN ULCERS FISH LOOKS STRESSED WHAT DISEASE IS THIS FISH LOOKS TIRED SWOLLEN BELLY ONE FISH HAS WHITE DISCOLORATION ON TAIL,1,Bacterial diseases - Aeromoniasis
IN MY AQUARIUM CLAMPED FINS FISH LOOKS TIRED STAYING AT BOTTOM WHITE HAIRY PATCH PLEASE HELP,5,Parasitic diseases
today i saw inflamed red areas red wounds on belly not eating properly pH may be unstable only one fish affected,0,Bacterial Red disease
Fuzzy white patches loss of appetite,3,Fungal diseases Saprolegniasis
i noticed tiny salt like dots fish looks stressed stays near filter outlet started recently,5,Parasitic diseases
water is slightly dirty loss of appetite,2,Bacterial gill disease
problem is new fish added recently started recently no red spots clear eyes...,4,Healthy Fish
for 2 days small blood marks on scales red sores near fins loss of appetite ammonia may be high red wounds with swelling it happens mostly at night...?,0,Bacterial Red disease
abnormal swimming i noticed color looks dull new fish added recently visible lice on fish,5,Parasitic diseases
since yesterday fluffy fungus near wound cotton wool growth fish looks stressed not eating properly tank algae please help...,3,Fungal diseases Saprolegniasis
today i saw fungal growth on skin white cotton like growth less active than usual started recently,3,Fungal diseases Saprolegniasis
swolen gills only one fish affected,2,Bacterial gill disease
smooth scales no swelling...,4,Healthy Fish
fish showing deep skin ulcers body ulcer fins clamped breathing faster than normal what disease this,1,Bacterial diseases - Aeromoniasis
since yesterday rubbing body on tank wall slow swimming loss of appetite tank was cleaned yesterday started recently,5,Parasitic diseases
for 2 days red wounds on belly bleeding marks on skin hiding in corner,0,Bacterial Red disease
today i saw fluid filled belly swollen belly skin looks reddish and damaged other fish look normal...,1,Bacterial diseases - Aeromoniasis
in my aquarium red ulcer on body fins are clamped oxygen level may be low what disease is this,0,Bacterial Red disease
Other fish look normal one fish bright body color,4,Healthy Fish
new fish added recently tail tissue damaged white patch starting from tail fish looks tired getting worse less active than usual my fish has skin looks reddish and damaged,6,Viral diseases White tail disease
in my aquarium fluid filled belly red wounds with swelling slow swimming sometimes floating near surface water smells bad gills look damaged what disease is this,1,Bacterial diseases - Aeromoniasis
WEAK SWIMMING WITH WHITE TAIL STAYING AT BOTTOM,6,Viral diseases White tail disease
please help rapid gill movement for 2 days rapid gill movement fish looks stressed,2,Bacterial gill disease
red wounds with swelling fins are clamped...,1,Bacterial diseases - Aeromoniasis
one fish has breathing difficulty pale gills staying at bottom other fish look normal,2,Bacterial gill disease
problem is weak swimming with white tail white tail tip loss of apetite water is cloudy clamped fins it happens mostly at night?,6,Viral diseases White tail disease
slow swimming pale gills flashing behavior please help fish showing swollen gills,2,Bacterial gill disease
i noticed popeye bloated abdomen fish looks tired pH may be unstable weak swimming with white tail what disease is this,1,Bacterial diseases - Aeromoniasis
for 2 days fish opens mouth repeatedly fish opens mouth repeatedly weak movement filter was off for few hours started recently,2,Bacterial gill disease
fish showing inflamed red areas red patches on body fish looks stressed fluffy fungus near wound please help,0,Bacterial Red disease
HEALTHY FINS?,4,Healthy Fish
what disease this not eating properly one fish has swolen gills gills look damaged tank algae,2,Bacterial gill disease
does not react much filter was off for few hours,0,Bacterial Red disease
other fish look normal mucus on gills today i saw,2,Bacterial gill disease
bloated abdomen staying at bottom,1,Bacterial diseases - Aeromoniasis
fish showing white patch starting from tail does not react much abnormal swimming please help?,6,Viral diseases White tail disease
clamped fins slow swimming,5,Parasitic diseases
no visible wounds,4,Healthy Fish
fish showing pH may be unstable tail fin becoming pale only one fish affected tail fin becoming pale loss of appetite abnormal swimming,6,Viral diseases White tail disease
problem tail tissue damaged fins are clamped weak movement not sure what happened,6,Viral diseases White tail disease
white spots on body staying at bottom today i saw bloated abdomen dropsy like swelling slow swimming...,1,Bacterial diseases - Aeromoniasis
abnormal swimming red patches on body fungal growth on skin getting worse white hairy patch,3,Fungal diseases Saprolegniasis
active and eating well no white spots what disease is this...,4,Healthy Fish
cotton wool growth fins are clamped please help,3,Fungal diseases Saprolegniasis
since yesterday cotton wool growth hiding in corner does not react much tank was cleaned yesterday tiny salt like dots started recently,3,Fungal diseases Saprolegniasis
hiding in corner bleeding marks on skin skin looks reddish and damaged filter was off for few hours visible lice on fish my fish has it happens mostly at night,0,Bacterial Red disease
it happens mostly at night fish looks tired clamped fins feed was changed recently milky white tail,6,Viral diseases White tail disease
what disease is this no breathing issue problem is healthy fins,4,Healthy Fish
problem is white spots on body rubbing body on tank wall not eating properly slow swimming white mold on fins,5,Parasitic diseases
for 2 days water temperature changed getting worse skin irritation wite spots on body,5,Parasitic diseases
Red sores near fins loss of appetite,0,Bacterial Red disease
for 2 days red wounds on belly slow swimming less active than usual water smells bad started recently,0,Bacterial Red disease
gills look damaged breathing faster than normal swolen gils one fish has does not react much what disease is this,2,Bacterial gill disease
Red ulcers on body fish looks tired swollen gills please help slow swimming today i saw,2,Bacterial gill disease
Swollen gills my fish has less active than usual rapid gill movement,2,Bacterial gill disease
my fish has red streaks around tail fish looks stressed fish looks stressed water is cloudy,0,Bacterial Red disease
red wounds with swelling hiding in corner,1,Bacterial diseases - Aeromoniasis
rapid gill movement staying at bottom...?,2,Bacterial gill disease
for 2 days skin irritation visible lice on fish loss of appetite fish opens mouth repeatedly it happens mostly at night,5,Parasitic diseases
today i saw fluffy fungus near wound fungus on body does not react much tail tissue damaged started recently,3,Fungal diseases Saprolegniasis
fuzzy wite patches fuzzy white patches hiding in corner not eating properly problem is,3,Fungal diseases Saprolegniasis
fish showing fins are clamped it happens mostly at night bleeding marks on skin,0,Bacterial Red disease
fluid filled belly hiding in corner,1,Bacterial diseases - Aeromoniasis
WHITE COTTON LIKE GROWTH SLOW SWIMMING,3,Fungal diseases Saprolegniasis
only one fish affected i noticed normal appetite,4,Healthy Fish
My fish has gills look damaged staying at bottom not sure what happened,2,Bacterial gill disease
for 2 days rubbing body on tank wall fish looks tired loss of appetite other fish look normal,5,Parasitic diseases
problem is milky white tail white discoloration on tail water is cloudy grey white fungus getting worse,6,Viral diseases White tail disease
is it serious white cotton like growth cotton wool growth does not react much sometimes floating near surface since yesterday,3,Fungal diseases Saprolegniasis
Other fish look normal new fish added recently breathing faster than normal whit spots on body my fish has,5,Parasitic diseases
fish looks stressed swollen belly problem tail tissue damaged getting worse tank was cleaned yesterday,6,Viral diseases White tail disease
Visible lice on fish color looks dull,5,Parasitic diseases
problem red wounds on belly bloody red spots fish looks tired getting worse,0,Bacterial Red disease
sometimes floating near surface today i saw hiding in corner tail fin becoming pale...,6,Viral diseases White tail disease
fungal growth on skin fish looks stressed,3,Fungal diseases Saprolegniasis
One fish has breathing difficulty fish looks stressed other fish look normal,2,Bacterial gill disease
one fish has normal appetite eats a little slow but normal after water change it happens mostly at night...,4,Healthy Fish
FUNGAL GROWTH ON SKIN FUNGUS ON BODY FISH LOOKS TIRED WHITE SPOTS ON BODY GETTING WORSE,3,Fungal diseases Saprolegniasis
deep skin ulcers color looks dull,1,Bacterial diseases - Aeromoniasis
tail fin becoming pale tail tissue damaged problem is hiding in corner...?,6,Viral diseases White tail disease
one fish has weak swimming with white tail color looks dull slow swimming filter was off for few hours red wounds swelling only one fish affected,6,Viral diseases White tail disease
one fish has white tail tip only one fish affected body ulcers loss of appetite,1,Bacterial diseases - Aeromoniasis
my fish white cotton like growth less active than usual fish looks tired tank was cleaned yesterday getting worse,3,Fungal diseases Saprolegniasis
tail tissue damaged not eating properly,6,Viral diseases White tail disease
fish opens mouth repeatedly not eating properly?,2,Bacterial gill disease
i noticed loss of apetite please help red wounds on belly?,0,Bacterial Red disease
Sometimes floating near surface filter was off for few hours,2,Bacterial gill disease
for 2 days white spots on body fish looks tired less active than usual feed was changed recently what disease is this,5,Parasitic diseases
breathing difficulty color looks dull,2,Bacterial gill disease
i noticed ammonia may be high cotton wool growth it happens mostly at night fish looks tired breathing faster than normal fluffy fungus near wound,3,Fungal diseases Saprolegniasis
I NOTICED MOLD LIKE GROWTH ON TEIL FISH WAS MOVED TO NEW TANK IS IT SERIOUS?,3,Fungal diseases Saprolegniasis
in my aquarium no visible wounds after water change only one fish affected,4,Healthy Fish
in my aquarium cotton wool growth breathing faster than normal breathing faster than normal what disease is this,3,Fungal diseases Saprolegniasis
tank was cleaned yesterday swollen belly is it serious slow swimming fish showing,1,Bacterial diseases - Aeromoniasis
filter was off for few hours less active than usual tail rot like white area white patch starting from tail i noticed,6,Viral diseases White tail disease
One fish has fluffy fungus near wound new fish added recently fish looks stressed getting worse abnormal swimming white mold on fins,3,Fungal diseases Saprolegniasis
swims fine most of the time healthy fins not sure what happened tank has algae,4,Healthy Fish
since yesterday milky white tail hiding in corner loss of appetite getting worse,6,Viral diseases White tail disease
In my aquarium mold growth on tail loss of appetite not sure what happened?,3,Fungal diseases Saprolegniasis
My fish has clear eyes is it serious,4,Healthy Fish
oxygen level may be low what disease is this inflamed red areas fish looks tired,0,Bacterial Red disease
in my aquarium white hairy patch fluffy fungus near wound fish looks tired sometimes floating near surface started recently,3,Fungal diseases Saprolegniasis
swollen gills fish looks tired...,2,Bacterial gill disease
active eating well,4,Healthy Fish
color looks dull after water change,5,Parasitic diseases
not sure what happened small blood marks on scales red ulcers on body fish looks tired breathing faster than normal my fish has,0,Bacterial Red disease
pale gills mucus on gills less aktive than usual only one fish affected,2,Bacterial gill disease
white cotton like growth less active than usual,3,Fungal diseases Saprolegniasis
Fish looks tired after water change,2,Bacterial gill disease
no white spots started recently clear eyes,4,Healthy Fish
my fish has tail rot like whit area white discoloration on tail does not react much filter was off for few hours it happens mostly at night,6,Viral diseases White tail disease
fish showing white spots on body white spots on body not eating properly filter was off for few hours only one fish affected,5,Parasitic diseases
in my aquarium smooth scales no red spots feed was changed recently it happens mostly at night,4,Healthy Fish
HIDING IN CORNER FINS ARE CLAMPED FLUID FILLED BELLY PARASITES ATTACHED TO SKIN FLUID FILLED BELLY STARTED RECENTLY,1,Bacterial diseases - Aeromoniasis
staying at bottom what disease is this in my aquarium weak movement stays near filter outlet pale gils,2,Bacterial gill disease
one fish rubbing body on tank wall visible lice on fish only one fish affected,5,Parasitic diseases
it serious bright body color one fish has...,4,Healthy Fish
i noticed flashing behavior abnormal swimming white cotton like growth started recently...,5,Parasitic diseases
fuzzy white patches fish showing getting worse weak movement pH may be unstable bleeding marks on skin,0,Bacterial Red disease
problem is deep skin ulcers not eating properly water smells bad fungal growth on skin please help,1,Bacterial diseases - Aeromoniasis
weak movement tank has algae,5,Parasitic diseases
in my aquarium scales sticking out color looks dull new fish added recently,1,Bacterial diseases - Aeromoniasis
not sure what happened mold growth on tail for 2 days hiding in corner gils look damaged fluffy fungus near wound,3,Fungal diseases Saprolegniasis
in my aquarium normal breathing sometimes stays still is it serious,4,Healthy Fish
i noticed parasites attached to skin clamped fins not eating properly please help,5,Parasitic diseases
PROBLEM IS WHITE COTTN LIKE GROWTH,3,Fungal diseases Saprolegniasis
Visible lice on fish fish looks tired,5,Parasitic diseases
today i saw small blood marks on scales loss of appetite scraching against rocks other fish look normal,0,Bacterial Red disease
today i saw tail fin becoming pale fish looks tired scratching against rocks it happens mostly at night,6,Viral diseases White tail disease
aktive eating well problem is started recently,4,Healthy Fish
milky wite tail less active than usual,6,Viral diseases White tail disease
not eating properly water is slightly dirty breathing faster than normal please help white hairy patch since yesterday grey white fungus?,3,Fungal diseases Saprolegniasis
Red sores near fins abnormal swimming...?,0,Bacterial Red disease
in my aquarium bloated abdomen tiny salt like dots it happens mostly at night...?,1,Bacterial diseases - Aeromoniasis
since yesterday red sores near fins not eating properly slow swimming it happens mostly at night,0,Bacterial Red disease
not eating properly oxygen level may be low...,0,Bacterial Red disease
i noticed flashing behavior tiny salt like dots sometimes floating near surface red streaks around tail started recently,5,Parasitic diseases
"MY FISH HAS SKIN LOOKS REDDISH, DAMAGED SLOW SWIMMING NOT EATING PROPERLY OXYGEN LEVEL MAY BE LOW FISH LOOKS BLOATED, WEAK GETTING WORSE",0,Bacterial Red disease
tiny salt like dots slow swimming,5,Parasitic diseases
bloated abdomen does not react much ammonia may be high,1,Bacterial diseases - Aeromoniasis
in my aquarium white mold on fins it happens mostly at night?,3,Fungal diseases Saprolegniasis
i noticed brown gill color breathing difficulty slow swimming ammonia may be high is it serious?,2,Bacterial gill disease
problem is brown gill color stays near filter outlet less active than usual fins are clamped not sure what happened,2,Bacterial gill disease
SINCE YESTERDAY RAPID GILL MOVEMENT GILLS LOOK DAMAGED FISH LOOKS TIRED TANK HAS ALGAE,2,Bacterial gill disease
bright body color,4,Healthy Fish
fish looks stressed fish was moved to new tank,2,Bacterial gill disease
one fish has tail rot like white area hiding in corner started recently?,6,Viral diseases White tail disease
since yesterday bloated abdomen dropsy like swelling slow swimming breathing faster than normal please help,1,Bacterial diseases - Aeromoniasis
one fish has gills look damaged breathing faster than normal white patch starting from tail not sure what happened,2,Bacterial gill disease
getting worse rubbing body tank wall fish looks stressed one fish has?,5,Parasitic diseases
normal appetite,4,Healthy Fish
white patch starting from tail loss of appetite it happens mostly at night,6,Viral diseases White tail disease
for 2 days brown gill color fish opens mouth repeatedly loss of appetite visible lice on fish other fish look normal,2,Bacterial gill disease
fish showing deep skin ulcers body ulcers is it serious,1,Bacterial diseases - Aeromoniasis
IN MY AQUARIUM GILLS LOOK DAMAGED FISH LOOKS TIRED WHAT DISEASE IS THIS,2,Bacterial gill disease
Since yesterday fluffy fungus wound white mold on fins water smells bad started recently,3,Fungal diseases Saprolegniasis
for 2 days scales sticking out less active than usual fish looks tired is it serious,1,Bacterial diseases - Aeromoniasis
fish looks stressed fish was moved to new tank,0,Bacterial Red disease
cotton wool growth does not react much,3,Fungal diseases Saprolegniasis
For 2 days popeye not eating properly fish looks tired please help,1,Bacterial diseases - Aeromoniasis
TAIL END LOOKS DEAD TAIL TURNING WHITE IS IT SERIOUS SINCE YESTERDAY,6,Viral diseases White tail disease
my fish has normal breathing no swelling...,4,Healthy Fish
Tail rot like wite area weak movement other fish look normal since yesterday tail tissue damaged,6,Viral diseases White tail disease
breathing faster than normal water smells bad i noticed red sores near fins getting worse fish opens mouth repeatedly stays near filter outlet...,2,Bacterial gill disease
today i saw clamped fins parasites attached to skin staying at bottom pH may be unstable what disease is this?,5,Parasitic diseases
since yesterday scratching against rocks abnormal swimming water is cloudy not sure what happened...,5,Parasitic diseases
color looks dull flashing behavior water is slightly dirty getting worse fish showing,5,Parasitic diseases
for 2 days weak swimming with white tail white discoloration on tail water is cloudy other fish look normal,6,Viral diseases White tail disease
Slow swimming visible lice on fish,5,Parasitic diseases
problem is pale gills gasping at water serface fish looks tired what disease is this,2,Bacterial gill disease
ONE FISH HAS TAIL END LOOKS DEAD SOMETIMES FLOATING NEAR SURFACE BREATHING FASTER THAN NORMAL WATER TEMPERATURE CHANGED ONLY ONE FISH AFFECTED,6,Viral diseases White tail disease
problem is healty fins what disease is this,4,Healthy Fish
problem is gills look damaged abnormal swimming less active than usual other fish look normal,2,Bacterial gill disease
Fungus on body loss of appetite,3,Fungal diseases Saprolegniasis
since yesterday red wounds with swelling swollen belly fish looks stressed tank has algae getting worse,1,Bacterial diseases - Aeromoniasis
water is cloudy getting worse color looks dull my fish has tail end looks dead,6,Viral diseases White tail disease
problem is rubbing body on tank wall clamped fins slow swimming ammonia may be high bloody red spots it happens mostly at night...,5,Parasitic diseases
tail rot like white area tail tissue damaged what disease is this?,6,Viral diseases White tail disease
today i saw gill look damaged swollen gills fish looks tired water temperature changed grey white fungus started recently,2,Bacterial gill disease
abnormal swimming tank was cleaned yesterday not sure what happened tail turning white since yesterday tail rot white area,6,Viral diseases White tail disease
i noticed flashing behavior fish keeps scratching color looks dull staying at bottom deep skin ulcers is it serious...,5,Parasitic diseases
ONE FISH HAS TAIL ROT LIKE WHITE AREA WHITE DISCOLORATION ON TAIL SOMETIMES FLOATING SURFACE BREATHING FASTER THAN NORMAL NEW FISH ADDED RECENTLY GILLS LOOK DAMAGED GETTING WORSE,6,Viral diseases White tail disease
my fish has fuzzy whit patches staying at bottom fins are clamped started recently...,3,Fungal diseases Saprolegniasis
today i saw deep skin ulcers color looks dull sometimes floating near surface feed was changed recently,1,Bacterial diseases - Aeromoniasis
i noticed dropsy like swelling bloated abdomen slow swimming less active than usual,1,Bacterial diseases - Aeromoniasis
For 2 days brown gill color hiding in corner fish looks tired white spots on body other fish look normal,2,Bacterial gill disease
hiding in corner fish was moved to new tank,6,Viral diseases White tail disease
breathing faster than normal ammonia may be high,6,Viral diseases White tail disease
white discoloration on tail getting worse fish looks stressed i noticed does not react much ammonia may be high?,6,Viral diseases White tail disease
in my aquarium red patches on body fins are clamped tail tissue damaged,0,Bacterial Red disease
rapid gill movement swollen belly i noticed...,1,Bacterial diseases - Aeromoniasis
only one fish affected body ulcers staying at bottom breathing difficulty ammonia may be high rapid gill movement in my aquarium,2,Bacterial gill disease
mucus on gill sometimes floating near serface for 2 days brown gill color color looks dull water is slightly dirty please help parasites attached to skin,2,Bacterial gill disease
in my aquarium scales sticking out fish looks bloated and weak less active than usual abnormal swimming ammonia may be high not sure what happened,1,Bacterial diseases - Aeromoniasis
in my aquarium fish keeps scratching parasites attached to skin does not react much white patch starting from teil what disease is this...,5,Parasitic diseases
weak movement oxygen level may be low,2,Bacterial gill disease
fish was moved to new tank color looks dull today i saw slow swimming started recently gasping at water surface breathing difficulty...,2,Bacterial gill disease
today i saw started recently tiny salt like dots fluid filled belly?,1,Bacterial diseases - Aeromoniasis
clear eyes,4,Healthy Fish
one fish has no swelling other fish look normal fish was moved to new tank smooth scales,4,Healthy Fish
tail rot white area weak movement?,6,Viral diseases White tail disease
today i saw fish opens mouth repeatedly rapid gill movement breathing faster than normal getting worse,2,Bacterial gill disease
one fish has gills look damaged mucus on gills color looks dull staying at bottom fish keeps scratching started recently,2,Bacterial gill disease
one fish has gills look damaged mucus on gills fish looks stressed only one fish affected,2,Bacterial gill disease
not eating properly parasites attached to skin,5,Parasitic diseases
for 2 days mold like growth on tail grey white fungis less active than usual loss of appetite white spots on body what disease is this,3,Fungal diseases Saprolegniasis
parasites attached to skin sometimes floating near surface,5,Parasitic diseases
for 2 days fish opens mouth repeatedly weak movement not sure what happened,2,Bacterial gill disease
flashing behavior i noticed staying at bottom weak movement mold like growth on tail,5,Parasitic diseases
mold like growth on tail white cotton like growth getting worse less active than usual one fish has,3,Fungal diseases Saprolegniasis
weak movement water is cloudy,2,Bacterial gill disease
Gasping at water surface gasping at water surface weak movement filter was off for few hours started recently,2,Bacterial gill disease
My fish has pale gills please help?,2,Bacterial gill disease
milky white tail sometimes floating near surface,6,Viral diseases White tail disease
fish showing white discoloration on tail it happens mostly at night?,6,Viral diseases White tail disease
please help weak movement wite tail tip body ulcers problem is fish was moved to new tank...,6,Viral diseases White tail disease
it happens mostly at night tail tissue damaged white taill tip breathing faster than normal one fish has,6,Viral diseases White tail disease
problem gils look damaged other fish look normal,2,Bacterial gill disease
swollen belly fish looks tired,1,Bacterial diseases - Aeromoniasis
does not react much dropsy like swelling,1,Bacterial diseases - Aeromoniasis
problem is healthy fins started recently,4,Healthy Fish
fish showing fish keeps scratching oxygen level may be low started recently,5,Parasitic diseases
since yesterday does not react much after water change white tail tip,6,Viral diseases White tail disease
brown gill color does not react much?,2,Bacterial gill disease
bright body color started recently my fish,4,Healthy Fish
fish looks healthy no swelling problem is,4,Healthy Fish
today i saw active eating well swims fine most of the time what disease is this,4,Healthy Fish
white cotton like growth white mold on fins weak movement stays near filter outlet please help,3,Fungal diseases Saprolegniasis
for 2 days paracites attached to skin rubbing body tank wall sometimes floating near surface other fish look normal,5,Parasitic diseases
in my aquarium parasites attached to skin visible lice on fish slow swimming less activ than usual water smells bad what disease is this,5,Parasitic diseases
FISH LOOKS STRESSED RAPID GILL MOVEMENT,2,Bacterial gill disease
slow swimming oxygen level may be low,6,Viral diseases White tail disease
fluid filled belly hiding in corner...,1,Bacterial diseases - Aeromoniasis
feed was changed recently no visible wounds no white spots since yesterday not sure what happened,4,Healthy Fish
fish showing red wounds with swelling abnormal swimming started recently,1,Bacterial diseases - Aeromoniasis
flashing behavior my fish has please help hiding in corner...,5,Parasitic diseases
for 2 days gasping at water surface fish looks stressed fish looks stressed other fish look normal,2,Bacterial gill disease
in my aquarium mucus on gills fish looks stressed fish was moved to new tank white cotton like growth what disease is this,2,Bacterial gill disease
deep skin ulcers fish looks tired it happens mostly at night fish looks stressed red streaks around teil for 2 days red patches on body?,0,Bacterial Red disease
no breathing issue getting worse healthy fins i noticed,4,Healthy Fish
red wounds with swelling fish looks tired,1,Bacterial diseases - Aeromoniasis
fish showing gasping at water surface stays filter outlet less active than usual feed was changed recently started recently,2,Bacterial gill disease
it happens mostly at night today i saw red patches on body?,0,Bacterial Red disease
MY FISH HAS FISH LOOKS BLOATED AND WEAK POPEYE SOMETIMES FLOATING NEAR SURFACE LESS ACTIVE THAN USUAL WATER IS CLOUDY OTHER FISH LOOK NORMAL,1,Bacterial diseases - Aeromoniasis
I noticed bloody red spots red streaks around tail breathing faster than normal water temperature changed whit patch starting from taill what disease is this,0,Bacterial Red disease
in my aquarium red wounds with swelling abnormal swimming it happens mostly at night,1,Bacterial diseases - Aeromoniasis
please help white patch starting from tail in my aquarium loss of appetite,6,Viral diseases White tail disease
SMOOTH SCALES IN MY AQUARIUM TANK HAS ALGAE EATS A LITTLE SLOW BUT NORMAL IS IT SERIOUS,4,Healthy Fish
in my aquarium breathing difficulty brown gill color blody red spots what disease is this,2,Bacterial gill disease
for 2 days normal breathing no red spots is it serious,4,Healthy Fish
no fungus my fish has started recently normal appetite,4,Healthy Fish
today i saw dropsy like swelling weak movement color looks dull oxygen level may be low please help...,1,Bacterial diseases - Aeromoniasis
slow swimming tail tissue damaged please help wite tail tip,6,Viral diseases White tail disease
"swims fine most of the time please help one fish active, eating well...",4,Healthy Fish
FOR 2 DAYS TINY SALT LIKE DOTS FLASHING BEHAVIOR STAYING AT BOTTOM NOT EATING PROPERLY ONLY ONE FISH AFFECTED,5,Parasitic diseases
one fish has inflamed red areas staying at bottom less active than usual ammonia may be high deep skin ulcers only one fish affected,0,Bacterial Red disease
it serious since yesterday slow swimming parasites attached to skin,5,Parasitic diseases
Today i saw white cotton like growth less active than usual tank has algae please help,3,Fungal diseases Saprolegniasis
Parasites attached to skin fins are clamped,5,Parasitic diseases
SKIN LOOKS REDDISH DAMAGED SLOW SWIMMING,0,Bacterial Red disease
problem is breathing difficulty fish opens mouth repeatedly fish looks tired feed was changed recently getting worse,2,Bacterial gill disease
one fish has getting worse normal appetite,4,Healthy Fish
other fish look normal since yesterday fins are clamped fungus on body less active than usual?,3,Fungal diseases Saprolegniasis
normal appetite started recently,4,Healthy Fish
small blood marks scales sometimes floating near surface,0,Bacterial Red disease
my fish has weak swimming with white tail milky white tail color looks dull color looks dull it happens mostly at night...,6,Viral diseases White tail disease
problem is mold like growth on tail tail fin becoming pale it serious...?,3,Fungal diseases Saprolegniasis
Weak movement tail rot white area what disease is this in my aquarium staying at bottom red wounds on belly red patches on body,0,Bacterial Red disease
inflamed red areas does not react much,0,Bacterial Red disease
fish looks stressed for 2 days tail rot like white area,6,Viral diseases White tail disease
fish showing does not react much pale gills swolen belly fish looks stressed other fish look normal,1,Bacterial diseases - Aeromoniasis
COLOR LOOKS DULL FEED WAS CHANGED RECENTLY,1,Bacterial diseases - Aeromoniasis
fish showing red wounds on belly,0,Bacterial Red disease
today i saw popeye popeye weak movement tank has algae getting worse,1,Bacterial diseases - Aeromoniasis
my fish has stays near filter outlet less active than usual fish was moved to new tank body ulcerss getting worse,2,Bacterial gill disease
one fish has white discoloration on tail breathing faster than normal pH may be unstable fluffy fungus near wound it happens mostly at night,6,Viral diseases White tail disease
for 2 days visible lice on fish scratching against rocks does not react much after water change it happens mostly at night,5,Parasitic diseases
IN MY AQUARIUM DEEP SKIN ULCERS FISH LOOKS STRESSED WITE MOLD ON FINS STARTED RECENTLY,1,Bacterial diseases - Aeromoniasis
fungal growth on skin loss of appetite,3,Fungal diseases Saprolegniasis
i noticed bloody red spots red wounds on belly weak movement water smells bad is it serious,0,Bacterial Red disease
fish looks stressed water smells bad...,2,Bacterial gill disease
tail tissue damaged problem is only one fish affected sometimes floating near surface oxygen level may be low,6,Viral diseases White tail disease
FISH SHOWING NORMAL BREATHING OTHER FISH LOOK NORMAL,4,Healthy Fish
one fish has fish keeps scraching parasites attached to skin stays near filter outlet what disease is this...,5,Parasitic diseases
fish showing fish looks bloated and weak not eating properly water temperature changed cotton wool growth only one fish affected,1,Bacterial diseases - Aeromoniasis
skin irritation weak movement,5,Parasitic diseases
Problem is white discoloration on tail it happens mostly at night,6,Viral diseases White tail disease
not sure what happened slow swimming i noticed brown gill color,2,Bacterial gill disease
fish looks stressed wite hairy patch color looks dull fish showing it happens mostly at night grey white fungus skin looks reddish and damaged?,3,Fungal diseases Saprolegniasis
tank has algae white spots on body other fish look normal clamped fins i noticed,5,Parasitic diseases
Problem is red wounds on belly red sores near fins breathing faster than normal hiding in corner water smells bad only one fish affected?,0,Bacterial Red disease
tail end looks dead less active than usual,6,Viral diseases White tail disease
red wounds with swelling staying at bottom,1,Bacterial diseases - Aeromoniasis
is it serious smooth scales one fish has,4,Healthy Fish
mucus on gills breathing faster than normal loss of appitite filter was off for few hours bloody red spots,2,Bacterial gill disease
Swollen belly started recently ph may be unstable mucus on gills in my aquarium,2,Bacterial gill disease
one fish has fish looks healthy ammonia may be high getting worse?,4,Healthy Fish
my fish has normal appetite other fish look normal?,4,Healthy Fish
mold like growth on tail fish looks stressed,3,Fungal diseases Saprolegniasis
does not react much today i saw skin looks reddish and damaged pH may be unstable not sure what happened,0,Bacterial Red disease
it happens mostly at night pH may be unstable tiny salt like dots weak movement fungus on body since yesterday,3,Fungal diseases Saprolegniasis
started recently hiding in corner fungus on body i noticed,3,Fungal diseases Saprolegniasis
problem is red wounds with swelling it happens mostly at night,1,Bacterial diseases - Aeromoniasis
problem is healthy fins only one fish affected,4,Healthy Fish
fish looks healthy?,4,Healthy Fish
fish looks bloated and weak less activ than usual,1,Bacterial diseases - Aeromoniasis
i noticed loss of appetite milky white teil pale gills,6,Viral diseases White tail disease
one fish has white spots body weak movement fins are clamped tank was cleaned yesterday getting worse,5,Parasitic diseases
visible lice on fish fish looks tired,5,Parasitic diseases
MY FISH HAS PALE GILLS STAYS NEAR FILTER OUTLET FINS ARE CLAMPED DOES NOT REACT MUCH OTHER FISH LOOK NORMAL,2,Bacterial gill disease
my fish has swollen gills swollen gills feed was changed recently started recently,2,Bacterial gill disease
HIDING IN CORNER TANK HAS ALGAE,3,Fungal diseases Saprolegniasis
flashing behavior hiding in corner,5,Parasitic diseases
"ACTIVE, EATING WELL IS IT SERIOUS FISH SHOWING",4,Healthy Fish
sometimes floating near surface getting worse bleeding marks on skin problem is red sores fins fluffy fungus near wound slow swimming,0,Bacterial Red disease
staying at bottom rubbing body on tank wall white cotton like growth what disease is this in my aquarium water is slightly dirty,3,Fungal diseases Saprolegniasis
only one fish affected fish looks tired one fish has popeye,1,Bacterial diseases - Aeromoniasis
clear eyes please help,4,Healthy Fish
not sure what happened mold like growth on tail for 2 days sometimes floating near surface white hairy patch?,3,Fungal diseases Saprolegniasis
"IN MY AQUARIUM ACTIVE, EATING WELL NO RED SPOTS WHAT DIESASE IS THIS",4,Healthy Fish
dropsy like swelling not eating properly swoleen belly is it serious breathing faster than normal swolen gills since yesterday,1,Bacterial diseases - Aeromoniasis
red streaks around tail sometimes floating near serface,0,Bacterial Red disease
fish showing fish swimming normally is it serious,4,Healthy Fish
today i saw tail turning white slow swimming started recently,6,Viral diseases White tail disease
fish looks tired flashing behavior in my aquarium it happens mostly at night water smells bad,5,Parasitic diseases
Since yesterday deep skin ulcers fluid filled belly hiding in corner new fish added recently it happens mostly at night,1,Bacterial diseases - Aeromoniasis
no visible wounds only one fish affected my fish has?,4,Healthy Fish
my fish fuzzy white patches fungal growth on skin not eating properly staying at bottom ammonia may be high other fish look normal,3,Fungal diseases Saprolegniasis
Only one fish affected water temperature changed visible lice on fish fish looks bloated and weak fish showing color looks dull,1,Bacterial diseases - Aeromoniasis
i noticed gasping at water surface fish opens mouth repeatedly less active than usual hiding in corner tank has algae milky white tail only one fish affected,2,Bacterial gill disease
red patches on body one fish has it happens mostly at night abnormal swimming,0,Bacterial Red disease
since yesterday smooth scales no breathing issue getting worse,4,Healthy Fish
fish showing visible lice on fish water smells bad what disease is this,5,Parasitic diseases
clamped fins not eating properly,5,Parasitic diseases
inflamed red areas loss of appetite other fish look normal my fish has,0,Bacterial Red disease
since yesterday rubbing body on tank wall weak movement does not react much what disease is this,5,Parasitic diseases
One fish has weak swimming with white tail,6,Viral diseases White tail disease
visible lice on fish swollen belly problem is oxygen level may be low started recently scales sticking out fins are clamped,1,Bacterial diseases - Aeromoniasis
